Year,Municipality,Origin_Country,Age_Group,Employment_Sector,Count,Lat,Lon
2018,Aller,Rumanía,18-25,Services,1,43.147798808162605,-5.644884547313431
2018,Aller,Rumanía,18-25,Agriculture,1,43.16564650880799,-5.662916790178314
2018,Aller,Rumanía,18-25,Construction,1,43.148815516348186,-5.650385512008005
2018,Aller,Rumanía,18-25,Industry,1,43.14280901998943,-5.633473821846487
2018,Aller,Rumanía,18-25,Unemployed/Seeking,1,43.14045938799049,-5.639504034805948
2018,Aller,Rumanía,26-35,Services,1,43.13596458049765,-5.6630313776172025
2018,Aller,Rumanía,26-35,Agriculture,2,43.16519806670763,-5.633105544860058
2018,Aller,Rumanía,26-35,Construction,2,43.13298572273057,-5.633652027332976
2018,Aller,Rumanía,26-35,Industry,2,43.152695120930126,-5.6693922901180365
2018,Aller,Rumanía,26-35,Unemployed/Seeking,2,43.1500536637457,-5.635633229436619
2018,Aller,Rumanía,36-50,Services,1,43.133455172478335,-5.646062771147732
2018,Aller,Rumanía,36-50,Agriculture,1,43.139704469255356,-5.655763111117355
2018,Aller,Rumanía,36-50,Construction,1,43.14184033773078,-5.663787535975505
2018,Aller,Rumanía,36-50,Industry,1,43.16272475490974,-5.641062091435862
2018,Aller,Rumanía,36-50,Unemployed/Seeking,1,43.16518912394438,-5.636932130351463
2018,Aller,Rumanía,51-65,Services,1,43.15607540576525,-5.6478191986483175
2018,Aller,Rumanía,51-65,Agriculture,1,43.149515064266076,-5.640703614148754
2018,Aller,Rumanía,51-65,Construction,1,43.16967326520408,-5.633762304960186
2018,Aller,Rumanía,51-65,Industry,1,43.167406606200636,-5.645943894830413
2018,Aller,Rumanía,51-65,Unemployed/Seeking,1,43.1631261994958,-5.640428095018432
2018,Aller,Rumanía,65+,Services,1,43.13459908742482,-5.662571375528251
2018,Aller,Rumanía,65+,Agriculture,1,43.14747080084759,-5.649930733978622
2018,Aller,Rumanía,65+,Construction,2,43.13405270315562,-5.659206406297826
2018,Aller,Rumanía,65+,Industry,1,43.14154642479431,-5.663450285757216
2018,Aller,Rumanía,65+,Unemployed/Seeking,1,43.14124425094267,-5.650269341747938
2018,Aller,Marruecos,18-25,Services,1,43.158793822072546,-5.667144331630552
2018,Aller,Marruecos,18-25,Agriculture,1,43.155036796129465,-5.669714730701808
2018,Aller,Marruecos,18-25,Construction,1,43.13628895949711,-5.668976967482649
2018,Aller,Marruecos,18-25,Industry,1,43.130809292805075,-5.667409074133925
2018,Aller,Marruecos,18-25,Unemployed/Seeking,1,43.15746791321557,-5.632502376124475
2018,Aller,Marruecos,26-35,Services,1,43.131535364156484,-5.65082768884693
2018,Aller,Marruecos,26-35,Agriculture,1,43.14419326781232,-5.661049948455821
2018,Aller,Marruecos,26-35,Construction,1,43.13375378736133,-5.6410012350182885
2018,Aller,Marruecos,26-35,Industry,1,43.156222328156225,-5.631962209938192
2018,Aller,Marruecos,26-35,Unemployed/Seeking,1,43.15982263444597,-5.6667074880003785
2018,Aller,Marruecos,36-50,Services,1,43.145143150485794,-5.640142709468887
2018,Aller,Marruecos,36-50,Agriculture,1,43.16003181247404,-5.646637444889391
2018,Aller,Marruecos,36-50,Construction,2,43.1302370127675,-5.658294233453381
2018,Aller,Marruecos,36-50,Industry,1,43.13364811333873,-5.648640259257343
2018,Aller,Marruecos,36-50,Unemployed/Seeking,1,43.15788843622722,-5.665971343222499
2018,Aller,Marruecos,51-65,Services,1,43.162946833547785,-5.647172836048023
2018,Aller,Marruecos,51-65,Agriculture,1,43.1300526161142,-5.660119556487775
2018,Aller,Marruecos,51-65,Construction,1,43.14827157835411,-5.6533049372910655
2018,Aller,Marruecos,51-65,Industry,1,43.15186656348714,-5.65362810431451
2018,Aller,Marruecos,51-65,Unemployed/Seeking,1,43.14553689082437,-5.669907297332897
2018,Aller,Marruecos,65+,Services,1,43.15784666133698,-5.648088685408152
2018,Aller,Marruecos,65+,Agriculture,1,43.132452176914086,-5.631800264467219
2018,Aller,Marruecos,65+,Construction,1,43.151912000149636,-5.66519049510062
2018,Aller,Marruecos,65+,Industry,1,43.1615141459344,-5.661634779020006
2018,Aller,Marruecos,65+,Unemployed/Seeking,1,43.14626493723847,-5.631585285853345
2018,Aller,Colombia,18-25,Services,1,43.16840340145976,-5.666038359200609
2018,Aller,Colombia,18-25,Agriculture,1,43.149828595015535,-5.645839713985529
2018,Aller,Colombia,18-25,Construction,1,43.13605547353241,-5.65382925600486
2018,Aller,Colombia,18-25,Industry,1,43.14686866813948,-5.648567948339816
2018,Aller,Colombia,18-25,Unemployed/Seeking,1,43.15449698471731,-5.630296964054824
2018,Aller,Colombia,26-35,Services,1,43.149840513629954,-5.64167825171806
2018,Aller,Colombia,26-35,Agriculture,1,43.166218241559925,-5.637178044185104
2018,Aller,Colombia,26-35,Construction,1,43.13485345928722,-5.63365197839438
2018,Aller,Colombia,26-35,Industry,1,43.143752017717595,-5.638821116083819
2018,Aller,Colombia,26-35,Unemployed/Seeking,1,43.14940346723118,-5.640839353916966
2018,Aller,Colombia,36-50,Services,2,43.15489771760942,-5.637077149129939
2018,Aller,Colombia,36-50,Agriculture,1,43.132949802430126,-5.667900944195949
2018,Aller,Colombia,36-50,Construction,1,43.1613855576296,-5.6572292670076605
2018,Aller,Colombia,36-50,Industry,1,43.131134158346185,-5.641778218519954
2018,Aller,Colombia,36-50,Unemployed/Seeking,1,43.15261527206357,-5.659386564146531
2018,Aller,Colombia,51-65,Services,1,43.13559678957404,-5.651818540333411
2018,Aller,Colombia,51-65,Agriculture,1,43.160398989581445,-5.6513503509324226
2018,Aller,Colombia,51-65,Construction,1,43.14188818213682,-5.635421649189088
2018,Aller,Colombia,51-65,Industry,1,43.14192163056908,-5.654508935306008
2018,Aller,Colombia,51-65,Unemployed/Seeking,1,43.130895495273656,-5.652302508032971
2018,Aller,Colombia,65+,Services,1,43.142013655476575,-5.640007985279888
2018,Aller,Colombia,65+,Agriculture,1,43.16769983344726,-5.6319196645368255
2018,Aller,Colombia,65+,Construction,1,43.13851007205053,-5.645318789161918
2018,Aller,Colombia,65+,Industry,1,43.157613531282806,-5.648544295233185
2018,Aller,Colombia,65+,Unemployed/Seeking,1,43.15202418752773,-5.652110999153017
2018,Aller,Venezuela,18-25,Services,1,43.13468534259935,-5.638331018623699
2018,Aller,Venezuela,18-25,Agriculture,1,43.13258493204611,-5.638443061018696
2018,Aller,Venezuela,18-25,Construction,1,43.140499935153485,-5.648841507416277
2018,Aller,Venezuela,18-25,Industry,1,43.13854122148721,-5.6435316282297725
2018,Aller,Venezuela,18-25,Unemployed/Seeking,1,43.14021046809122,-5.659790279356666
2018,Aller,Venezuela,26-35,Services,1,43.13713834304623,-5.653597431819032
2018,Aller,Venezuela,26-35,Agriculture,1,43.15072952537124,-5.650835987372341
2018,Aller,Venezuela,26-35,Construction,1,43.13685640465076,-5.645709681876568
2018,Aller,Venezuela,26-35,Industry,1,43.142981351992724,-5.643088796437466
2018,Aller,Venezuela,26-35,Unemployed/Seeking,2,43.15059522342075,-5.650757739509021
2018,Aller,Venezuela,36-50,Services,2,43.140298492565556,-5.648779343891846
2018,Aller,Venezuela,36-50,Agriculture,1,43.13033473649598,-5.661461462628809
2018,Aller,Venezuela,36-50,Construction,2,43.130327062396944,-5.66248576137911
2018,Aller,Venezuela,36-50,Industry,1,43.13758349291748,-5.638503439607008
2018,Aller,Venezuela,36-50,Unemployed/Seeking,1,43.16303857702379,-5.666296735432482
2018,Aller,Venezuela,51-65,Services,1,43.147503236446774,-5.66656922786224
2018,Aller,Venezuela,51-65,Agriculture,1,43.15836431613437,-5.658717311619123
2018,Aller,Venezuela,51-65,Construction,1,43.15078295872753,-5.66962881539173
2018,Aller,Venezuela,51-65,Industry,1,43.15121383396932,-5.66025292839319
2018,Aller,Venezuela,51-65,Unemployed/Seeking,1,43.13430701138881,-5.635721345573339
2018,Aller,Venezuela,65+,Services,1,43.152216207688085,-5.665541732002064
2018,Aller,Venezuela,65+,Agriculture,1,43.1478738563581,-5.636838175340529
2018,Aller,Venezuela,65+,Construction,1,43.14946750804804,-5.650611908478353
2018,Aller,Venezuela,65+,Industry,1,43.16316989889006,-5.642579649607247
2018,Aller,Venezuela,65+,Unemployed/Seeking,1,43.13470194132904,-5.669175349406346
2018,Aller,Resto de España,18-25,Services,1,43.153663589775,-5.665223269530267
2018,Aller,Resto de España,18-25,Agriculture,1,43.14359630063824,-5.646693799673729
2018,Aller,Resto de España,18-25,Construction,1,43.166246206751396,-5.6326878689014634
2018,Aller,Resto de España,18-25,Industry,1,43.13951451169597,-5.646226551293291
2018,Aller,Resto de España,18-25,Unemployed/Seeking,1,43.16364251437455,-5.653380948189492
2018,Aller,Resto de España,26-35,Services,1,43.16538653971109,-5.638594548478266
2018,Aller,Resto de España,26-35,Agriculture,1,43.162156274387144,-5.65937855118642
2018,Aller,Resto de España,26-35,Construction,1,43.149856662009874,-5.661003233605743
2018,Aller,Resto de España,26-35,Industry,1,43.137793713039166,-5.661606001718992
2018,Aller,Resto de España,26-35,Unemployed/Seeking,1,43.13612466085466,-5.642018501967213
2018,Aller,Resto de España,36-50,Services,1,43.15732822839062,-5.64561604868554
2018,Aller,Resto de España,36-50,Agriculture,1,43.13230279657478,-5.632281339852127
2018,Aller,Resto de España,36-50,Construction,1,43.16729070617197,-5.647978962983077
2018,Aller,Resto de España,36-50,Industry,1,43.168779771126886,-5.662507378335503
2018,Aller,Resto de España,36-50,Unemployed/Seeking,2,43.146915567071524,-5.653276549603724
2018,Aller,Resto de España,51-65,Services,1,43.16746673785209,-5.656836402527205
2018,Aller,Resto de España,51-65,Agriculture,1,43.14223579954677,-5.647970596929324
2018,Aller,Resto de España,51-65,Construction,1,43.15417929630386,-5.653320709374806
2018,Aller,Resto de España,51-65,Industry,1,43.15063629812208,-5.667096604029842
2018,Aller,Resto de España,51-65,Unemployed/Seeking,1,43.1401229990286,-5.650745410081388
2018,Aller,Resto de España,65+,Services,1,43.137314637700385,-5.644812807725921
2018,Aller,Resto de España,65+,Agriculture,1,43.14940058836451,-5.645763934486864
2018,Aller,Resto de España,65+,Construction,1,43.16179756703846,-5.666282852072315
2018,Aller,Resto de España,65+,Industry,1,43.16975432666713,-5.662026231379463
2018,Aller,Resto de España,65+,Unemployed/Seeking,1,43.16736251653016,-5.645424399165003
2018,Aller,Otros,18-25,Services,1,43.1300410322021,-5.632262749805674
2018,Aller,Otros,18-25,Agriculture,1,43.15715710047025,-5.647862220981244
2018,Aller,Otros,18-25,Construction,1,43.150250011068835,-5.649879691770336
2018,Aller,Otros,18-25,Industry,1,43.15278878263338,-5.655902410226119
2018,Aller,Otros,18-25,Unemployed/Seeking,1,43.14341014089016,-5.667186813129828
2018,Aller,Otros,26-35,Services,2,43.15359788949267,-5.665467956808531
2018,Aller,Otros,26-35,Agriculture,1,43.1584200499636,-5.631883746908041
2018,Aller,Otros,26-35,Construction,1,43.15619568536466,-5.648468274215283
2018,Aller,Otros,26-35,Industry,1,43.15334085184708,-5.660695570245446
2018,Aller,Otros,26-35,Unemployed/Seeking,1,43.1477257850402,-5.631461239672533
2018,Aller,Otros,36-50,Services,1,43.15644151237669,-5.668303019684432
2018,Aller,Otros,36-50,Agriculture,1,43.1455233611884,-5.669466271480095
2018,Aller,Otros,36-50,Construction,1,43.16056800053997,-5.663540843971144
2018,Aller,Otros,36-50,Industry,1,43.15113474724047,-5.643012976523776
2018,Aller,Otros,36-50,Unemployed/Seeking,1,43.13544691275869,-5.651789716503692
2018,Aller,Otros,51-65,Services,1,43.16909494651994,-5.663004875680722
2018,Aller,Otros,51-65,Agriculture,1,43.167503522559514,-5.643358210391693
2018,Aller,Otros,51-65,Construction,1,43.14607643377708,-5.656634986349718
2018,Aller,Otros,51-65,Industry,1,43.13550556943047,-5.631977080317197
2018,Aller,Otros,51-65,Unemployed/Seeking,1,43.152873289143564,-5.638848866301703
2018,Aller,Otros,65+,Services,1,43.13400693664722,-5.638419210329966
2018,Aller,Otros,65+,Agriculture,1,43.14477928416988,-5.647548503086381
2018,Aller,Otros,65+,Construction,1,43.145049044704606,-5.6356647292440885
2018,Aller,Otros,65+,Industry,1,43.130673478038446,-5.635621469514087
2018,Aller,Otros,65+,Unemployed/Seeking,1,43.13790012938897,-5.66529565002878
2018,Mieres,Rumanía,18-25,Services,3,43.26534627604808,-5.776877386065165
2018,Mieres,Rumanía,18-25,Agriculture,6,43.251977882127704,-5.782821407031402
2018,Mieres,Rumanía,18-25,Construction,3,43.26590373528989,-5.754594606404188
2018,Mieres,Rumanía,18-25,Industry,5,43.24237871373736,-5.7757364354257446
2018,Mieres,Rumanía,18-25,Unemployed/Seeking,3,43.23629495853644,-5.765559370030778
2018,Mieres,Rumanía,26-35,Services,4,43.25085739800023,-5.780182722447497
2018,Mieres,Rumanía,26-35,Agriculture,10,43.25275048307372,-5.7583353948347655
2018,Mieres,Rumanía,26-35,Construction,3,43.24678883039905,-5.770449170967418
2018,Mieres,Rumanía,26-35,Industry,3,43.250944046465925,-5.767880539229855
2018,Mieres,Rumanía,26-35,Unemployed/Seeking,5,43.266042621071584,-5.789254573496956
2018,Mieres,Rumanía,36-50,Services,3,43.25080059107483,-5.756473140754993
2018,Mieres,Rumanía,36-50,Agriculture,6,43.244207735146325,-5.7886044593348585
2018,Mieres,Rumanía,36-50,Construction,6,43.24386479290223,-5.780471504167651
2018,Mieres,Rumanía,36-50,Industry,3,43.24292721390145,-5.78379466103631
2018,Mieres,Rumanía,36-50,Unemployed/Seeking,7,43.27047300211388,-5.767072798414591
2018,Mieres,Rumanía,51-65,Services,2,43.231053951127095,-5.764410400023051
2018,Mieres,Rumanía,51-65,Agriculture,6,43.26259826427694,-5.78187211779255
2018,Mieres,Rumanía,51-65,Construction,4,43.23127169410744,-5.759028676698541
2018,Mieres,Rumanía,51-65,Industry,2,43.26096425092546,-5.768617097425427
2018,Mieres,Rumanía,51-65,Unemployed/Seeking,4,43.23539713397233,-5.77598270634842
2018,Mieres,Rumanía,65+,Services,5,43.24522995917558,-5.759147514963943
2018,Mieres,Rumanía,65+,Agriculture,6,43.26440672242311,-5.788882942260631
2018,Mieres,Rumanía,65+,Construction,4,43.248817112528016,-5.758761173222357
2018,Mieres,Rumanía,65+,Industry,2,43.266881043288784,-5.789132430792287
2018,Mieres,Rumanía,65+,Unemployed/Seeking,4,43.26885165520313,-5.754879496849929
2018,Mieres,Marruecos,18-25,Services,5,43.26671899150107,-5.758270763268777
2018,Mieres,Marruecos,18-25,Agriculture,6,43.236747496987526,-5.77792666595522
2018,Mieres,Marruecos,18-25,Construction,3,43.24109871784808,-5.784332515776676
2018,Mieres,Marruecos,18-25,Industry,4,43.24439000633277,-5.780123199079879
2018,Mieres,Marruecos,18-25,Unemployed/Seeking,5,43.23105441193122,-5.762847912587607
2018,Mieres,Marruecos,26-35,Services,8,43.2690137582145,-5.755925237802754
2018,Mieres,Marruecos,26-35,Agriculture,4,43.268323442843595,-5.787554554168054
2018,Mieres,Marruecos,26-35,Construction,4,43.253970056399766,-5.77332969353741
2018,Mieres,Marruecos,26-35,Industry,3,43.24352263346666,-5.793982142512689
2018,Mieres,Marruecos,26-35,Unemployed/Seeking,8,43.251571304282834,-5.789349874761089
2018,Mieres,Marruecos,36-50,Services,4,43.26889859288972,-5.786636346382573
2018,Mieres,Marruecos,36-50,Agriculture,4,43.251624252905025,-5.781153912623391
2018,Mieres,Marruecos,36-50,Construction,6,43.25348981156214,-5.789187243235527
2018,Mieres,Marruecos,36-50,Industry,5,43.24038915930791,-5.754833233707618
2018,Mieres,Marruecos,36-50,Unemployed/Seeking,7,43.231724682901806,-5.770432919471501
2018,Mieres,Marruecos,51-65,Services,5,43.2312224685506,-5.794019749219441
2018,Mieres,Marruecos,51-65,Agriculture,2,43.248445527012876,-5.78618150376524
2018,Mieres,Marruecos,51-65,Construction,2,43.253387453440865,-5.781656530456175
2018,Mieres,Marruecos,51-65,Industry,5,43.243951475422286,-5.766600459470777
2018,Mieres,Marruecos,51-65,Unemployed/Seeking,2,43.258799957753865,-5.789588059631033
2018,Mieres,Marruecos,65+,Services,4,43.23089648834904,-5.758021305268086
2018,Mieres,Marruecos,65+,Agriculture,6,43.25015703165339,-5.783815313003374
2018,Mieres,Marruecos,65+,Construction,3,43.26705515544113,-5.788808441496876
2018,Mieres,Marruecos,65+,Industry,4,43.26792294620518,-5.778895013709924
2018,Mieres,Marruecos,65+,Unemployed/Seeking,2,43.261583609233675,-5.784137381747384
2018,Mieres,Colombia,18-25,Services,4,43.26914436385744,-5.768297635470727
2018,Mieres,Colombia,18-25,Agriculture,4,43.251048317596236,-5.760975720119283
2018,Mieres,Colombia,18-25,Construction,5,43.25041428632909,-5.791074989745278
2018,Mieres,Colombia,18-25,Industry,4,43.23158254017138,-5.7733848001862915
2018,Mieres,Colombia,18-25,Unemployed/Seeking,6,43.2533149391653,-5.754490226565068
2018,Mieres,Colombia,26-35,Services,5,43.263475774809756,-5.791921737916314
2018,Mieres,Colombia,26-35,Agriculture,7,43.242864117844874,-5.7600365962878834
2018,Mieres,Colombia,26-35,Construction,3,43.235439676259226,-5.782234304604649
2018,Mieres,Colombia,26-35,Industry,4,43.26305098550615,-5.774815296342175
2018,Mieres,Colombia,26-35,Unemployed/Seeking,4,43.265785458189576,-5.782260531063061
2018,Mieres,Colombia,36-50,Services,9,43.265266259022475,-5.755851287943064
2018,Mieres,Colombia,36-50,Agriculture,7,43.25451822802088,-5.78108628793321
2018,Mieres,Colombia,36-50,Construction,3,43.25350835530698,-5.760696645053464
2018,Mieres,Colombia,36-50,Industry,5,43.23269874128072,-5.772446558674773
2018,Mieres,Colombia,36-50,Unemployed/Seeking,5,43.2467637443972,-5.785095587483213
2018,Mieres,Colombia,51-65,Services,7,43.23395764135795,-5.7848416187282
2018,Mieres,Colombia,51-65,Agriculture,6,43.25732497281925,-5.761573806627094
2018,Mieres,Colombia,51-65,Construction,6,43.25813697599303,-5.778664597088462
2018,Mieres,Colombia,51-65,Industry,2,43.25364854373954,-5.789714657257399
2018,Mieres,Colombia,51-65,Unemployed/Seeking,6,43.23900603344837,-5.754987961477012
2018,Mieres,Colombia,65+,Services,3,43.237411748802245,-5.759219797112857
2018,Mieres,Colombia,65+,Agriculture,4,43.24322417103587,-5.763578591507346
2018,Mieres,Colombia,65+,Construction,4,43.24166078892641,-5.766699905375984
2018,Mieres,Colombia,65+,Industry,2,43.26040990010454,-5.781258127306876
2018,Mieres,Colombia,65+,Unemployed/Seeking,3,43.26632193780884,-5.7888000222856055
2018,Mieres,Venezuela,18-25,Services,6,43.2305515200201,-5.789677397435488
2018,Mieres,Venezuela,18-25,Agriculture,2,43.24773707226052,-5.763931275533768
2018,Mieres,Venezuela,18-25,Construction,2,43.26135474596986,-5.755190090206911
2018,Mieres,Venezuela,18-25,Industry,3,43.254554430116016,-5.780041697263318
2018,Mieres,Venezuela,18-25,Unemployed/Seeking,3,43.25560171746516,-5.761608652202264
2018,Mieres,Venezuela,26-35,Services,8,43.26705650559896,-5.767080631687946
2018,Mieres,Venezuela,26-35,Agriculture,5,43.23961380138111,-5.756036639227309
2018,Mieres,Venezuela,26-35,Construction,4,43.24431414510569,-5.755367945137496
2018,Mieres,Venezuela,26-35,Industry,5,43.248953216501576,-5.770203056587605
2018,Mieres,Venezuela,26-35,Unemployed/Seeking,5,43.23747966070422,-5.774481279303333
2018,Mieres,Venezuela,36-50,Services,9,43.235283810099105,-5.781766688815339
2018,Mieres,Venezuela,36-50,Agriculture,2,43.23990139512936,-5.766144589573483
2018,Mieres,Venezuela,36-50,Construction,3,43.25222470882391,-5.7790747389023265
2018,Mieres,Venezuela,36-50,Industry,2,43.25949405515014,-5.775761398772547
2018,Mieres,Venezuela,36-50,Unemployed/Seeking,4,43.250887353975706,-5.781060079931369
2018,Mieres,Venezuela,51-65,Services,2,43.242396869310994,-5.786291137718869
2018,Mieres,Venezuela,51-65,Agriculture,3,43.231259194995765,-5.780869394461449
2018,Mieres,Venezuela,51-65,Construction,6,43.249321526596596,-5.781032460408678
2018,Mieres,Venezuela,51-65,Industry,4,43.269527482218734,-5.777581106046024
2018,Mieres,Venezuela,51-65,Unemployed/Seeking,4,43.2671651270384,-5.774948945957355
2018,Mieres,Venezuela,65+,Services,6,43.26950801478278,-5.768492306135386
2018,Mieres,Venezuela,65+,Agriculture,5,43.24387025363737,-5.78183166680045
2018,Mieres,Venezuela,65+,Construction,6,43.23488271456547,-5.776263255257118
2018,Mieres,Venezuela,65+,Industry,3,43.26666430530172,-5.769608092984085
2018,Mieres,Venezuela,65+,Unemployed/Seeking,2,43.24508602877012,-5.776164062336797
2018,Mieres,Resto de España,18-25,Services,4,43.25583316682918,-5.763379087385525
2018,Mieres,Resto de España,18-25,Agriculture,4,43.23737641836775,-5.760333493418473
2018,Mieres,Resto de España,18-25,Construction,2,43.239330648977614,-5.7581362723821
2018,Mieres,Resto de España,18-25,Industry,3,43.25173596931685,-5.7793024040808865
2018,Mieres,Resto de España,18-25,Unemployed/Seeking,5,43.260879903303845,-5.767372050505234
2018,Mieres,Resto de España,26-35,Services,5,43.232402703119554,-5.776302268756455
2018,Mieres,Resto de España,26-35,Agriculture,5,43.23490403117845,-5.780504637263582
2018,Mieres,Resto de España,26-35,Construction,3,43.23914972837934,-5.7927574251286575
2018,Mieres,Resto de España,26-35,Industry,5,43.243283156170136,-5.770361592366583
2018,Mieres,Resto de España,26-35,Unemployed/Seeking,6,43.252259707659526,-5.7718919165976645
2018,Mieres,Resto de España,36-50,Services,6,43.263492001063526,-5.7894876236483395
2018,Mieres,Resto de España,36-50,Agriculture,6,43.26932334648587,-5.790756364280302
2018,Mieres,Resto de España,36-50,Construction,5,43.26677864095015,-5.773344132067314
2018,Mieres,Resto de España,36-50,Industry,7,43.236465348030855,-5.765331332842202
2018,Mieres,Resto de España,36-50,Unemployed/Seeking,4,43.26325197043428,-5.786746037992283
2018,Mieres,Resto de España,51-65,Services,4,43.23477693661744,-5.788289235030341
2018,Mieres,Resto de España,51-65,Agriculture,6,43.24438454185046,-5.786592705543956
2018,Mieres,Resto de España,51-65,Construction,5,43.23383514604573,-5.785643061474452
2018,Mieres,Resto de España,51-65,Industry,5,43.23209696397685,-5.783234611457258
2018,Mieres,Resto de España,51-65,Unemployed/Seeking,6,43.25569586856361,-5.786761182365599
2018,Mieres,Resto de España,65+,Services,2,43.26121123181528,-5.757876568980994
2018,Mieres,Resto de España,65+,Agriculture,5,43.24415584054539,-5.770638800069366
2018,Mieres,Resto de España,65+,Construction,4,43.2543441072102,-5.779468356367964
2018,Mieres,Resto de España,65+,Industry,2,43.26255383387444,-5.777427324722715
2018,Mieres,Resto de España,65+,Unemployed/Seeking,4,43.26932783422082,-5.778137298238146
2018,Mieres,Otros,18-25,Services,5,43.254945014289525,-5.755766490921119
2018,Mieres,Otros,18-25,Agriculture,5,43.25820652548844,-5.79092184575801
2018,Mieres,Otros,18-25,Construction,5,43.24620767245587,-5.775623790094539
2018,Mieres,Otros,18-25,Industry,6,43.241594561110134,-5.769051582065886
2018,Mieres,Otros,18-25,Unemployed/Seeking,4,43.26944003119375,-5.767697377790832
2018,Mieres,Otros,26-35,Services,3,43.25070707153613,-5.773280465161717
2018,Mieres,Otros,26-35,Agriculture,3,43.23218622068567,-5.78401003880423
2018,Mieres,Otros,26-35,Construction,6,43.25939872779485,-5.769641395829896
2018,Mieres,Otros,26-35,Industry,3,43.25067049078538,-5.778308134199212
2018,Mieres,Otros,26-35,Unemployed/Seeking,7,43.2632420003549,-5.774354945050258
2018,Mieres,Otros,36-50,Services,6,43.243299232928074,-5.79349212245012
2018,Mieres,Otros,36-50,Agriculture,4,43.24747934952836,-5.761143211979403
2018,Mieres,Otros,36-50,Construction,3,43.24913980409568,-5.770202560432769
2018,Mieres,Otros,36-50,Industry,4,43.25497523736882,-5.76592317942865
2018,Mieres,Otros,36-50,Unemployed/Seeking,5,43.242396111929,-5.764483908750818
2018,Mieres,Otros,51-65,Services,6,43.23203307426732,-5.755545994837373
2018,Mieres,Otros,51-65,Agriculture,4,43.25627132941221,-5.776551591543746
2018,Mieres,Otros,51-65,Construction,3,43.23505338488254,-5.787289784348665
2018,Mieres,Otros,51-65,Industry,3,43.262099318580184,-5.776243444462524
2018,Mieres,Otros,51-65,Unemployed/Seeking,3,43.25551508333985,-5.776045441683398
2018,Mieres,Otros,65+,Services,4,43.241703364029085,-5.767936046885191
2018,Mieres,Otros,65+,Agriculture,4,43.237030696664156,-5.760517454406929
2018,Mieres,Otros,65+,Construction,2,43.26001282388972,-5.785318758563973
2018,Mieres,Otros,65+,Industry,6,43.232000489884456,-5.7591748700549505
2018,Mieres,Otros,65+,Unemployed/Seeking,4,43.24610415845462,-5.775911399095368
2018,Langreo,Rumanía,18-25,Services,5,43.27956725505436,-5.680487442186144
2018,Langreo,Rumanía,18-25,Agriculture,8,43.282159058958456,-5.695388258160003
2018,Langreo,Rumanía,18-25,Construction,8,43.29896641993433,-5.689096781767853
2018,Langreo,Rumanía,18-25,Industry,6,43.29177254790115,-5.669842084687157
2018,Langreo,Rumanía,18-25,Unemployed/Seeking,4,43.29123874857329,-5.673393087037069
2018,Langreo,Rumanía,26-35,Services,5,43.3107178070594,-5.699446325563801
2018,Langreo,Rumanía,26-35,Agriculture,6,43.28827913741551,-5.682263082670817
2018,Langreo,Rumanía,26-35,Construction,4,43.31596587968277,-5.69564049369334
2018,Langreo,Rumanía,26-35,Industry,6,43.30070384532627,-5.6694462072093765
2018,Langreo,Rumanía,26-35,Unemployed/Seeking,8,43.300134570686716,-5.67449664476327
2018,Langreo,Rumanía,36-50,Services,3,43.30740583504736,-5.700167807829197
2018,Langreo,Rumanía,36-50,Agriculture,9,43.28010743733244,-5.664412920266292
2018,Langreo,Rumanía,36-50,Construction,8,43.31097467962438,-5.679867481569185
2018,Langreo,Rumanía,36-50,Industry,6,43.300318256702035,-5.686572078614828
2018,Langreo,Rumanía,36-50,Unemployed/Seeking,3,43.305440855241756,-5.664277875630223
2018,Langreo,Rumanía,51-65,Services,6,43.29791607239661,-5.664188585735646
2018,Langreo,Rumanía,51-65,Agriculture,6,43.29129995656501,-5.687841306907397
2018,Langreo,Rumanía,51-65,Construction,9,43.29402208666953,-5.67723967216036
2018,Langreo,Rumanía,51-65,Industry,3,43.29981217726839,-5.6724647780654305
2018,Langreo,Rumanía,51-65,Unemployed/Seeking,4,43.290211518587505,-5.678696526148968
2018,Langreo,Rumanía,65+,Services,5,43.29145424771208,-5.672704431869196
2018,Langreo,Rumanía,65+,Agriculture,9,43.31317971660003,-5.674055080925069
2018,Langreo,Rumanía,65+,Construction,3,43.28297602027735,-5.676603021987058
2018,Langreo,Rumanía,65+,Industry,2,43.31270225162794,-5.670720087226102
2018,Langreo,Rumanía,65+,Unemployed/Seeking,6,43.288054436678536,-5.673183316874376
2018,Langreo,Marruecos,18-25,Services,6,43.301141768790984,-5.678029706078424
2018,Langreo,Marruecos,18-25,Agriculture,5,43.2876415117547,-5.6982515322785225
2018,Langreo,Marruecos,18-25,Construction,6,43.29664305823637,-5.693389249201378
2018,Langreo,Marruecos,18-25,Industry,6,43.29800315898301,-5.696648143583654
2018,Langreo,Marruecos,18-25,Unemployed/Seeking,5,43.295070315235186,-5.673874622107888
2018,Langreo,Marruecos,26-35,Services,5,43.31532480006512,-5.670181948374037
2018,Langreo,Marruecos,26-35,Agriculture,5,43.27670433884218,-5.672547818675257
2018,Langreo,Marruecos,26-35,Construction,5,43.30152743469689,-5.673317915617868
2018,Langreo,Marruecos,26-35,Industry,7,43.29606605345996,-5.683423863989001
2018,Langreo,Marruecos,26-35,Unemployed/Seeking,8,43.288043882024375,-5.691627770045394
2018,Langreo,Marruecos,36-50,Services,3,43.29109559224856,-5.666418671269024
2018,Langreo,Marruecos,36-50,Agriculture,3,43.30939635760332,-5.665904249325449
2018,Langreo,Marruecos,36-50,Construction,4,43.27938603662235,-5.695119390948157
2018,Langreo,Marruecos,36-50,Industry,4,43.291100932665266,-5.668187701656113
2018,Langreo,Marruecos,36-50,Unemployed/Seeking,7,43.30331349942336,-5.667878641177603
2018,Langreo,Marruecos,51-65,Services,2,43.294377454950755,-5.666156616022274
2018,Langreo,Marruecos,51-65,Agriculture,3,43.309189075055876,-5.699335762810458
2018,Langreo,Marruecos,51-65,Construction,4,43.29137053715242,-5.67298161011813
2018,Langreo,Marruecos,51-65,Industry,4,43.31375915973117,-5.677432468768938
2018,Langreo,Marruecos,51-65,Unemployed/Seeking,6,43.294828627818994,-5.690192145665279
2018,Langreo,Marruecos,65+,Services,3,43.31176935391038,-5.671716987518026
2018,Langreo,Marruecos,65+,Agriculture,5,43.27886560836222,-5.686348632986225
2018,Langreo,Marruecos,65+,Construction,5,43.27978105619613,-5.693923590088472
2018,Langreo,Marruecos,65+,Industry,6,43.315253335446684,-5.697040819396505
2018,Langreo,Marruecos,65+,Unemployed/Seeking,3,43.28655614139322,-5.701090626109691
2018,Langreo,Colombia,18-25,Services,7,43.286179112020385,-5.702980795811821
2018,Langreo,Colombia,18-25,Agriculture,2,43.309570926815525,-5.668451370848593
2018,Langreo,Colombia,18-25,Construction,3,43.29955274217726,-5.688756453429389
2018,Langreo,Colombia,18-25,Industry,7,43.30150674811036,-5.6990116686818375
2018,Langreo,Colombia,18-25,Unemployed/Seeking,3,43.306374370031286,-5.692064981086964
2018,Langreo,Colombia,26-35,Services,10,43.299185754994845,-5.694951576409062
2018,Langreo,Colombia,26-35,Agriculture,4,43.2793424174416,-5.697462025875218
2018,Langreo,Colombia,26-35,Construction,7,43.29706027833405,-5.6765290145503124
2018,Langreo,Colombia,26-35,Industry,4,43.308302710190745,-5.6690393208841385
2018,Langreo,Colombia,26-35,Unemployed/Seeking,8,43.309862945704445,-5.669312342311699
2018,Langreo,Colombia,36-50,Services,9,43.309566742540966,-5.6656229637352284
2018,Langreo,Colombia,36-50,Agriculture,7,43.284120870576125,-5.675133226247474
2018,Langreo,Colombia,36-50,Construction,5,43.29028058640132,-5.672689309732399
2018,Langreo,Colombia,36-50,Industry,4,43.28234724500599,-5.672489056941259
2018,Langreo,Colombia,36-50,Unemployed/Seeking,8,43.28252568641462,-5.680402526025742
2018,Langreo,Colombia,51-65,Services,8,43.28469897214647,-5.6793889010866385
2018,Langreo,Colombia,51-65,Agriculture,5,43.288997755589,-5.702997316862458
2018,Langreo,Colombia,51-65,Construction,6,43.28442071401716,-5.670614830787396
2018,Langreo,Colombia,51-65,Industry,5,43.28501567681487,-5.6797205015994034
2018,Langreo,Colombia,51-65,Unemployed/Seeking,3,43.29125834393343,-5.677665706900495
2018,Langreo,Colombia,65+,Services,7,43.3150712129002,-5.669451878948885
2018,Langreo,Colombia,65+,Agriculture,2,43.31293076621397,-5.702633817574082
2018,Langreo,Colombia,65+,Construction,6,43.30356796405911,-5.7004565305117465
2018,Langreo,Colombia,65+,Industry,2,43.299875990105214,-5.675722310318631
2018,Langreo,Colombia,65+,Unemployed/Seeking,7,43.310329492636335,-5.675888927872713
2018,Langreo,Venezuela,18-25,Services,3,43.29630056372772,-5.667659977982681
2018,Langreo,Venezuela,18-25,Agriculture,4,43.292659950318544,-5.6807476714627
2018,Langreo,Venezuela,18-25,Construction,3,43.292665307843166,-5.682164973469798
2018,Langreo,Venezuela,18-25,Industry,3,43.3001076373993,-5.686592363746696
2018,Langreo,Venezuela,18-25,Unemployed/Seeking,2,43.2783784046029,-5.688660995959581
2018,Langreo,Venezuela,26-35,Services,10,43.30596960144131,-5.695109537001674
2018,Langreo,Venezuela,26-35,Agriculture,8,43.283037356498085,-5.68200943541103
2018,Langreo,Venezuela,26-35,Construction,7,43.30712637857611,-5.691412423342578
2018,Langreo,Venezuela,26-35,Industry,6,43.3027016384554,-5.6792661653581815
2018,Langreo,Venezuela,26-35,Unemployed/Seeking,7,43.30076122271344,-5.688820208550898
2018,Langreo,Venezuela,36-50,Services,9,43.29591966705154,-5.681963316674102
2018,Langreo,Venezuela,36-50,Agriculture,3,43.296352095667395,-5.684650737814499
2018,Langreo,Venezuela,36-50,Construction,8,43.27998370051695,-5.690915472966606
2018,Langreo,Venezuela,36-50,Industry,5,43.29675416495685,-5.69348494176809
2018,Langreo,Venezuela,36-50,Unemployed/Seeking,5,43.30272148204185,-5.681854662585695
2018,Langreo,Venezuela,51-65,Services,7,43.287575399401604,-5.700699099178642
2018,Langreo,Venezuela,51-65,Agriculture,6,43.280449709728124,-5.69517882017534
2018,Langreo,Venezuela,51-65,Construction,6,43.28275478041973,-5.684382014058885
2018,Langreo,Venezuela,51-65,Industry,3,43.30986833777327,-5.669827297897091
2018,Langreo,Venezuela,51-65,Unemployed/Seeking,2,43.31158651031017,-5.677710328001632
2018,Langreo,Venezuela,65+,Services,4,43.30440327714483,-5.681076781334123
2018,Langreo,Venezuela,65+,Agriculture,6,43.28152953294245,-5.694524007495483
2018,Langreo,Venezuela,65+,Construction,5,43.29456443376612,-5.685027308280553
2018,Langreo,Venezuela,65+,Industry,4,43.28040300839412,-5.701359714277799
2018,Langreo,Venezuela,65+,Unemployed/Seeking,5,43.30114734618185,-5.664760434895572
2018,Langreo,Resto de España,18-25,Services,5,43.288684976025124,-5.699887145372931
2018,Langreo,Resto de España,18-25,Agriculture,6,43.300649839868484,-5.68689273878677
2018,Langreo,Resto de España,18-25,Construction,7,43.28928043087268,-5.682044308199557
2018,Langreo,Resto de España,18-25,Industry,2,43.280022617119215,-5.670042554042306
2018,Langreo,Resto de España,18-25,Unemployed/Seeking,5,43.308540715481044,-5.697216253680358
2018,Langreo,Resto de España,26-35,Services,6,43.29391100054822,-5.686584712544749
2018,Langreo,Resto de España,26-35,Agriculture,6,43.29192009705803,-5.674995792170044
2018,Langreo,Resto de España,26-35,Construction,3,43.2960125999439,-5.6993750272974815
2018,Langreo,Resto de España,26-35,Industry,4,43.300139718272604,-5.696817138340673
2018,Langreo,Resto de España,26-35,Unemployed/Seeking,3,43.279625503046006,-5.692334645388771
2018,Langreo,Resto de España,36-50,Services,6,43.30306233808152,-5.6839617865341605
2018,Langreo,Resto de España,36-50,Agriculture,7,43.30488570774922,-5.671830935557658
2018,Langreo,Resto de España,36-50,Construction,5,43.287333639515,-5.6904558089622865
2018,Langreo,Resto de España,36-50,Industry,4,43.29979518294624,-5.698160318805749
2018,Langreo,Resto de España,36-50,Unemployed/Seeking,3,43.29298045205654,-5.692813477366309
2018,Langreo,Resto de España,51-65,Services,2,43.28593243289685,-5.687174786631359
2018,Langreo,Resto de España,51-65,Agriculture,3,43.30555576017149,-5.681805807541255
2018,Langreo,Resto de España,51-65,Construction,6,43.28552292664564,-5.682409660172066
2018,Langreo,Resto de España,51-65,Industry,5,43.27875232124473,-5.681132831752699
2018,Langreo,Resto de España,51-65,Unemployed/Seeking,2,43.30467646555552,-5.669341408952513
2018,Langreo,Resto de España,65+,Services,7,43.315974267458344,-5.664990562127126
2018,Langreo,Resto de España,65+,Agriculture,4,43.31506678171497,-5.666435797031885
2018,Langreo,Resto de España,65+,Construction,6,43.2813651410812,-5.672082548488559
2018,Langreo,Resto de España,65+,Industry,7,43.316228893925704,-5.6940179349770945
2018,Langreo,Resto de España,65+,Unemployed/Seeking,2,43.28306263198667,-5.675265756669929
2018,Langreo,Otros,18-25,Services,5,43.31611139388418,-5.6937442727707905
2018,Langreo,Otros,18-25,Agriculture,6,43.28562474180321,-5.684448626520038
2018,Langreo,Otros,18-25,Construction,6,43.27754830948129,-5.669973323185092
2018,Langreo,Otros,18-25,Industry,3,43.31601146164575,-5.691962498262101
2018,Langreo,Otros,18-25,Unemployed/Seeking,7,43.299069990844764,-5.688850527531123
2018,Langreo,Otros,26-35,Services,3,43.297665535288964,-5.685737136276722
2018,Langreo,Otros,26-35,Agriculture,7,43.314362453333665,-5.6932049308664014
2018,Langreo,Otros,26-35,Construction,3,43.293988360599066,-5.670616520993021
2018,Langreo,Otros,26-35,Industry,7,43.28880456424876,-5.677830148374727
2018,Langreo,Otros,26-35,Unemployed/Seeking,4,43.29146424169335,-5.674828322577989
2018,Langreo,Otros,36-50,Services,4,43.28031584039466,-5.702876268566097
2018,Langreo,Otros,36-50,Agriculture,4,43.297704920833574,-5.6964347881280775
2018,Langreo,Otros,36-50,Construction,8,43.31302247150991,-5.697936391972678
2018,Langreo,Otros,36-50,Industry,3,43.27771652308952,-5.696426702735832
2018,Langreo,Otros,36-50,Unemployed/Seeking,7,43.29912929254243,-5.681111343977162
2018,Langreo,Otros,51-65,Services,4,43.29831764190348,-5.672974041445732
2018,Langreo,Otros,51-65,Agriculture,5,43.28460466573102,-5.7021026277745825
2018,Langreo,Otros,51-65,Construction,2,43.30081210030601,-5.701723552952639
2018,Langreo,Otros,51-65,Industry,2,43.31597325158455,-5.688147168250293
2018,Langreo,Otros,51-65,Unemployed/Seeking,4,43.28432349012787,-5.697319353142145
2018,Langreo,Otros,65+,Services,5,43.299266384703444,-5.68847896213267
2018,Langreo,Otros,65+,Agriculture,4,43.29606188757213,-5.676568313685756
2018,Langreo,Otros,65+,Construction,5,43.292387525348225,-5.685359479297254
2018,Langreo,Otros,65+,Industry,3,43.28909567095601,-5.686953353769214
2018,Langreo,Otros,65+,Unemployed/Seeking,5,43.30583148341357,-5.702846079031904
2018,Oviedo,Rumanía,18-25,Services,2,43.34835598720532,-5.865678587086367
2018,Oviedo,Rumanía,18-25,Agriculture,3,43.35031422095867,-5.851900351211524
2018,Oviedo,Rumanía,18-25,Construction,4,43.37751329720246,-5.836848367845953
2018,Oviedo,Rumanía,18-25,Industry,3,43.34308341836887,-5.843617497978108
2018,Oviedo,Rumanía,18-25,Unemployed/Seeking,4,43.35197163249209,-5.848478260654421
2018,Oviedo,Rumanía,26-35,Services,6,43.37582991963363,-5.844484967235056
2018,Oviedo,Rumanía,26-35,Agriculture,5,43.35800259667012,-5.867508990167228
2018,Oviedo,Rumanía,26-35,Construction,7,43.353168825718015,-5.867690549128164
2018,Oviedo,Rumanía,26-35,Industry,4,43.36442103646084,-5.837646647696387
2018,Oviedo,Rumanía,26-35,Unemployed/Seeking,4,43.38137911086754,-5.8505229631616125
2018,Oviedo,Rumanía,36-50,Services,6,43.34821550963136,-5.837235724366768
2018,Oviedo,Rumanía,36-50,Agriculture,3,43.36830804460939,-5.8660277350386565
2018,Oviedo,Rumanía,36-50,Construction,4,43.35367302561433,-5.830257184827496
2018,Oviedo,Rumanía,36-50,Industry,2,43.36773966092095,-5.849407775613214
2018,Oviedo,Rumanía,36-50,Unemployed/Seeking,3,43.36120755483139,-5.8676848768342555
2018,Oviedo,Rumanía,51-65,Services,5,43.361972313230325,-5.8515709589682
2018,Oviedo,Rumanía,51-65,Agriculture,4,43.35237485416226,-5.845901599785548
2018,Oviedo,Rumanía,51-65,Construction,4,43.38046611628487,-5.839939317398456
2018,Oviedo,Rumanía,51-65,Industry,4,43.364701712596315,-5.849045886866631
2018,Oviedo,Rumanía,51-65,Unemployed/Seeking,4,43.357302974264286,-5.868016067729723
2018,Oviedo,Rumanía,65+,Services,2,43.34531654806663,-5.843500415409281
2018,Oviedo,Rumanía,65+,Agriculture,3,43.34836511858125,-5.857321090196214
2018,Oviedo,Rumanía,65+,Construction,2,43.35516172100647,-5.86014260536789
2018,Oviedo,Rumanía,65+,Industry,4,43.34682336441401,-5.863827298061814
2018,Oviedo,Rumanía,65+,Unemployed/Seeking,3,43.35294684723855,-5.85717803502507
2018,Oviedo,Marruecos,18-25,Services,1,43.38053664560287,-5.850956016372949
2018,Oviedo,Marruecos,18-25,Agriculture,2,43.3547030570856,-5.847022039215735
2018,Oviedo,Marruecos,18-25,Construction,3,43.36702022256238,-5.855022266709072
2018,Oviedo,Marruecos,18-25,Industry,1,43.378899139534056,-5.831297963658863
2018,Oviedo,Marruecos,18-25,Unemployed/Seeking,4,43.35575742495334,-5.864722318593708
2018,Oviedo,Marruecos,26-35,Services,4,43.35282326918146,-5.838678669086427
2018,Oviedo,Marruecos,26-35,Agriculture,4,43.3700012515413,-5.834190943545723
2018,Oviedo,Marruecos,26-35,Construction,5,43.34311462318533,-5.847075133198237
2018,Oviedo,Marruecos,26-35,Industry,3,43.369018814251774,-5.8529814286422335
2018,Oviedo,Marruecos,26-35,Unemployed/Seeking,5,43.35907181351505,-5.830185561986167
2018,Oviedo,Marruecos,36-50,Services,3,43.36906956859389,-5.84343633645066
2018,Oviedo,Marruecos,36-50,Agriculture,3,43.34581617638312,-5.848320918237102
2018,Oviedo,Marruecos,36-50,Construction,5,43.37860775043343,-5.853576097001426
2018,Oviedo,Marruecos,36-50,Industry,5,43.349680381040834,-5.857752485332233
2018,Oviedo,Marruecos,36-50,Unemployed/Seeking,4,43.34927126322422,-5.862116244884307
2018,Oviedo,Marruecos,51-65,Services,3,43.369713031632315,-5.85867551619435
2018,Oviedo,Marruecos,51-65,Agriculture,2,43.35462536510996,-5.842876597641303
2018,Oviedo,Marruecos,51-65,Construction,2,43.37161807008519,-5.855586601326908
2018,Oviedo,Marruecos,51-65,Industry,3,43.377391797700525,-5.852165530029135
2018,Oviedo,Marruecos,51-65,Unemployed/Seeking,2,43.347571067547605,-5.833136386307698
2018,Oviedo,Marruecos,65+,Services,2,43.375499248890506,-5.831186084053102
2018,Oviedo,Marruecos,65+,Agriculture,3,43.355766647560976,-5.841477454326794
2018,Oviedo,Marruecos,65+,Construction,4,43.345824192858245,-5.847200546472639
2018,Oviedo,Marruecos,65+,Industry,3,43.34776250985608,-5.844099309172427
2018,Oviedo,Marruecos,65+,Unemployed/Seeking,5,43.36355964465844,-5.84198118841897
2018,Oviedo,Colombia,18-25,Services,4,43.35011859599007,-5.841526970500139
2018,Oviedo,Colombia,18-25,Agriculture,2,43.37548022914079,-5.847568411801065
2018,Oviedo,Colombia,18-25,Construction,3,43.374470115254304,-5.851163697596239
2018,Oviedo,Colombia,18-25,Industry,5,43.347843723636764,-5.867409211353389
2018,Oviedo,Colombia,18-25,Unemployed/Seeking,2,43.344994927074154,-5.837015642471934
2018,Oviedo,Colombia,26-35,Services,6,43.36708553573062,-5.831871656573101
2018,Oviedo,Colombia,26-35,Agriculture,2,43.34761537721,-5.856236977012993
2018,Oviedo,Colombia,26-35,Construction,5,43.358359973113245,-5.846431996766898
2018,Oviedo,Colombia,26-35,Industry,4,43.34386885625376,-5.866183081737183
2018,Oviedo,Colombia,26-35,Unemployed/Seeking,3,43.361745909046746,-5.847711440677611
2018,Oviedo,Colombia,36-50,Services,6,43.36406483304087,-5.836217828585516
2018,Oviedo,Colombia,36-50,Agriculture,5,43.36252687992274,-5.864220067919074
2018,Oviedo,Colombia,36-50,Construction,5,43.36230004066813,-5.861550155620793
2018,Oviedo,Colombia,36-50,Industry,3,43.35049766822388,-5.836609440997066
2018,Oviedo,Colombia,36-50,Unemployed/Seeking,2,43.361425874719814,-5.849159674934581
2018,Oviedo,Colombia,51-65,Services,2,43.36125220508903,-5.859385830832096
2018,Oviedo,Colombia,51-65,Agriculture,3,43.3626082906632,-5.8546622258469645
2018,Oviedo,Colombia,51-65,Construction,4,43.36479870434235,-5.8434417521696185
2018,Oviedo,Colombia,51-65,Industry,4,43.363685856073296,-5.851154370905336
2018,Oviedo,Colombia,51-65,Unemployed/Seeking,2,43.3678148886308,-5.838713009593034
2018,Oviedo,Colombia,65+,Services,2,43.34740630353449,-5.8314346253929
2018,Oviedo,Colombia,65+,Agriculture,5,43.37609570695785,-5.848608906051268
2018,Oviedo,Colombia,65+,Construction,5,43.34255937812522,-5.864257643176502
2018,Oviedo,Colombia,65+,Industry,4,43.35297179906169,-5.830537338679399
2018,Oviedo,Colombia,65+,Unemployed/Seeking,3,43.37711731230213,-5.842913808635003
2018,Oviedo,Venezuela,18-25,Services,4,43.3581937180934,-5.862536284783032
2018,Oviedo,Venezuela,18-25,Agriculture,3,43.36861038432661,-5.84437821427744
2018,Oviedo,Venezuela,18-25,Construction,4,43.357842656382786,-5.834571951909812
2018,Oviedo,Venezuela,18-25,Industry,2,43.37614094135116,-5.845451446101643
2018,Oviedo,Venezuela,18-25,Unemployed/Seeking,3,43.37194233925419,-5.830871556058422
2018,Oviedo,Venezuela,26-35,Services,4,43.369086653971635,-5.867975515842437
2018,Oviedo,Venezuela,26-35,Agriculture,4,43.34660362595598,-5.854512216099862
2018,Oviedo,Venezuela,26-35,Construction,4,43.38112495220865,-5.865167718445761
2018,Oviedo,Venezuela,26-35,Industry,4,43.37191232731614,-5.8532091913531366
2018,Oviedo,Venezuela,26-35,Unemployed/Seeking,5,43.38139951367954,-5.852380107276236
2018,Oviedo,Venezuela,36-50,Services,3,43.34974139457571,-5.864147373948571
2018,Oviedo,Venezuela,36-50,Agriculture,5,43.34983397689924,-5.835451262866965
2018,Oviedo,Venezuela,36-50,Construction,2,43.367130659575224,-5.831670230498416
2018,Oviedo,Venezuela,36-50,Industry,6,43.36615280029511,-5.8644876951325875
2018,Oviedo,Venezuela,36-50,Unemployed/Seeking,5,43.36895403869093,-5.849325206171574
2018,Oviedo,Venezuela,51-65,Services,2,43.356209492825684,-5.829904912202813
2018,Oviedo,Venezuela,51-65,Agriculture,2,43.37924574224271,-5.839138915891845
2018,Oviedo,Venezuela,51-65,Construction,5,43.344413108696386,-5.830501927422633
2018,Oviedo,Venezuela,51-65,Industry,4,43.37469478641664,-5.842207016728898
2018,Oviedo,Venezuela,51-65,Unemployed/Seeking,2,43.37906415623836,-5.856048987822669
2018,Oviedo,Venezuela,65+,Services,2,43.36379445914521,-5.851628634299043
2018,Oviedo,Venezuela,65+,Agriculture,3,43.3802358707986,-5.847160449017406
2018,Oviedo,Venezuela,65+,Construction,3,43.34885612369686,-5.83076381898114
2018,Oviedo,Venezuela,65+,Industry,4,43.37555594726568,-5.84805295237539
2018,Oviedo,Venezuela,65+,Unemployed/Seeking,4,43.348372463960864,-5.859813551531981
2018,Oviedo,Resto de España,18-25,Services,3,43.3804264967205,-5.854329389058624
2018,Oviedo,Resto de España,18-25,Agriculture,4,43.37136266711114,-5.8446229321801875
2018,Oviedo,Resto de España,18-25,Construction,2,43.359147760928636,-5.842798535041429
2018,Oviedo,Resto de España,18-25,Industry,3,43.36442199482837,-5.857800950744438
2018,Oviedo,Resto de España,18-25,Unemployed/Seeking,4,43.38068581208772,-5.849168699604577
2018,Oviedo,Resto de España,26-35,Services,3,43.363941694134226,-5.8637220979758
2018,Oviedo,Resto de España,26-35,Agriculture,4,43.36130423901941,-5.85809861926529
2018,Oviedo,Resto de España,26-35,Construction,4,43.36755574094018,-5.83289796920617
2018,Oviedo,Resto de España,26-35,Industry,2,43.35032937510727,-5.834258047052428
2018,Oviedo,Resto de España,26-35,Unemployed/Seeking,3,43.35772086598021,-5.836707690724426
2018,Oviedo,Resto de España,36-50,Services,4,43.37349176440746,-5.862108504409752
2018,Oviedo,Resto de España,36-50,Agriculture,4,43.34705792683038,-5.858850726493687
2018,Oviedo,Resto de España,36-50,Construction,4,43.37381514108886,-5.845938982607601
2018,Oviedo,Resto de España,36-50,Industry,5,43.35825179600962,-5.859896408406689
2018,Oviedo,Resto de España,36-50,Unemployed/Seeking,4,43.350237720691254,-5.866739455504945
2018,Oviedo,Resto de España,51-65,Services,2,43.341446714011404,-5.844947572867294
2018,Oviedo,Resto de España,51-65,Agriculture,2,43.36692820461713,-5.839473101324675
2018,Oviedo,Resto de España,51-65,Construction,4,43.36204946736612,-5.848826305324203
2018,Oviedo,Resto de España,51-65,Industry,3,43.380727373681516,-5.866897948703296
2018,Oviedo,Resto de España,51-65,Unemployed/Seeking,2,43.34489237443389,-5.839998911666389
2018,Oviedo,Resto de España,65+,Services,3,43.37762545421462,-5.845404889308077
2018,Oviedo,Resto de España,65+,Agriculture,3,43.375116112432,-5.837016074946981
2018,Oviedo,Resto de España,65+,Construction,4,43.37620441582859,-5.861251747682717
2018,Oviedo,Resto de España,65+,Industry,2,43.34513594879598,-5.84358055589502
2018,Oviedo,Resto de España,65+,Unemployed/Seeking,4,43.35794484174839,-5.835446031036921
2018,Oviedo,Otros,18-25,Services,4,43.3426927286882,-5.838220837493744
2018,Oviedo,Otros,18-25,Agriculture,2,43.37013928580744,-5.848924786179374
2018,Oviedo,Otros,18-25,Construction,3,43.36732917642054,-5.8507743813932995
2018,Oviedo,Otros,18-25,Industry,3,43.3767367500718,-5.8691226998083925
2018,Oviedo,Otros,18-25,Unemployed/Seeking,4,43.34682110968369,-5.863740464877887
2018,Oviedo,Otros,26-35,Services,2,43.34206146311624,-5.865149516364982
2018,Oviedo,Otros,26-35,Agriculture,3,43.36815134220808,-5.839031735075761
2018,Oviedo,Otros,26-35,Construction,3,43.35627887837682,-5.850230771102767
2018,Oviedo,Otros,26-35,Industry,4,43.3756546623562,-5.841648369555334
2018,Oviedo,Otros,26-35,Unemployed/Seeking,4,43.380910738800964,-5.839035018485513
2018,Oviedo,Otros,36-50,Services,2,43.37426356441665,-5.863302137850061
2018,Oviedo,Otros,36-50,Agriculture,5,43.34903517584056,-5.853586842446813
2018,Oviedo,Otros,36-50,Construction,2,43.36874990282211,-5.861980598575308
2018,Oviedo,Otros,36-50,Industry,2,43.343447290697576,-5.860074091994757
2018,Oviedo,Otros,36-50,Unemployed/Seeking,3,43.35322381000164,-5.834152375455636
2018,Oviedo,Otros,51-65,Services,2,43.37824541066371,-5.830948566994744
2018,Oviedo,Otros,51-65,Agriculture,2,43.36781429428917,-5.831606203663177
2018,Oviedo,Otros,51-65,Construction,2,43.37371071839806,-5.851379789640156
2018,Oviedo,Otros,51-65,Industry,2,43.359054355165775,-5.861192463380153
2018,Oviedo,Otros,51-65,Unemployed/Seeking,3,43.37429484418697,-5.838182455552047
2018,Oviedo,Otros,65+,Services,2,43.36094875900108,-5.863618418221426
2018,Oviedo,Otros,65+,Agriculture,3,43.35955008629392,-5.850458241691206
2018,Oviedo,Otros,65+,Construction,2,43.378848450088185,-5.856311982887659
2018,Oviedo,Otros,65+,Industry,2,43.373038073986784,-5.838749761746752
2018,Oviedo,Otros,65+,Unemployed/Seeking,2,43.35422932300168,-5.83556574230698
2018,Gijón,Rumanía,18-25,Services,2,43.5490413389678,-5.644999639468538
2018,Gijón,Rumanía,18-25,Agriculture,6,43.53081731855477,-5.644381480157842
2018,Gijón,Rumanía,18-25,Construction,7,43.53403728046465,-5.642651358503726
2018,Gijón,Rumanía,18-25,Industry,4,43.523619830826334,-5.677528210176039
2018,Gijón,Rumanía,18-25,Unemployed/Seeking,5,43.541534169669205,-5.642261542084369
2018,Gijón,Rumanía,26-35,Services,2,43.543079584651544,-5.647505860062216
2018,Gijón,Rumanía,26-35,Agriculture,9,43.532476229412325,-5.650167812304465
2018,Gijón,Rumanía,26-35,Construction,4,43.526927289474486,-5.665101646499647
2018,Gijón,Rumanía,26-35,Industry,8,43.52068556375465,-5.67505010237399
2018,Gijón,Rumanía,26-35,Unemployed/Seeking,4,43.519135498566264,-5.652786526257562
2018,Gijón,Rumanía,36-50,Services,5,43.53023206066117,-5.676509244907784
2018,Gijón,Rumanía,36-50,Agriculture,9,43.51282418104419,-5.668752190727599
2018,Gijón,Rumanía,36-50,Construction,4,43.515682530158294,-5.646209342797097
2018,Gijón,Rumanía,36-50,Industry,7,43.54199139804298,-5.676173531137974
2018,Gijón,Rumanía,36-50,Unemployed/Seeking,7,43.53160000752089,-5.67279794248616
2018,Gijón,Rumanía,51-65,Services,6,43.55085955863705,-5.653626598900994
2018,Gijón,Rumanía,51-65,Agriculture,4,43.522876722930604,-5.677674325499705
2018,Gijón,Rumanía,51-65,Construction,7,43.5151268640379,-5.657847694096773
2018,Gijón,Rumanía,51-65,Industry,5,43.5405755667551,-5.663478729726829
2018,Gijón,Rumanía,51-65,Unemployed/Seeking,3,43.532223478668485,-5.668500962822268
2018,Gijón,Rumanía,65+,Services,5,43.55121453051679,-5.663213283053079
2018,Gijón,Rumanía,65+,Agriculture,3,43.53730817785442,-5.674897092223108
2018,Gijón,Rumanía,65+,Construction,5,43.536754107342794,-5.642713271584361
2018,Gijón,Rumanía,65+,Industry,6,43.5163779364741,-5.6648065298913
2018,Gijón,Rumanía,65+,Unemployed/Seeking,2,43.53077775643533,-5.678787992195352
2018,Gijón,Marruecos,18-25,Services,3,43.54009801340092,-5.66622942295428
2018,Gijón,Marruecos,18-25,Agriculture,5,43.525118198360595,-5.647601476989428
2018,Gijón,Marruecos,18-25,Construction,3,43.52586770009126,-5.666844556023289
2018,Gijón,Marruecos,18-25,Industry,6,43.51954023977259,-5.663339026736201
2018,Gijón,Marruecos,18-25,Unemployed/Seeking,3,43.546129476573014,-5.6729210208384035
2018,Gijón,Marruecos,26-35,Services,6,43.52427175739333,-5.6494335279766235
2018,Gijón,Marruecos,26-35,Agriculture,6,43.548423544562745,-5.672607371808887
2018,Gijón,Marruecos,26-35,Construction,6,43.516375942173106,-5.672312180096845
2018,Gijón,Marruecos,26-35,Industry,6,43.52805323496477,-5.6772165037935425
2018,Gijón,Marruecos,26-35,Unemployed/Seeking,7,43.519159208799074,-5.645623498501356
2018,Gijón,Marruecos,36-50,Services,7,43.543255636316104,-5.6604602564426605
2018,Gijón,Marruecos,36-50,Agriculture,3,43.53255939694888,-5.6650498679810894
2018,Gijón,Marruecos,36-50,Construction,7,43.5174053648335,-5.667506156378083
2018,Gijón,Marruecos,36-50,Industry,3,43.533870317178,-5.672773218030454
2018,Gijón,Marruecos,36-50,Unemployed/Seeking,8,43.51306891426681,-5.670985208849333
2018,Gijón,Marruecos,51-65,Services,5,43.54041706911499,-5.666157667509792
2018,Gijón,Marruecos,51-65,Agriculture,3,43.5419332325464,-5.680797789366584
2018,Gijón,Marruecos,51-65,Construction,2,43.550844614149234,-5.669660893194661
2018,Gijón,Marruecos,51-65,Industry,4,43.531305293822236,-5.643950789145068
2018,Gijón,Marruecos,51-65,Unemployed/Seeking,5,43.5228355390879,-5.670696087416544
2018,Gijón,Marruecos,65+,Services,3,43.535807974748536,-5.645640168746629
2018,Gijón,Marruecos,65+,Agriculture,3,43.52989028008578,-5.676983341308696
2018,Gijón,Marruecos,65+,Construction,3,43.516307357314766,-5.6738985639404556
2018,Gijón,Marruecos,65+,Industry,3,43.51442542558905,-5.655536438229289
2018,Gijón,Marruecos,65+,Unemployed/Seeking,6,43.51573350849981,-5.677312029842134
2018,Gijón,Colombia,18-25,Services,7,43.51429192651242,-5.675386992138454
2018,Gijón,Colombia,18-25,Agriculture,4,43.519706854181855,-5.667718353719908
2018,Gijón,Colombia,18-25,Construction,4,43.51993607528035,-5.659067686660483
2018,Gijón,Colombia,18-25,Industry,4,43.53134137716349,-5.644455053961918
2018,Gijón,Colombia,18-25,Unemployed/Seeking,6,43.51998419701014,-5.645594345128569
2018,Gijón,Colombia,26-35,Services,8,43.52414268479512,-5.669918528394007
2018,Gijón,Colombia,26-35,Agriculture,5,43.54218510698141,-5.676813948991723
2018,Gijón,Colombia,26-35,Construction,3,43.5489830313542,-5.667356669135773
2018,Gijón,Colombia,26-35,Industry,5,43.5488983432848,-5.676731377818577
2018,Gijón,Colombia,26-35,Unemployed/Seeking,6,43.54841783361369,-5.6548115003598465
2018,Gijón,Colombia,36-50,Services,9,43.5203993653314,-5.654421801822208
2018,Gijón,Colombia,36-50,Agriculture,3,43.53051709363859,-5.6584378696228725
2018,Gijón,Colombia,36-50,Construction,7,43.53170017750862,-5.651536237682632
2018,Gijón,Colombia,36-50,Industry,7,43.513683517402306,-5.652432455206731
2018,Gijón,Colombia,36-50,Unemployed/Seeking,5,43.53498465709436,-5.658833207343736
2018,Gijón,Colombia,51-65,Services,7,43.523765642731554,-5.6689284120274435
2018,Gijón,Colombia,51-65,Agriculture,3,43.541902367779066,-5.670658686927684
2018,Gijón,Colombia,51-65,Construction,5,43.54830345440952,-5.668546973365441
2018,Gijón,Colombia,51-65,Industry,5,43.5210962462493,-5.64872483011586
2018,Gijón,Colombia,51-65,Unemployed/Seeking,3,43.51928253406784,-5.654980902960757
2018,Gijón,Colombia,65+,Services,4,43.514401963050105,-5.655353969600139
2018,Gijón,Colombia,65+,Agriculture,3,43.51569954731235,-5.653654540604976
2018,Gijón,Colombia,65+,Construction,2,43.53427750737648,-5.64661542041399
2018,Gijón,Colombia,65+,Industry,6,43.546419034994024,-5.644828482795193
2018,Gijón,Colombia,65+,Unemployed/Seeking,5,43.53644293929547,-5.662445786301681
2018,Gijón,Venezuela,18-25,Services,7,43.52748066651135,-5.648967091397079
2018,Gijón,Venezuela,18-25,Agriculture,5,43.54164090471804,-5.666326578275428
2018,Gijón,Venezuela,18-25,Construction,5,43.542912524635696,-5.659284326083822
2018,Gijón,Venezuela,18-25,Industry,6,43.54780188184632,-5.657552554598383
2018,Gijón,Venezuela,18-25,Unemployed/Seeking,6,43.538462679421926,-5.677882879256336
2018,Gijón,Venezuela,26-35,Services,6,43.51559702844022,-5.671400849715048
2018,Gijón,Venezuela,26-35,Agriculture,4,43.51579623678348,-5.65879698138829
2018,Gijón,Venezuela,26-35,Construction,3,43.53925238774421,-5.679451284477001
2018,Gijón,Venezuela,26-35,Industry,3,43.53080962495262,-5.668757157778913
2018,Gijón,Venezuela,26-35,Unemployed/Seeking,4,43.53235125619549,-5.675674926935175
2018,Gijón,Venezuela,36-50,Services,6,43.54649417371268,-5.663839900578864
2018,Gijón,Venezuela,36-50,Agriculture,7,43.52642133457572,-5.669759222825265
2018,Gijón,Venezuela,36-50,Construction,5,43.524118757228976,-5.67218842010657
2018,Gijón,Venezuela,36-50,Industry,3,43.54825325066637,-5.680124222523843
2018,Gijón,Venezuela,36-50,Unemployed/Seeking,3,43.540598353637165,-5.653124343201648
2018,Gijón,Venezuela,51-65,Services,2,43.52246006963683,-5.654859408291615
2018,Gijón,Venezuela,51-65,Agriculture,3,43.55140459932512,-5.65015589158802
2018,Gijón,Venezuela,51-65,Construction,5,43.53126649446481,-5.655852380270018
2018,Gijón,Venezuela,51-65,Industry,5,43.54936692124884,-5.6639434200287
2018,Gijón,Venezuela,51-65,Unemployed/Seeking,3,43.54078657582104,-5.663564379960959
2018,Gijón,Venezuela,65+,Services,7,43.52614446785052,-5.671699732524458
2018,Gijón,Venezuela,65+,Agriculture,4,43.51889624393975,-5.655700422255592
2018,Gijón,Venezuela,65+,Construction,4,43.52432665750366,-5.673234690205709
2018,Gijón,Venezuela,65+,Industry,6,43.53761272326311,-5.659522782413161
2018,Gijón,Venezuela,65+,Unemployed/Seeking,2,43.53863768401275,-5.680760129536276
2018,Gijón,Resto de España,18-25,Services,2,43.54916768598504,-5.644272246980863
2018,Gijón,Resto de España,18-25,Agriculture,3,43.543015215610644,-5.670188306066478
2018,Gijón,Resto de España,18-25,Construction,3,43.535944806320146,-5.665088472639934
2018,Gijón,Resto de España,18-25,Industry,3,43.543160644512874,-5.672280896785193
2018,Gijón,Resto de España,18-25,Unemployed/Seeking,5,43.54078936186252,-5.674821797093572
2018,Gijón,Resto de España,26-35,Services,8,43.529260728617366,-5.666607441928053
2018,Gijón,Resto de España,26-35,Agriculture,7,43.51971525289434,-5.653621976453503
2018,Gijón,Resto de España,26-35,Construction,6,43.52094009369527,-5.657521152440807
2018,Gijón,Resto de España,26-35,Industry,6,43.54630300005722,-5.663325755098979
2018,Gijón,Resto de España,26-35,Unemployed/Seeking,7,43.5452953506991,-5.656045015091635
2018,Gijón,Resto de España,36-50,Services,6,43.534694351863806,-5.66225988666032
2018,Gijón,Resto de España,36-50,Agriculture,8,43.53869628302576,-5.662413008471474
2018,Gijón,Resto de España,36-50,Construction,3,43.526992682775244,-5.649913283000959
2018,Gijón,Resto de España,36-50,Industry,6,43.53278510650777,-5.655155923939789
2018,Gijón,Resto de España,36-50,Unemployed/Seeking,7,43.536932509218694,-5.6744322126238504
2018,Gijón,Resto de España,51-65,Services,2,43.52642622106045,-5.652349052199504
2018,Gijón,Resto de España,51-65,Agriculture,3,43.5303044269314,-5.645577461829597
2018,Gijón,Resto de España,51-65,Construction,5,43.51558198502785,-5.679442557306425
2018,Gijón,Resto de España,51-65,Industry,6,43.53929443097308,-5.643992536666429
2018,Gijón,Resto de España,51-65,Unemployed/Seeking,3,43.53153974241228,-5.664367759574666
2018,Gijón,Resto de España,65+,Services,6,43.528606178084864,-5.644359481233618
2018,Gijón,Resto de España,65+,Agriculture,4,43.521981065321505,-5.654922437567521
2018,Gijón,Resto de España,65+,Construction,3,43.543711161397205,-5.665279540046003
2018,Gijón,Resto de España,65+,Industry,5,43.54213775789837,-5.67297362621106
2018,Gijón,Resto de España,65+,Unemployed/Seeking,4,43.547504327272534,-5.646770540610523
2018,Gijón,Otros,18-25,Services,3,43.551192528964734,-5.675304652208598
2018,Gijón,Otros,18-25,Agriculture,5,43.52834961509953,-5.667462518759556
2018,Gijón,Otros,18-25,Construction,3,43.543631786084525,-5.645993280131001
2018,Gijón,Otros,18-25,Industry,2,43.52964449966343,-5.668353183244616
2018,Gijón,Otros,18-25,Unemployed/Seeking,5,43.54556978587473,-5.647834329300664
2018,Gijón,Otros,26-35,Services,5,43.55101696153766,-5.642449647432433
2018,Gijón,Otros,26-35,Agriculture,5,43.53140986870363,-5.64928266574285
2018,Gijón,Otros,26-35,Construction,4,43.52645046413379,-5.666762658711253
2018,Gijón,Otros,26-35,Industry,7,43.521124141820614,-5.649534279124658
2018,Gijón,Otros,26-35,Unemployed/Seeking,6,43.5351298743494,-5.6749369752933205
2018,Gijón,Otros,36-50,Services,3,43.54168210139267,-5.65330008335263
2018,Gijón,Otros,36-50,Agriculture,6,43.51950325337485,-5.653125588356722
2018,Gijón,Otros,36-50,Construction,8,43.516459120550515,-5.668348366697731
2018,Gijón,Otros,36-50,Industry,7,43.53157191655312,-5.664459169198284
2018,Gijón,Otros,36-50,Unemployed/Seeking,5,43.526753135346496,-5.678641518360984
2018,Gijón,Otros,51-65,Services,6,43.53755597027842,-5.669226636389667
2018,Gijón,Otros,51-65,Agriculture,5,43.52258966724496,-5.679438073441403
2018,Gijón,Otros,51-65,Construction,4,43.54282752933901,-5.646361507060159
2018,Gijón,Otros,51-65,Industry,6,43.52100952500868,-5.653078910017147
2018,Gijón,Otros,51-65,Unemployed/Seeking,6,43.53169165235631,-5.677907392821843
2018,Gijón,Otros,65+,Services,5,43.54359394651225,-5.657984464044003
2018,Gijón,Otros,65+,Agriculture,6,43.52221336476856,-5.665138963737473
2018,Gijón,Otros,65+,Construction,5,43.513764395619795,-5.679410558931581
2018,Gijón,Otros,65+,Industry,6,43.52884178746018,-5.677481968066812
2018,Gijón,Otros,65+,Unemployed/Seeking,3,43.52496570944701,-5.674653237912401
2019,Aller,Rumanía,18-25,Services,1,43.14869892085195,-5.668366105959871
2019,Aller,Rumanía,18-25,Agriculture,1,43.14712433907561,-5.6331018499930385
2019,Aller,Rumanía,18-25,Construction,1,43.15714451913175,-5.652817098635698
2019,Aller,Rumanía,18-25,Industry,1,43.15832559033477,-5.639454701078169
2019,Aller,Rumanía,18-25,Unemployed/Seeking,1,43.16459183136853,-5.653992533389929
2019,Aller,Rumanía,26-35,Services,1,43.155953784536905,-5.650383323048099
2019,Aller,Rumanía,26-35,Agriculture,1,43.1301116419761,-5.632075659898493
2019,Aller,Rumanía,26-35,Construction,1,43.16777832052762,-5.63646584873915
2019,Aller,Rumanía,26-35,Industry,1,43.155338759408764,-5.654562884600182
2019,Aller,Rumanía,26-35,Unemployed/Seeking,1,43.1477730010511,-5.665884616858803
2019,Aller,Rumanía,36-50,Services,1,43.15523924940852,-5.643984568317628
2019,Aller,Rumanía,36-50,Agriculture,1,43.15833694646749,-5.641948375546698
2019,Aller,Rumanía,36-50,Construction,1,43.16375054782778,-5.661780774564698
2019,Aller,Rumanía,36-50,Industry,1,43.13499857464066,-5.669200007755695
2019,Aller,Rumanía,36-50,Unemployed/Seeking,1,43.14141924543449,-5.665824287451657
2019,Aller,Rumanía,51-65,Services,1,43.158064845716346,-5.6458740102557625
2019,Aller,Rumanía,51-65,Agriculture,1,43.150845003776006,-5.664097994320058
2019,Aller,Rumanía,51-65,Construction,1,43.15941376935673,-5.646640293722265
2019,Aller,Rumanía,51-65,Industry,1,43.14411486038489,-5.659493182053248
2019,Aller,Rumanía,51-65,Unemployed/Seeking,1,43.15598716231144,-5.644745459180179
2019,Aller,Rumanía,65+,Services,1,43.15268975066923,-5.633774041536653
2019,Aller,Rumanía,65+,Agriculture,1,43.14805308765626,-5.6581085044516
2019,Aller,Rumanía,65+,Construction,1,43.16717000135021,-5.6317706593685015
2019,Aller,Rumanía,65+,Industry,1,43.16324746652305,-5.651208031194426
2019,Aller,Rumanía,65+,Unemployed/Seeking,1,43.14154030623667,-5.650179169678583
2019,Aller,Marruecos,18-25,Services,1,43.15336343981597,-5.658988579980227
2019,Aller,Marruecos,18-25,Agriculture,1,43.164125860437245,-5.634725147316487
2019,Aller,Marruecos,18-25,Construction,1,43.13501814855486,-5.660962937666704
2019,Aller,Marruecos,18-25,Industry,1,43.140973060720704,-5.642538798454065
2019,Aller,Marruecos,18-25,Unemployed/Seeking,1,43.15307146645153,-5.657200382806939
2019,Aller,Marruecos,26-35,Services,1,43.1340941961436,-5.666754911164488
2019,Aller,Marruecos,26-35,Agriculture,1,43.16455352406761,-5.654740916076153
2019,Aller,Marruecos,26-35,Construction,1,43.14881253761394,-5.633866818227388
2019,Aller,Marruecos,26-35,Industry,1,43.14070821128392,-5.634953465185177
2019,Aller,Marruecos,26-35,Unemployed/Seeking,1,43.15899787466346,-5.641851497110273
2019,Aller,Marruecos,36-50,Services,1,43.13531666554366,-5.631591212250381
2019,Aller,Marruecos,36-50,Agriculture,1,43.158855913995005,-5.652244828694406
2019,Aller,Marruecos,36-50,Construction,1,43.13768874971033,-5.64349099270088
2019,Aller,Marruecos,36-50,Industry,1,43.141133012104795,-5.66851678730618
2019,Aller,Marruecos,36-50,Unemployed/Seeking,1,43.14721476669063,-5.654242946845072
2019,Aller,Marruecos,51-65,Services,1,43.14087570858592,-5.652657305206757
2019,Aller,Marruecos,51-65,Agriculture,1,43.13868827665913,-5.654621230091114
2019,Aller,Marruecos,51-65,Construction,1,43.134929756091324,-5.650585460580251
2019,Aller,Marruecos,51-65,Industry,1,43.14911316283882,-5.665362045671808
2019,Aller,Marruecos,51-65,Unemployed/Seeking,1,43.15134267439404,-5.653749674857548
2019,Aller,Marruecos,65+,Services,1,43.15569762892933,-5.654195642477243
2019,Aller,Marruecos,65+,Agriculture,1,43.16430414409994,-5.635743397909627
2019,Aller,Marruecos,65+,Construction,1,43.158081377363054,-5.630496201559926
2019,Aller,Marruecos,65+,Industry,1,43.15183253371455,-5.641546661679751
2019,Aller,Marruecos,65+,Unemployed/Seeking,1,43.14693194597502,-5.6470366220187005
2019,Aller,Colombia,18-25,Services,1,43.1349882733638,-5.65182183091773
2019,Aller,Colombia,18-25,Agriculture,1,43.15064944976876,-5.655420846331519
2019,Aller,Colombia,18-25,Construction,1,43.14623933490421,-5.63030839310735
2019,Aller,Colombia,18-25,Industry,1,43.14435002082853,-5.649074298859957
2019,Aller,Colombia,18-25,Unemployed/Seeking,1,43.15123823431151,-5.65461357461086
2019,Aller,Colombia,26-35,Services,1,43.16378308979428,-5.646262187138584
2019,Aller,Colombia,26-35,Agriculture,1,43.166734556075404,-5.647999505099677
2019,Aller,Colombia,26-35,Construction,1,43.16651049245747,-5.644811180785037
2019,Aller,Colombia,26-35,Industry,1,43.15950044415176,-5.659633368730145
2019,Aller,Colombia,26-35,Unemployed/Seeking,1,43.14438745986041,-5.632530749421633
2019,Aller,Colombia,36-50,Services,1,43.15370416935952,-5.650445843726488
2019,Aller,Colombia,36-50,Agriculture,1,43.15038790988058,-5.666699917400467
2019,Aller,Colombia,36-50,Construction,1,43.138207281493834,-5.660150662951523
2019,Aller,Colombia,36-50,Industry,1,43.152890084117736,-5.653676787617508
2019,Aller,Colombia,36-50,Unemployed/Seeking,1,43.15211644582406,-5.630483396585527
2019,Aller,Colombia,51-65,Services,1,43.133988181440635,-5.650717865372766
2019,Aller,Colombia,51-65,Agriculture,1,43.165896920334774,-5.657181092656887
2019,Aller,Colombia,51-65,Construction,1,43.14556562835756,-5.6370679133173125
2019,Aller,Colombia,51-65,Industry,1,43.153251108682696,-5.6487533042362275
2019,Aller,Colombia,51-65,Unemployed/Seeking,1,43.15786756840445,-5.654242575679559
2019,Aller,Colombia,65+,Services,1,43.14446063250362,-5.648596767161355
2019,Aller,Colombia,65+,Agriculture,1,43.1613879139411,-5.636492010718116
2019,Aller,Colombia,65+,Construction,1,43.13318112740009,-5.647892223867639
2019,Aller,Colombia,65+,Industry,1,43.167870468731785,-5.6625642833733405
2019,Aller,Colombia,65+,Unemployed/Seeking,1,43.15571789608079,-5.645902964073907
2019,Aller,Venezuela,18-25,Services,1,43.14386348682533,-5.630603292720389
2019,Aller,Venezuela,18-25,Agriculture,1,43.14543453479265,-5.664402421157191
2019,Aller,Venezuela,18-25,Construction,1,43.157796230085346,-5.645599264439536
2019,Aller,Venezuela,18-25,Industry,1,43.14918964000167,-5.645302111231793
2019,Aller,Venezuela,18-25,Unemployed/Seeking,1,43.13013404090296,-5.636909290463712
2019,Aller,Venezuela,26-35,Services,1,43.15826038115917,-5.63325848096316
2019,Aller,Venezuela,26-35,Agriculture,1,43.13459757963716,-5.665077576667136
2019,Aller,Venezuela,26-35,Construction,1,43.1606295935559,-5.630275307292325
2019,Aller,Venezuela,26-35,Industry,1,43.15264250924515,-5.637430040958243
2019,Aller,Venezuela,26-35,Unemployed/Seeking,1,43.15051383819524,-5.66789269613574
2019,Aller,Venezuela,36-50,Services,1,43.14682852205078,-5.648854376529094
2019,Aller,Venezuela,36-50,Agriculture,1,43.16661878643434,-5.662699668853188
2019,Aller,Venezuela,36-50,Construction,1,43.13409302081706,-5.666197102132678
2019,Aller,Venezuela,36-50,Industry,1,43.16549639432965,-5.667253762233225
2019,Aller,Venezuela,36-50,Unemployed/Seeking,1,43.16257696521684,-5.636936605843845
2019,Aller,Venezuela,51-65,Services,1,43.148660836150775,-5.633766832061548
2019,Aller,Venezuela,51-65,Agriculture,1,43.15309172792298,-5.642855578184618
2019,Aller,Venezuela,51-65,Construction,1,43.130661175372815,-5.631795242728015
2019,Aller,Venezuela,51-65,Industry,1,43.15801949245887,-5.665941502640082
2019,Aller,Venezuela,51-65,Unemployed/Seeking,1,43.16048809420165,-5.667086890600643
2019,Aller,Venezuela,65+,Services,1,43.132235672183526,-5.655645825915669
2019,Aller,Venezuela,65+,Agriculture,1,43.16840641096186,-5.659351007512071
2019,Aller,Venezuela,65+,Construction,1,43.16335882208907,-5.641968155308421
2019,Aller,Venezuela,65+,Industry,1,43.1434714540645,-5.639173870515767
2019,Aller,Venezuela,65+,Unemployed/Seeking,1,43.148579386039216,-5.6659979304154735
2019,Aller,Resto de España,18-25,Services,1,43.14243007193362,-5.666831821284109
2019,Aller,Resto de España,18-25,Agriculture,1,43.16371336695564,-5.6554795055007245
2019,Aller,Resto de España,18-25,Construction,1,43.15529878140121,-5.657126513540517
2019,Aller,Resto de España,18-25,Industry,1,43.13381078820178,-5.638529487311438
2019,Aller,Resto de España,18-25,Unemployed/Seeking,1,43.16092541324474,-5.664481670575899
2019,Aller,Resto de España,26-35,Services,1,43.13467328253091,-5.648330697938213
2019,Aller,Resto de España,26-35,Agriculture,1,43.13216113941378,-5.648764751795216
2019,Aller,Resto de España,26-35,Construction,1,43.137986476570326,-5.668635348659334
2019,Aller,Resto de España,26-35,Industry,1,43.13152994963139,-5.63882057419739
2019,Aller,Resto de España,26-35,Unemployed/Seeking,1,43.165060409289666,-5.653025074064106
2019,Aller,Resto de España,36-50,Services,1,43.149076093730166,-5.638743796076876
2019,Aller,Resto de España,36-50,Agriculture,1,43.140876770805605,-5.656517764617585
2019,Aller,Resto de España,36-50,Construction,1,43.1378902326619,-5.655600293248986
2019,Aller,Resto de España,36-50,Industry,1,43.13651502500344,-5.630976634344114
2019,Aller,Resto de España,36-50,Unemployed/Seeking,1,43.14323561882701,-5.643701294068859
2019,Aller,Resto de España,51-65,Services,1,43.16475397349158,-5.647894378753802
2019,Aller,Resto de España,51-65,Agriculture,1,43.15954269263262,-5.653869145300012
2019,Aller,Resto de España,51-65,Construction,1,43.140283432026486,-5.664941205130367
2019,Aller,Resto de España,51-65,Industry,1,43.13334535011438,-5.650276521106772
2019,Aller,Resto de España,51-65,Unemployed/Seeking,1,43.13148496689322,-5.638835406151503
2019,Aller,Resto de España,65+,Services,1,43.15346957092183,-5.667478690549256
2019,Aller,Resto de España,65+,Agriculture,1,43.153885720267304,-5.64176590312649
2019,Aller,Resto de España,65+,Construction,1,43.13342626072046,-5.651497032173139
2019,Aller,Resto de España,65+,Industry,1,43.1452912987574,-5.666394434789118
2019,Aller,Resto de España,65+,Unemployed/Seeking,1,43.158768854511784,-5.654839689242791
2019,Aller,Otros,18-25,Services,1,43.145664695884314,-5.643207506717875
2019,Aller,Otros,18-25,Agriculture,1,43.13975725245895,-5.640525634679922
2019,Aller,Otros,18-25,Construction,1,43.13379627807406,-5.642026418190627
2019,Aller,Otros,18-25,Industry,1,43.14000871650101,-5.662749576777111
2019,Aller,Otros,18-25,Unemployed/Seeking,1,43.15526416081137,-5.655498633499109
2019,Aller,Otros,26-35,Services,1,43.16729456247687,-5.640772538007841
2019,Aller,Otros,26-35,Agriculture,1,43.169330586753965,-5.657921355795739
2019,Aller,Otros,26-35,Construction,1,43.14514814128434,-5.637936872911414
2019,Aller,Otros,26-35,Industry,1,43.13754393022325,-5.630326579891856
2019,Aller,Otros,26-35,Unemployed/Seeking,1,43.1464609828702,-5.654916492873984
2019,Aller,Otros,36-50,Services,1,43.14869433644257,-5.652123394245305
2019,Aller,Otros,36-50,Agriculture,1,43.13761516677083,-5.647099783397827
2019,Aller,Otros,36-50,Construction,1,43.14884445160761,-5.648249905995293
2019,Aller,Otros,36-50,Industry,1,43.15188820216666,-5.640796544450515
2019,Aller,Otros,36-50,Unemployed/Seeking,1,43.167965962860585,-5.638619876998372
2019,Aller,Otros,51-65,Services,1,43.13244514292688,-5.650485305278689
2019,Aller,Otros,51-65,Agriculture,1,43.13461016431311,-5.662685442779933
2019,Aller,Otros,51-65,Construction,1,43.13733855070508,-5.649175076203561
2019,Aller,Otros,51-65,Industry,1,43.145527771868856,-5.660698505585627
2019,Aller,Otros,51-65,Unemployed/Seeking,1,43.148346578906526,-5.664482154307347
2019,Aller,Otros,65+,Services,1,43.16913335972573,-5.66176054793533
2019,Aller,Otros,65+,Agriculture,1,43.15816305625806,-5.63474080625317
2019,Aller,Otros,65+,Construction,1,43.14683577493067,-5.633644177897323
2019,Aller,Otros,65+,Industry,1,43.15506175956361,-5.656322661494545
2019,Aller,Otros,65+,Unemployed/Seeking,1,43.132150127480045,-5.6597845007332
2019,Mieres,Rumanía,18-25,Services,1,43.267698663441,-5.781652020448181
2019,Mieres,Rumanía,18-25,Agriculture,1,43.23987173935235,-5.778650074042658
2019,Mieres,Rumanía,18-25,Construction,2,43.24800255684133,-5.789078922277541
2019,Mieres,Rumanía,18-25,Industry,1,43.246291399191406,-5.782880089976867
2019,Mieres,Rumanía,18-25,Unemployed/Seeking,1,43.25146064176754,-5.787550602657266
2019,Mieres,Rumanía,26-35,Services,2,43.25527781998209,-5.780584052229114
2019,Mieres,Rumanía,26-35,Agriculture,1,43.23594731739178,-5.779689808278728
2019,Mieres,Rumanía,26-35,Construction,2,43.23466591971388,-5.767791389566799
2019,Mieres,Rumanía,26-35,Industry,1,43.26218307701759,-5.760168437922843
2019,Mieres,Rumanía,26-35,Unemployed/Seeking,1,43.267162614461554,-5.775676753176147
2019,Mieres,Rumanía,36-50,Services,2,43.251193322524585,-5.773126030076906
2019,Mieres,Rumanía,36-50,Agriculture,1,43.24158696075062,-5.768174761711263
2019,Mieres,Rumanía,36-50,Construction,1,43.24967553118693,-5.762232767336728
2019,Mieres,Rumanía,36-50,Industry,2,43.23478325993468,-5.7574498469301805
2019,Mieres,Rumanía,36-50,Unemployed/Seeking,2,43.255642076391204,-5.786297446197986
2019,Mieres,Rumanía,51-65,Services,1,43.246555397195955,-5.763785836893921
2019,Mieres,Rumanía,51-65,Agriculture,1,43.26762500516151,-5.7898935896220225
2019,Mieres,Rumanía,51-65,Construction,2,43.25839821231922,-5.7635024001893
2019,Mieres,Rumanía,51-65,Industry,1,43.24645227814511,-5.759783306251122
2019,Mieres,Rumanía,51-65,Unemployed/Seeking,1,43.24029843173263,-5.782449832371209
2019,Mieres,Rumanía,65+,Services,2,43.27040085548389,-5.782382189470815
2019,Mieres,Rumanía,65+,Agriculture,2,43.23274007161967,-5.765888220008586
2019,Mieres,Rumanía,65+,Construction,1,43.23157966911674,-5.776239172078791
2019,Mieres,Rumanía,65+,Industry,2,43.24883871860753,-5.76632868473639
2019,Mieres,Rumanía,65+,Unemployed/Seeking,1,43.23488785344391,-5.7713831947039465
2019,Mieres,Marruecos,18-25,Services,1,43.25131671964307,-5.768403869521614
2019,Mieres,Marruecos,18-25,Agriculture,1,43.261414667893476,-5.788620154369879
2019,Mieres,Marruecos,18-25,Construction,1,43.245186506876166,-5.7734974975711095
2019,Mieres,Marruecos,18-25,Industry,1,43.240772167547846,-5.781523769493159
2019,Mieres,Marruecos,18-25,Unemployed/Seeking,1,43.24770429623855,-5.776018049242478
2019,Mieres,Marruecos,26-35,Services,2,43.25888068746268,-5.775810468732426
2019,Mieres,Marruecos,26-35,Agriculture,1,43.256678706706715,-5.790273026984473
2019,Mieres,Marruecos,26-35,Construction,1,43.239480690483454,-5.761737089461705
2019,Mieres,Marruecos,26-35,Industry,1,43.231469208393314,-5.788923212377449
2019,Mieres,Marruecos,26-35,Unemployed/Seeking,2,43.26714120038169,-5.775573697334607
2019,Mieres,Marruecos,36-50,Services,1,43.26141487468153,-5.757794677824946
2019,Mieres,Marruecos,36-50,Agriculture,2,43.25845087433213,-5.783693303106622
2019,Mieres,Marruecos,36-50,Construction,2,43.26383774268781,-5.761006872554587
2019,Mieres,Marruecos,36-50,Industry,1,43.2350418291429,-5.793409291606115
2019,Mieres,Marruecos,36-50,Unemployed/Seeking,2,43.25015636064674,-5.771263393375604
2019,Mieres,Marruecos,51-65,Services,2,43.249812768805214,-5.784230033830792
2019,Mieres,Marruecos,51-65,Agriculture,1,43.2507952326241,-5.771905368590092
2019,Mieres,Marruecos,51-65,Construction,1,43.258835882575,-5.769871995034944
2019,Mieres,Marruecos,51-65,Industry,1,43.25129811639599,-5.757110887853522
2019,Mieres,Marruecos,51-65,Unemployed/Seeking,1,43.25337194688039,-5.77210090121092
2019,Mieres,Marruecos,65+,Services,1,43.24516803749298,-5.772965651266189
2019,Mieres,Marruecos,65+,Agriculture,1,43.25571485890031,-5.78818938718989
2019,Mieres,Marruecos,65+,Construction,1,43.262737489090874,-5.767838496300112
2019,Mieres,Marruecos,65+,Industry,1,43.24090630436134,-5.791722948233795
2019,Mieres,Marruecos,65+,Unemployed/Seeking,1,43.23732241722897,-5.76192190720819
2019,Mieres,Colombia,18-25,Services,1,43.25848217387065,-5.762481623024395
2019,Mieres,Colombia,18-25,Agriculture,2,43.24468895961353,-5.7650265167820525
2019,Mieres,Colombia,18-25,Construction,1,43.24675129883286,-5.76713311017646
2019,Mieres,Colombia,18-25,Industry,1,43.2422858580379,-5.757488940567281
2019,Mieres,Colombia,18-25,Unemployed/Seeking,1,43.26468368122051,-5.790756582860284
2019,Mieres,Colombia,26-35,Services,1,43.242692021796884,-5.767794653150406
2019,Mieres,Colombia,26-35,Agriculture,2,43.240108067724215,-5.775429863424695
2019,Mieres,Colombia,26-35,Construction,1,43.23870154915472,-5.7583546456821475
2019,Mieres,Colombia,26-35,Industry,1,43.269950044571445,-5.761973785864485
2019,Mieres,Colombia,26-35,Unemployed/Seeking,2,43.24791288761597,-5.787116959493821
2019,Mieres,Colombia,36-50,Services,1,43.23053071281886,-5.772799735628108
2019,Mieres,Colombia,36-50,Agriculture,2,43.25972813912754,-5.786417766862578
2019,Mieres,Colombia,36-50,Construction,1,43.23594592010796,-5.7617469961861785
2019,Mieres,Colombia,36-50,Industry,1,43.25098924197681,-5.777521435067061
2019,Mieres,Colombia,36-50,Unemployed/Seeking,1,43.26886489030703,-5.784918193329902
2019,Mieres,Colombia,51-65,Services,1,43.253195886883134,-5.7692932903162895
2019,Mieres,Colombia,51-65,Agriculture,1,43.24867660424031,-5.788123863622418
2019,Mieres,Colombia,51-65,Construction,1,43.25840908683811,-5.773225214621394
2019,Mieres,Colombia,51-65,Industry,1,43.232990020904545,-5.791857694154245
2019,Mieres,Colombia,51-65,Unemployed/Seeking,1,43.258907147715355,-5.765777687656918
2019,Mieres,Colombia,65+,Services,1,43.243437156822836,-5.7662882868690994
2019,Mieres,Colombia,65+,Agriculture,1,43.26359665345064,-5.777582381848955
2019,Mieres,Colombia,65+,Construction,1,43.247048843056,-5.777165977248086
2019,Mieres,Colombia,65+,Industry,2,43.240794109029665,-5.776258548786897
2019,Mieres,Colombia,65+,Unemployed/Seeking,1,43.266342243976766,-5.765326933827544
2019,Mieres,Venezuela,18-25,Services,1,43.23792836965439,-5.761302062598765
2019,Mieres,Venezuela,18-25,Agriculture,1,43.2548779435537,-5.787663978019401
2019,Mieres,Venezuela,18-25,Construction,1,43.25041589058716,-5.793789392434551
2019,Mieres,Venezuela,18-25,Industry,1,43.246755829146615,-5.7892512166416035
2019,Mieres,Venezuela,18-25,Unemployed/Seeking,1,43.242202343076464,-5.758135590724064
2019,Mieres,Venezuela,26-35,Services,2,43.25946324980735,-5.781431196847683
2019,Mieres,Venezuela,26-35,Agriculture,1,43.25165518937985,-5.77430331516116
2019,Mieres,Venezuela,26-35,Construction,1,43.26348225418977,-5.7777178353910505
2019,Mieres,Venezuela,26-35,Industry,2,43.238712398369,-5.763163429241955
2019,Mieres,Venezuela,26-35,Unemployed/Seeking,2,43.23825557795383,-5.792047804857422
2019,Mieres,Venezuela,36-50,Services,1,43.26298338203387,-5.782136698575706
2019,Mieres,Venezuela,36-50,Agriculture,1,43.24035930786279,-5.782742786973374
2019,Mieres,Venezuela,36-50,Construction,1,43.24582009314642,-5.7708929110764
2019,Mieres,Venezuela,36-50,Industry,1,43.259521976962084,-5.761744674179293
2019,Mieres,Venezuela,36-50,Unemployed/Seeking,1,43.25805376930995,-5.786497861854391
2019,Mieres,Venezuela,51-65,Services,1,43.2471672569449,-5.787175112974801
2019,Mieres,Venezuela,51-65,Agriculture,1,43.23487941522094,-5.790599814014983
2019,Mieres,Venezuela,51-65,Construction,1,43.23594987359831,-5.764778952401463
2019,Mieres,Venezuela,51-65,Industry,2,43.23626542125473,-5.763784066912229
2019,Mieres,Venezuela,51-65,Unemployed/Seeking,1,43.26759104985778,-5.756863768803288
2019,Mieres,Venezuela,65+,Services,1,43.25593671062858,-5.779740629837514
2019,Mieres,Venezuela,65+,Agriculture,1,43.25155502368098,-5.76562997398498
2019,Mieres,Venezuela,65+,Construction,1,43.25641005552637,-5.794088027733097
2019,Mieres,Venezuela,65+,Industry,1,43.25590656891584,-5.76351062711551
2019,Mieres,Venezuela,65+,Unemployed/Seeking,1,43.25978249255466,-5.7907301747477495
2019,Mieres,Resto de España,18-25,Services,1,43.23723149230711,-5.79092184494473
2019,Mieres,Resto de España,18-25,Agriculture,1,43.23773798467032,-5.779260771277876
2019,Mieres,Resto de España,18-25,Construction,1,43.24277977569373,-5.778500388778872
2019,Mieres,Resto de España,18-25,Industry,1,43.24367875438407,-5.782691556325342
2019,Mieres,Resto de España,18-25,Unemployed/Seeking,1,43.26892428754449,-5.7606561540754955
2019,Mieres,Resto de España,26-35,Services,1,43.23304577517916,-5.758840432593406
2019,Mieres,Resto de España,26-35,Agriculture,1,43.25481692583086,-5.770361367958881
2019,Mieres,Resto de España,26-35,Construction,2,43.23060149645638,-5.756516859204845
2019,Mieres,Resto de España,26-35,Industry,2,43.25215989227504,-5.760620061333602
2019,Mieres,Resto de España,26-35,Unemployed/Seeking,2,43.26070294089115,-5.790403358388574
2019,Mieres,Resto de España,36-50,Services,1,43.26109998089337,-5.784594475398496
2019,Mieres,Resto de España,36-50,Agriculture,1,43.235577948294846,-5.777631171434492
2019,Mieres,Resto de España,36-50,Construction,1,43.26140897347568,-5.783815833171546
2019,Mieres,Resto de España,36-50,Industry,1,43.24303944051908,-5.791596100206897
2019,Mieres,Resto de España,36-50,Unemployed/Seeking,2,43.24458258132426,-5.7847645809470585
2019,Mieres,Resto de España,51-65,Services,1,43.24557864562436,-5.760624531269824
2019,Mieres,Resto de España,51-65,Agriculture,1,43.268510587034385,-5.782264781832368
2019,Mieres,Resto de España,51-65,Construction,1,43.241819145788064,-5.774905636636761
2019,Mieres,Resto de España,51-65,Industry,1,43.24040241739529,-5.764767421758583
2019,Mieres,Resto de España,51-65,Unemployed/Seeking,1,43.24923941094401,-5.78419480080377
2019,Mieres,Resto de España,65+,Services,1,43.26077788432154,-5.772891366548541
2019,Mieres,Resto de España,65+,Agriculture,2,43.24909995943287,-5.790247066978211
2019,Mieres,Resto de España,65+,Construction,1,43.243124907020146,-5.782223202294069
2019,Mieres,Resto de España,65+,Industry,1,43.237100939511784,-5.789527930346796
2019,Mieres,Resto de España,65+,Unemployed/Seeking,1,43.24982314451012,-5.786230718856507
2019,Mieres,Otros,18-25,Services,1,43.242505298356285,-5.754663438897635
2019,Mieres,Otros,18-25,Agriculture,1,43.26803854068767,-5.792534158616097
2019,Mieres,Otros,18-25,Construction,1,43.24276465340093,-5.760646412880015
2019,Mieres,Otros,18-25,Industry,1,43.24916921367495,-5.790123203588967
2019,Mieres,Otros,18-25,Unemployed/Seeking,1,43.255599502858765,-5.780863627678474
2019,Mieres,Otros,26-35,Services,1,43.24883158323039,-5.787020988953408
2019,Mieres,Otros,26-35,Agriculture,1,43.265465572324096,-5.767715658939871
2019,Mieres,Otros,26-35,Construction,1,43.24796820832527,-5.770303134959719
2019,Mieres,Otros,26-35,Industry,1,43.23385530249733,-5.772067625218596
2019,Mieres,Otros,26-35,Unemployed/Seeking,1,43.234257605014044,-5.785188293341484
2019,Mieres,Otros,36-50,Services,2,43.24935175033583,-5.76066819466339
2019,Mieres,Otros,36-50,Agriculture,1,43.234426855022136,-5.783424254660565
2019,Mieres,Otros,36-50,Construction,2,43.250844170693846,-5.756635904756787
2019,Mieres,Otros,36-50,Industry,1,43.230800110289934,-5.772778732262634
2019,Mieres,Otros,36-50,Unemployed/Seeking,1,43.258142193126474,-5.792049117168053
2019,Mieres,Otros,51-65,Services,2,43.264513322459266,-5.7685098009079505
2019,Mieres,Otros,51-65,Agriculture,1,43.26023781400689,-5.766700401890699
2019,Mieres,Otros,51-65,Construction,1,43.24523834652919,-5.768559443819992
2019,Mieres,Otros,51-65,Industry,1,43.24580691511769,-5.7657361901093385
2019,Mieres,Otros,51-65,Unemployed/Seeking,1,43.23577791993397,-5.757050924142995
2019,Mieres,Otros,65+,Services,1,43.248418364354634,-5.773719525355566
2019,Mieres,Otros,65+,Agriculture,1,43.24335179905193,-5.788087983268139
2019,Mieres,Otros,65+,Construction,1,43.25153500138036,-5.7547772788319564
2019,Mieres,Otros,65+,Industry,1,43.259869480289964,-5.779057070660988
2019,Mieres,Otros,65+,Unemployed/Seeking,1,43.237126967570426,-5.780461179833518
2019,Langreo,Rumanía,18-25,Services,3,43.307850499056535,-5.698092580264356
2019,Langreo,Rumanía,18-25,Agriculture,2,43.286736193525435,-5.691700537053926
2019,Langreo,Rumanía,18-25,Construction,3,43.301085845696335,-5.7024404813447624
2019,Langreo,Rumanía,18-25,Industry,3,43.308903789985784,-5.695730109491984
2019,Langreo,Rumanía,18-25,Unemployed/Seeking,1,43.28071509358037,-5.700614352172338
2019,Langreo,Rumanía,26-35,Services,3,43.282221378488195,-5.697869405266086
2019,Langreo,Rumanía,26-35,Agriculture,4,43.295520205629856,-5.68545452478822
2019,Langreo,Rumanía,26-35,Construction,4,43.30003449179983,-5.691443775731184
2019,Langreo,Rumanía,26-35,Industry,3,43.28670579592445,-5.69688654586834
2019,Langreo,Rumanía,26-35,Unemployed/Seeking,2,43.30151730263306,-5.695467771174742
2019,Langreo,Rumanía,36-50,Services,3,43.31060789509072,-5.669119114248757
2019,Langreo,Rumanía,36-50,Agriculture,2,43.29831869699004,-5.699447472702757
2019,Langreo,Rumanía,36-50,Construction,4,43.30252717676262,-5.6648908389825765
2019,Langreo,Rumanía,36-50,Industry,3,43.278762155373094,-5.68018098041063
2019,Langreo,Rumanía,36-50,Unemployed/Seeking,2,43.297947577182754,-5.69983789221379
2019,Langreo,Rumanía,51-65,Services,1,43.28696586598354,-5.701860080024832
2019,Langreo,Rumanía,51-65,Agriculture,2,43.29904795336563,-5.697354055337318
2019,Langreo,Rumanía,51-65,Construction,3,43.29869480134256,-5.668763265516848
2019,Langreo,Rumanía,51-65,Industry,2,43.298873314219186,-5.678316170106947
2019,Langreo,Rumanía,51-65,Unemployed/Seeking,1,43.294152202001825,-5.683911070337427
2019,Langreo,Rumanía,65+,Services,2,43.28321982172515,-5.6974128961758055
2019,Langreo,Rumanía,65+,Agriculture,4,43.30772656002666,-5.682847330121062
2019,Langreo,Rumanía,65+,Construction,3,43.295652818066884,-5.700102861541769
2019,Langreo,Rumanía,65+,Industry,2,43.30385023551743,-5.685978127952276
2019,Langreo,Rumanía,65+,Unemployed/Seeking,2,43.27848744182433,-5.683235635413288
2019,Langreo,Marruecos,18-25,Services,2,43.314741422981875,-5.664680638313883
2019,Langreo,Marruecos,18-25,Agriculture,1,43.30848340790312,-5.688149154813839
2019,Langreo,Marruecos,18-25,Construction,3,43.28500298077058,-5.6950104497686524
2019,Langreo,Marruecos,18-25,Industry,2,43.284378840769214,-5.696863063434043
2019,Langreo,Marruecos,18-25,Unemployed/Seeking,1,43.2878954872229,-5.69780130208568
2019,Langreo,Marruecos,26-35,Services,2,43.28424789191871,-5.673635130772776
2019,Langreo,Marruecos,26-35,Agriculture,1,43.284387214144786,-5.68473822725881
2019,Langreo,Marruecos,26-35,Construction,2,43.30775594782541,-5.682705428586264
2019,Langreo,Marruecos,26-35,Industry,2,43.27882016072374,-5.677983966570281
2019,Langreo,Marruecos,26-35,Unemployed/Seeking,1,43.30986770373427,-5.702975583796419
2019,Langreo,Marruecos,36-50,Services,1,43.31606165346527,-5.683244649380406
2019,Langreo,Marruecos,36-50,Agriculture,3,43.28502356225348,-5.67014331374124
2019,Langreo,Marruecos,36-50,Construction,3,43.27936213209845,-5.682354442109789
2019,Langreo,Marruecos,36-50,Industry,3,43.29831949595474,-5.677415499424309
2019,Langreo,Marruecos,36-50,Unemployed/Seeking,2,43.31336897167176,-5.696343830428791
2019,Langreo,Marruecos,51-65,Services,1,43.298198412541,-5.684129314974246
2019,Langreo,Marruecos,51-65,Agriculture,2,43.29341183383769,-5.675404921927039
2019,Langreo,Marruecos,51-65,Construction,1,43.30428943021196,-5.687756090305896
2019,Langreo,Marruecos,51-65,Industry,3,43.29408068376678,-5.699751938225426
2019,Langreo,Marruecos,51-65,Unemployed/Seeking,1,43.30533964856902,-5.701541020702691
2019,Langreo,Marruecos,65+,Services,2,43.2914061177518,-5.68205055628003
2019,Langreo,Marruecos,65+,Agriculture,1,43.29487895766447,-5.683432867078262
2019,Langreo,Marruecos,65+,Construction,1,43.29522639473714,-5.700510420778219
2019,Langreo,Marruecos,65+,Industry,2,43.27782893482932,-5.67434903857193
2019,Langreo,Marruecos,65+,Unemployed/Seeking,3,43.31335885963444,-5.66821875112725
2019,Langreo,Colombia,18-25,Services,3,43.287438703018395,-5.6682321234091555
2019,Langreo,Colombia,18-25,Agriculture,1,43.29226600511103,-5.700478772561679
2019,Langreo,Colombia,18-25,Construction,1,43.28829576497068,-5.669753579238011
2019,Langreo,Colombia,18-25,Industry,1,43.31526914865217,-5.6725194290226915
2019,Langreo,Colombia,18-25,Unemployed/Seeking,2,43.29117730988111,-5.675715025304968
2019,Langreo,Colombia,26-35,Services,2,43.30725149174239,-5.667854861669937
2019,Langreo,Colombia,26-35,Agriculture,3,43.28363627784381,-5.677475145507755
2019,Langreo,Colombia,26-35,Construction,1,43.303000837722315,-5.702711255130024
2019,Langreo,Colombia,26-35,Industry,3,43.282851050877014,-5.703078075570534
2019,Langreo,Colombia,26-35,Unemployed/Seeking,3,43.29771204433905,-5.692564571358903
2019,Langreo,Colombia,36-50,Services,4,43.27672892062016,-5.686648913532496
2019,Langreo,Colombia,36-50,Agriculture,3,43.29014180065527,-5.684563627450825
2019,Langreo,Colombia,36-50,Construction,3,43.310312550377205,-5.6899775298055575
2019,Langreo,Colombia,36-50,Industry,1,43.29976012836073,-5.68257537032759
2019,Langreo,Colombia,36-50,Unemployed/Seeking,2,43.296653137278966,-5.674707518557034
2019,Langreo,Colombia,51-65,Services,2,43.304889493730464,-5.681874132520887
2019,Langreo,Colombia,51-65,Agriculture,2,43.27696075243096,-5.68091226107106
2019,Langreo,Colombia,51-65,Construction,2,43.28489361707104,-5.696826130346104
2019,Langreo,Colombia,51-65,Industry,2,43.30788106164147,-5.678034838186407
2019,Langreo,Colombia,51-65,Unemployed/Seeking,1,43.30806837917282,-5.68310312380716
2019,Langreo,Colombia,65+,Services,1,43.280651199947066,-5.689387522925307
2019,Langreo,Colombia,65+,Agriculture,1,43.312253712503576,-5.682551835251298
2019,Langreo,Colombia,65+,Construction,1,43.301113946082005,-5.698269513359108
2019,Langreo,Colombia,65+,Industry,1,43.28834755249392,-5.688486589400303
2019,Langreo,Colombia,65+,Unemployed/Seeking,1,43.282609314193074,-5.689998668397963
2019,Langreo,Venezuela,18-25,Services,2,43.308854452875856,-5.694886649331499
2019,Langreo,Venezuela,18-25,Agriculture,1,43.27800385935287,-5.687632872607482
2019,Langreo,Venezuela,18-25,Construction,1,43.2811205785717,-5.6657666457574685
2019,Langreo,Venezuela,18-25,Industry,2,43.28732427207963,-5.700450616369094
2019,Langreo,Venezuela,18-25,Unemployed/Seeking,2,43.28159385926436,-5.683351275891129
2019,Langreo,Venezuela,26-35,Services,2,43.31168632688,-5.670155875854012
2019,Langreo,Venezuela,26-35,Agriculture,3,43.302436706013914,-5.679622870261729
2019,Langreo,Venezuela,26-35,Construction,2,43.310662560402285,-5.690277103109995
2019,Langreo,Venezuela,26-35,Industry,2,43.29505929933533,-5.686286350863154
2019,Langreo,Venezuela,26-35,Unemployed/Seeking,1,43.314120437356145,-5.7026727815289595
2019,Langreo,Venezuela,36-50,Services,4,43.296424736758624,-5.683130904499294
2019,Langreo,Venezuela,36-50,Agriculture,1,43.31037178102148,-5.702508118123385
2019,Langreo,Venezuela,36-50,Construction,2,43.28405938283542,-5.701930156483523
2019,Langreo,Venezuela,36-50,Industry,3,43.29388794983615,-5.6676324086797605
2019,Langreo,Venezuela,36-50,Unemployed/Seeking,1,43.29403407775594,-5.666788422500743
2019,Langreo,Venezuela,51-65,Services,3,43.313463802008755,-5.68934121702419
2019,Langreo,Venezuela,51-65,Agriculture,1,43.30790112478185,-5.668925367659532
2019,Langreo,Venezuela,51-65,Construction,2,43.31094112529394,-5.6899764595921285
2019,Langreo,Venezuela,51-65,Industry,2,43.302383119616394,-5.6950285212537635
2019,Langreo,Venezuela,51-65,Unemployed/Seeking,1,43.29275991965833,-5.679960575814943
2019,Langreo,Venezuela,65+,Services,2,43.315454793621676,-5.6744794967706
2019,Langreo,Venezuela,65+,Agriculture,1,43.29402704487608,-5.683389376419825
2019,Langreo,Venezuela,65+,Construction,2,43.29075502725943,-5.669743693764282
2019,Langreo,Venezuela,65+,Industry,2,43.29369508861028,-5.698385628904209
2019,Langreo,Venezuela,65+,Unemployed/Seeking,3,43.301142445311385,-5.6686848716994085
2019,Langreo,Resto de España,18-25,Services,2,43.2789640875292,-5.681549886911474
2019,Langreo,Resto de España,18-25,Agriculture,1,43.306284288219764,-5.6857114849740915
2019,Langreo,Resto de España,18-25,Construction,1,43.28038184568626,-5.699172682815108
2019,Langreo,Resto de España,18-25,Industry,3,43.31197154474871,-5.675111575125329
2019,Langreo,Resto de España,18-25,Unemployed/Seeking,2,43.3120509385736,-5.699437569601802
2019,Langreo,Resto de España,26-35,Services,3,43.27701689940652,-5.677013946741054
2019,Langreo,Resto de España,26-35,Agriculture,2,43.31363165863549,-5.685580517428091
2019,Langreo,Resto de España,26-35,Construction,1,43.294591948593165,-5.69591797257112
2019,Langreo,Resto de España,26-35,Industry,2,43.29368293178865,-5.693043392094711
2019,Langreo,Resto de España,26-35,Unemployed/Seeking,2,43.29130276316352,-5.665806641094934
2019,Langreo,Resto de España,36-50,Services,2,43.30213696400626,-5.687543656560561
2019,Langreo,Resto de España,36-50,Agriculture,1,43.28982916069784,-5.699919877809067
2019,Langreo,Resto de España,36-50,Construction,3,43.283459509826336,-5.683343932910433
2019,Langreo,Resto de España,36-50,Industry,1,43.27885435787998,-5.684959955500482
2019,Langreo,Resto de España,36-50,Unemployed/Seeking,2,43.3024621025155,-5.6704331130693335
2019,Langreo,Resto de España,51-65,Services,2,43.30611369992393,-5.671213596825501
2019,Langreo,Resto de España,51-65,Agriculture,2,43.28623279171256,-5.6998207203012266
2019,Langreo,Resto de España,51-65,Construction,2,43.282332085848644,-5.691165244990936
2019,Langreo,Resto de España,51-65,Industry,3,43.31221127892361,-5.690866644866073
2019,Langreo,Resto de España,51-65,Unemployed/Seeking,2,43.28202812454884,-5.697319017198594
2019,Langreo,Resto de España,65+,Services,1,43.29549207052399,-5.665905060782928
2019,Langreo,Resto de España,65+,Agriculture,3,43.30414471266991,-5.691127869400441
2019,Langreo,Resto de España,65+,Construction,2,43.30017313849228,-5.66965345419944
2019,Langreo,Resto de España,65+,Industry,1,43.2891686711955,-5.674176799144264
2019,Langreo,Resto de España,65+,Unemployed/Seeking,2,43.27825709905066,-5.699612498644804
2019,Langreo,Otros,18-25,Services,2,43.29562061581932,-5.686385064535898
2019,Langreo,Otros,18-25,Agriculture,2,43.30103176036185,-5.672031380667257
2019,Langreo,Otros,18-25,Construction,1,43.27996716151895,-5.673364095959181
2019,Langreo,Otros,18-25,Industry,3,43.2909303998419,-5.695987546109957
2019,Langreo,Otros,18-25,Unemployed/Seeking,2,43.30438874357852,-5.673098081234068
2019,Langreo,Otros,26-35,Services,2,43.311529553835705,-5.69092006009025
2019,Langreo,Otros,26-35,Agriculture,1,43.30822642712892,-5.669042606488257
2019,Langreo,Otros,26-35,Construction,2,43.303925868175774,-5.680044758551725
2019,Langreo,Otros,26-35,Industry,1,43.30836344533575,-5.667048123278003
2019,Langreo,Otros,26-35,Unemployed/Seeking,2,43.29772754634322,-5.670691860998895
2019,Langreo,Otros,36-50,Services,2,43.30097543807679,-5.6990372667126215
2019,Langreo,Otros,36-50,Agriculture,2,43.28141388754694,-5.683216328788291
2019,Langreo,Otros,36-50,Construction,3,43.29369475515408,-5.700442474592781
2019,Langreo,Otros,36-50,Industry,2,43.289866949460965,-5.692804419414676
2019,Langreo,Otros,36-50,Unemployed/Seeking,2,43.300169071403396,-5.682709862060945
2019,Langreo,Otros,51-65,Services,3,43.29929567584253,-5.687413464669026
2019,Langreo,Otros,51-65,Agriculture,2,43.27990161891658,-5.697421800171868
2019,Langreo,Otros,51-65,Construction,3,43.302672818780565,-5.668132163060555
2019,Langreo,Otros,51-65,Industry,2,43.28415829742789,-5.671876910367887
2019,Langreo,Otros,51-65,Unemployed/Seeking,1,43.28464660582144,-5.688379279605284
2019,Langreo,Otros,65+,Services,2,43.31536965864855,-5.69940181968944
2019,Langreo,Otros,65+,Agriculture,1,43.314689945920826,-5.672410082531383
2019,Langreo,Otros,65+,Construction,1,43.291552937699514,-5.67089695269237
2019,Langreo,Otros,65+,Industry,1,43.27991124734435,-5.669207062641658
2019,Langreo,Otros,65+,Unemployed/Seeking,2,43.287216572096135,-5.702880994649494
2019,Oviedo,Rumanía,18-25,Services,3,43.37563094865108,-5.861658944234878
2019,Oviedo,Rumanía,18-25,Agriculture,3,43.348437614417236,-5.86410224819802
2019,Oviedo,Rumanía,18-25,Construction,3,43.35693247666016,-5.831008575897248
2019,Oviedo,Rumanía,18-25,Industry,3,43.35464697366956,-5.866368003246673
2019,Oviedo,Rumanía,18-25,Unemployed/Seeking,1,43.34254735757003,-5.85566161072687
2019,Oviedo,Rumanía,26-35,Services,3,43.36707593686466,-5.83167839657906
2019,Oviedo,Rumanía,26-35,Agriculture,5,43.37404710154221,-5.833423930567708
2019,Oviedo,Rumanía,26-35,Construction,2,43.36413575493489,-5.840603503526302
2019,Oviedo,Rumanía,26-35,Industry,3,43.36368260902622,-5.831712144067506
2019,Oviedo,Rumanía,26-35,Unemployed/Seeking,2,43.35429491274123,-5.867589350689477
2019,Oviedo,Rumanía,36-50,Services,2,43.37170763491452,-5.832931010823172
2019,Oviedo,Rumanía,36-50,Agriculture,2,43.37079117873699,-5.864904867550123
2019,Oviedo,Rumanía,36-50,Construction,4,43.35247787904368,-5.846274436153806
2019,Oviedo,Rumanía,36-50,Industry,3,43.369261087221524,-5.847526973127477
2019,Oviedo,Rumanía,36-50,Unemployed/Seeking,3,43.34744489332643,-5.846068797762295
2019,Oviedo,Rumanía,51-65,Services,2,43.37709683644217,-5.867814648464133
2019,Oviedo,Rumanía,51-65,Agriculture,4,43.34676562478415,-5.856088435148453
2019,Oviedo,Rumanía,51-65,Construction,3,43.35774443372973,-5.867144371015992
2019,Oviedo,Rumanía,51-65,Industry,3,43.36767132169207,-5.849299257707699
2019,Oviedo,Rumanía,51-65,Unemployed/Seeking,2,43.343398269072665,-5.836269315810198
2019,Oviedo,Rumanía,65+,Services,3,43.35163434551704,-5.850556321837649
2019,Oviedo,Rumanía,65+,Agriculture,3,43.342865658329515,-5.843920938120741
2019,Oviedo,Rumanía,65+,Construction,4,43.34707643547958,-5.839247626219794
2019,Oviedo,Rumanía,65+,Industry,3,43.37623723523094,-5.833254720071799
2019,Oviedo,Rumanía,65+,Unemployed/Seeking,2,43.35473761018909,-5.858735120696931
2019,Oviedo,Marruecos,18-25,Services,1,43.37595092351728,-5.835563149091277
2019,Oviedo,Marruecos,18-25,Agriculture,1,43.35767085788759,-5.859559905419221
2019,Oviedo,Marruecos,18-25,Construction,1,43.35473388657321,-5.832453948876095
2019,Oviedo,Marruecos,18-25,Industry,1,43.37519776547033,-5.8606257703791504
2019,Oviedo,Marruecos,18-25,Unemployed/Seeking,2,43.378022115323226,-5.846316521561621
2019,Oviedo,Marruecos,26-35,Services,3,43.368928986134925,-5.835933473994574
2019,Oviedo,Marruecos,26-35,Agriculture,1,43.370752230008044,-5.847127142517133
2019,Oviedo,Marruecos,26-35,Construction,2,43.35016030196385,-5.841867686289531
2019,Oviedo,Marruecos,26-35,Industry,2,43.349119899395404,-5.859814754762616
2019,Oviedo,Marruecos,26-35,Unemployed/Seeking,1,43.355865562570685,-5.847820148291764
2019,Oviedo,Marruecos,36-50,Services,1,43.37482561939587,-5.84491890982446
2019,Oviedo,Marruecos,36-50,Agriculture,1,43.37209751848026,-5.8352388352651205
2019,Oviedo,Marruecos,36-50,Construction,2,43.37702952284516,-5.842364808585471
2019,Oviedo,Marruecos,36-50,Industry,4,43.354497695496626,-5.859645574655863
2019,Oviedo,Marruecos,36-50,Unemployed/Seeking,3,43.35711428775039,-5.844595766120534
2019,Oviedo,Marruecos,51-65,Services,2,43.34167235712393,-5.861946907474708
2019,Oviedo,Marruecos,51-65,Agriculture,1,43.35676123522725,-5.8347341547330975
2019,Oviedo,Marruecos,51-65,Construction,2,43.34188161295669,-5.85915957469499
2019,Oviedo,Marruecos,51-65,Industry,2,43.3597755172593,-5.842696111720265
2019,Oviedo,Marruecos,51-65,Unemployed/Seeking,3,43.377325830683176,-5.834154220035464
2019,Oviedo,Marruecos,65+,Services,2,43.35408026241294,-5.832406337745865
2019,Oviedo,Marruecos,65+,Agriculture,1,43.35136722765685,-5.856065635466066
2019,Oviedo,Marruecos,65+,Construction,1,43.362036566858755,-5.8397555483305394
2019,Oviedo,Marruecos,65+,Industry,2,43.34520444286305,-5.8528088557204585
2019,Oviedo,Marruecos,65+,Unemployed/Seeking,1,43.36344704734784,-5.86724812791638
2019,Oviedo,Colombia,18-25,Services,3,43.35358744573584,-5.8320884471496655
2019,Oviedo,Colombia,18-25,Agriculture,2,43.34554275800643,-5.841968494204484
2019,Oviedo,Colombia,18-25,Construction,3,43.37199761093364,-5.852459069735194
2019,Oviedo,Colombia,18-25,Industry,2,43.3785795020833,-5.860369686675474
2019,Oviedo,Colombia,18-25,Unemployed/Seeking,1,43.37064563566754,-5.85849027711948
2019,Oviedo,Colombia,26-35,Services,2,43.36449193302284,-5.8473355348246
2019,Oviedo,Colombia,26-35,Agriculture,4,43.356676100254546,-5.836733194975148
2019,Oviedo,Colombia,26-35,Construction,2,43.36189089163632,-5.863370790755808
2019,Oviedo,Colombia,26-35,Industry,3,43.364273883445655,-5.837446272406422
2019,Oviedo,Colombia,26-35,Unemployed/Seeking,1,43.366662424132805,-5.841043999803327
2019,Oviedo,Colombia,36-50,Services,4,43.36016556768624,-5.86577363759299
2019,Oviedo,Colombia,36-50,Agriculture,2,43.3611816136584,-5.85105085090193
2019,Oviedo,Colombia,36-50,Construction,2,43.35959463460792,-5.841774748688939
2019,Oviedo,Colombia,36-50,Industry,2,43.372637425967085,-5.857325957142669
2019,Oviedo,Colombia,36-50,Unemployed/Seeking,3,43.3662821835388,-5.853248303699909
2019,Oviedo,Colombia,51-65,Services,2,43.3692000893081,-5.865027587445776
2019,Oviedo,Colombia,51-65,Agriculture,1,43.344603278273,-5.84212545058984
2019,Oviedo,Colombia,51-65,Construction,1,43.36814120488838,-5.846071555552439
2019,Oviedo,Colombia,51-65,Industry,2,43.37949425471412,-5.842394490979173
2019,Oviedo,Colombia,51-65,Unemployed/Seeking,3,43.37942940939199,-5.843008704657958
2019,Oviedo,Colombia,65+,Services,3,43.35796839145615,-5.859413437044606
2019,Oviedo,Colombia,65+,Agriculture,3,43.35810178930612,-5.856465589903795
2019,Oviedo,Colombia,65+,Construction,1,43.34360626427678,-5.8683906709062015
2019,Oviedo,Colombia,65+,Industry,2,43.36398297267548,-5.833957409412654
2019,Oviedo,Colombia,65+,Unemployed/Seeking,3,43.361485872826215,-5.846810967159765
2019,Oviedo,Venezuela,18-25,Services,2,43.3423514261054,-5.860395537598697
2019,Oviedo,Venezuela,18-25,Agriculture,2,43.3444888667893,-5.842464633175084
2019,Oviedo,Venezuela,18-25,Construction,1,43.37096341095937,-5.845841407473067
2019,Oviedo,Venezuela,18-25,Industry,3,43.37547444191101,-5.837898337630184
2019,Oviedo,Venezuela,18-25,Unemployed/Seeking,3,43.34510646907204,-5.856903233868295
2019,Oviedo,Venezuela,26-35,Services,5,43.36674468456581,-5.83392222520769
2019,Oviedo,Venezuela,26-35,Agriculture,4,43.35811522354265,-5.843426098475675
2019,Oviedo,Venezuela,26-35,Construction,1,43.346016208450706,-5.859172553748912
2019,Oviedo,Venezuela,26-35,Industry,1,43.37227873045237,-5.846582114850533
2019,Oviedo,Venezuela,26-35,Unemployed/Seeking,3,43.364195998170544,-5.842140494906133
2019,Oviedo,Venezuela,36-50,Services,3,43.37967754024984,-5.864088056471056
2019,Oviedo,Venezuela,36-50,Agriculture,1,43.36903644112167,-5.8668551102969815
2019,Oviedo,Venezuela,36-50,Construction,2,43.35291238413422,-5.858903220360823
2019,Oviedo,Venezuela,36-50,Industry,3,43.36322579827666,-5.868604335461897
2019,Oviedo,Venezuela,36-50,Unemployed/Seeking,3,43.346209053804536,-5.8593898459632605
2019,Oviedo,Venezuela,51-65,Services,4,43.35292686210918,-5.846711855967283
2019,Oviedo,Venezuela,51-65,Agriculture,3,43.37661030732188,-5.844414756224697
2019,Oviedo,Venezuela,51-65,Construction,1,43.35714841259518,-5.852483380505095
2019,Oviedo,Venezuela,51-65,Industry,3,43.36539278281235,-5.862091119497829
2019,Oviedo,Venezuela,51-65,Unemployed/Seeking,2,43.36262652898181,-5.829588416678081
2019,Oviedo,Venezuela,65+,Services,3,43.36841433370156,-5.8518178785122394
2019,Oviedo,Venezuela,65+,Agriculture,1,43.354569948135634,-5.853266957477946
2019,Oviedo,Venezuela,65+,Construction,2,43.34798629304821,-5.862892525592649
2019,Oviedo,Venezuela,65+,Industry,2,43.376461393354106,-5.836879637505332
2019,Oviedo,Venezuela,65+,Unemployed/Seeking,3,43.362323706371505,-5.862978086499412
2019,Oviedo,Resto de España,18-25,Services,1,43.34291308736732,-5.85837339492498
2019,Oviedo,Resto de España,18-25,Agriculture,2,43.35881972752279,-5.839993805675299
2019,Oviedo,Resto de España,18-25,Construction,3,43.36118816925148,-5.839876452472251
2019,Oviedo,Resto de España,18-25,Industry,1,43.3512704479573,-5.8613084017393
2019,Oviedo,Resto de España,18-25,Unemployed/Seeking,1,43.37238264243791,-5.859902806928227
2019,Oviedo,Resto de España,26-35,Services,1,43.37713961800263,-5.833927786201424
2019,Oviedo,Resto de España,26-35,Agriculture,3,43.35412560901764,-5.84561332232027
2019,Oviedo,Resto de España,26-35,Construction,3,43.364786437781156,-5.832358116977125
2019,Oviedo,Resto de España,26-35,Industry,4,43.36863443355384,-5.837308500637245
2019,Oviedo,Resto de España,26-35,Unemployed/Seeking,3,43.37343420731582,-5.868791446678361
2019,Oviedo,Resto de España,36-50,Services,2,43.346660752247814,-5.861991891023428
2019,Oviedo,Resto de España,36-50,Agriculture,2,43.3589764303432,-5.836757545714051
2019,Oviedo,Resto de España,36-50,Construction,4,43.35268769821248,-5.845488508400576
2019,Oviedo,Resto de España,36-50,Industry,2,43.375375381014614,-5.846377988706278
2019,Oviedo,Resto de España,36-50,Unemployed/Seeking,2,43.36914938157279,-5.848940181988633
2019,Oviedo,Resto de España,51-65,Services,2,43.34723363111219,-5.84425272780977
2019,Oviedo,Resto de España,51-65,Agriculture,3,43.346132452637356,-5.855224017389472
2019,Oviedo,Resto de España,51-65,Construction,2,43.35405722756921,-5.835021136728231
2019,Oviedo,Resto de España,51-65,Industry,2,43.34424491386673,-5.8650805934217916
2019,Oviedo,Resto de España,51-65,Unemployed/Seeking,1,43.34564828387125,-5.863620188476285
2019,Oviedo,Resto de España,65+,Services,1,43.377822959174075,-5.838078512951078
2019,Oviedo,Resto de España,65+,Agriculture,2,43.35986600857269,-5.864793403135902
2019,Oviedo,Resto de España,65+,Construction,2,43.368341925385856,-5.845935587126587
2019,Oviedo,Resto de España,65+,Industry,3,43.37792450142532,-5.83196559382764
2019,Oviedo,Resto de España,65+,Unemployed/Seeking,3,43.374603994064906,-5.838654467217403
2019,Oviedo,Otros,18-25,Services,1,43.347004321661146,-5.867505652641129
2019,Oviedo,Otros,18-25,Agriculture,3,43.38082398941388,-5.85847753305762
2019,Oviedo,Otros,18-25,Construction,2,43.34735787401001,-5.843446583889358
2019,Oviedo,Otros,18-25,Industry,2,43.365173989231785,-5.843559450606957
2019,Oviedo,Otros,18-25,Unemployed/Seeking,3,43.356773628113324,-5.848947824388579
2019,Oviedo,Otros,26-35,Services,3,43.34997085882245,-5.83613744892994
2019,Oviedo,Otros,26-35,Agriculture,3,43.37310749228851,-5.8679217845056435
2019,Oviedo,Otros,26-35,Construction,1,43.373399822026485,-5.847757523691578
2019,Oviedo,Otros,26-35,Industry,4,43.37747858876987,-5.865401360422095
2019,Oviedo,Otros,26-35,Unemployed/Seeking,3,43.34326642452932,-5.855211256222164
2019,Oviedo,Otros,36-50,Services,4,43.37790155195592,-5.855512679264975
2019,Oviedo,Otros,36-50,Agriculture,3,43.36611285371354,-5.8592844890336355
2019,Oviedo,Otros,36-50,Construction,3,43.37537573279032,-5.854327955665351
2019,Oviedo,Otros,36-50,Industry,2,43.34680678315021,-5.840357722618602
2019,Oviedo,Otros,36-50,Unemployed/Seeking,1,43.35896356593584,-5.82960561161697
2019,Oviedo,Otros,51-65,Services,1,43.34635967995844,-5.848198811197684
2019,Oviedo,Otros,51-65,Agriculture,2,43.37787576615333,-5.867203532888022
2019,Oviedo,Otros,51-65,Construction,2,43.37829916473475,-5.855147454229956
2019,Oviedo,Otros,51-65,Industry,3,43.38058762409248,-5.863064301485477
2019,Oviedo,Otros,51-65,Unemployed/Seeking,2,43.376651977356076,-5.869129354715936
2019,Oviedo,Otros,65+,Services,3,43.341739102404595,-5.869236193110495
2019,Oviedo,Otros,65+,Agriculture,2,43.34866526731029,-5.831412762516656
2019,Oviedo,Otros,65+,Construction,1,43.371907368668566,-5.86359031878876
2019,Oviedo,Otros,65+,Industry,3,43.377531036474174,-5.8591452074579236
2019,Oviedo,Otros,65+,Unemployed/Seeking,2,43.378128628921445,-5.853410669094471
2019,Gijón,Rumanía,18-25,Services,2,43.52182681412772,-5.668328822561596
2019,Gijón,Rumanía,18-25,Agriculture,3,43.52306487811864,-5.652265233407674
2019,Gijón,Rumanía,18-25,Construction,3,43.51586300609851,-5.679916867216851
2019,Gijón,Rumanía,18-25,Industry,2,43.53194236718292,-5.671564432253961
2019,Gijón,Rumanía,18-25,Unemployed/Seeking,1,43.53655133728418,-5.654719712069794
2019,Gijón,Rumanía,26-35,Services,2,43.522057496179094,-5.656583153321578
2019,Gijón,Rumanía,26-35,Agriculture,4,43.53614507155078,-5.667305266696325
2019,Gijón,Rumanía,26-35,Construction,2,43.532898132096356,-5.653084457914827
2019,Gijón,Rumanía,26-35,Industry,3,43.53203748519134,-5.647617955746998
2019,Gijón,Rumanía,26-35,Unemployed/Seeking,4,43.54931498487931,-5.66876253488432
2019,Gijón,Rumanía,36-50,Services,2,43.52757988723385,-5.678503549798034
2019,Gijón,Rumanía,36-50,Agriculture,4,43.548154878785105,-5.665818759095418
2019,Gijón,Rumanía,36-50,Construction,5,43.520909700439724,-5.645736822581098
2019,Gijón,Rumanía,36-50,Industry,1,43.515488510993784,-5.6734437611964355
2019,Gijón,Rumanía,36-50,Unemployed/Seeking,3,43.54631739721943,-5.650287545682459
2019,Gijón,Rumanía,51-65,Services,2,43.55057849522544,-5.6520578996835535
2019,Gijón,Rumanía,51-65,Agriculture,3,43.5190161137378,-5.665950524828309
2019,Gijón,Rumanía,51-65,Construction,3,43.54187987594206,-5.675278747893165
2019,Gijón,Rumanía,51-65,Industry,2,43.540738510454716,-5.65951775437574
2019,Gijón,Rumanía,51-65,Unemployed/Seeking,2,43.547100379076035,-5.6605236575850615
2019,Gijón,Rumanía,65+,Services,1,43.5175681518632,-5.676106684824192
2019,Gijón,Rumanía,65+,Agriculture,2,43.520188226310836,-5.67315948347379
2019,Gijón,Rumanía,65+,Construction,3,43.548478587338906,-5.6537710778572166
2019,Gijón,Rumanía,65+,Industry,1,43.536361466855865,-5.668680996215638
2019,Gijón,Rumanía,65+,Unemployed/Seeking,2,43.54633501355415,-5.6603275836010605
2019,Gijón,Marruecos,18-25,Services,2,43.54157638079999,-5.643847377864001
2019,Gijón,Marruecos,18-25,Agriculture,1,43.512614717491324,-5.64283523635673
2019,Gijón,Marruecos,18-25,Construction,3,43.53871493057375,-5.680909304287153
2019,Gijón,Marruecos,18-25,Industry,2,43.524366483002254,-5.680505236944784
2019,Gijón,Marruecos,18-25,Unemployed/Seeking,1,43.541453911399614,-5.650635914939137
2019,Gijón,Marruecos,26-35,Services,3,43.52870580155763,-5.6689921175414
2019,Gijón,Marruecos,26-35,Agriculture,3,43.513532946230264,-5.676485215524267
2019,Gijón,Marruecos,26-35,Construction,3,43.54104645197373,-5.680130267008243
2019,Gijón,Marruecos,26-35,Industry,1,43.54502485360083,-5.650146146298949
2019,Gijón,Marruecos,26-35,Unemployed/Seeking,2,43.520390456240236,-5.6767322040864086
2019,Gijón,Marruecos,36-50,Services,3,43.51286455948948,-5.646690593808393
2019,Gijón,Marruecos,36-50,Agriculture,2,43.52174005722551,-5.64332012637413
2019,Gijón,Marruecos,36-50,Construction,2,43.54536306073589,-5.651159643941381
2019,Gijón,Marruecos,36-50,Industry,1,43.51521768487352,-5.668798315638866
2019,Gijón,Marruecos,36-50,Unemployed/Seeking,3,43.53421356735701,-5.653142994005505
2019,Gijón,Marruecos,51-65,Services,2,43.52538086404039,-5.655598485676322
2019,Gijón,Marruecos,51-65,Agriculture,3,43.526095037632025,-5.657020126538924
2019,Gijón,Marruecos,51-65,Construction,2,43.52274722937573,-5.677400778316714
2019,Gijón,Marruecos,51-65,Industry,2,43.543482767854236,-5.654384482035515
2019,Gijón,Marruecos,51-65,Unemployed/Seeking,1,43.542568085981436,-5.6671701153362966
2019,Gijón,Marruecos,65+,Services,2,43.51706009694245,-5.679238723706898
2019,Gijón,Marruecos,65+,Agriculture,3,43.54438581043019,-5.6701019464309566
2019,Gijón,Marruecos,65+,Construction,1,43.514740056898525,-5.668934528342963
2019,Gijón,Marruecos,65+,Industry,2,43.525767653832915,-5.680116353614602
2019,Gijón,Marruecos,65+,Unemployed/Seeking,2,43.53345021154534,-5.675936072979449
2019,Gijón,Colombia,18-25,Services,1,43.53970063725583,-5.651927715196275
2019,Gijón,Colombia,18-25,Agriculture,1,43.523301323906104,-5.652584014145396
2019,Gijón,Colombia,18-25,Construction,1,43.52079878446288,-5.65195824108408
2019,Gijón,Colombia,18-25,Industry,1,43.523718123471504,-5.676609955677144
2019,Gijón,Colombia,18-25,Unemployed/Seeking,2,43.551928490289555,-5.675965164852216
2019,Gijón,Colombia,26-35,Services,4,43.52467094552486,-5.650069660316942
2019,Gijón,Colombia,26-35,Agriculture,2,43.55099959485218,-5.656209407003262
2019,Gijón,Colombia,26-35,Construction,1,43.52535728262467,-5.6624342560029515
2019,Gijón,Colombia,26-35,Industry,2,43.55050222336358,-5.655208057120437
2019,Gijón,Colombia,26-35,Unemployed/Seeking,3,43.52101166961194,-5.675630611390434
2019,Gijón,Colombia,36-50,Services,4,43.53578598935636,-5.644629207724339
2019,Gijón,Colombia,36-50,Agriculture,2,43.51534481680775,-5.659834550844453
2019,Gijón,Colombia,36-50,Construction,3,43.53406668174633,-5.678964050210356
2019,Gijón,Colombia,36-50,Industry,3,43.54309931410099,-5.665761329671595
2019,Gijón,Colombia,36-50,Unemployed/Seeking,1,43.53682038670653,-5.670135611484629
2019,Gijón,Colombia,51-65,Services,1,43.53467001225926,-5.681499220646613
2019,Gijón,Colombia,51-65,Agriculture,3,43.517930419096736,-5.66740600437284
2019,Gijón,Colombia,51-65,Construction,2,43.535731020755,-5.642873829244073
2019,Gijón,Colombia,51-65,Industry,2,43.528303311414824,-5.6742605501992625
2019,Gijón,Colombia,51-65,Unemployed/Seeking,3,43.51791683784479,-5.663266622098944
2019,Gijón,Colombia,65+,Services,2,43.532593738760085,-5.647874759682236
2019,Gijón,Colombia,65+,Agriculture,2,43.538409646572056,-5.642182386777828
2019,Gijón,Colombia,65+,Construction,1,43.519201034643714,-5.66397723629787
2019,Gijón,Colombia,65+,Industry,2,43.51662491062469,-5.6449652232876435
2019,Gijón,Colombia,65+,Unemployed/Seeking,1,43.54128887827814,-5.675226268902481
2019,Gijón,Venezuela,18-25,Services,1,43.528593167444605,-5.643455964535937
2019,Gijón,Venezuela,18-25,Agriculture,2,43.55098641313629,-5.655836962190908
2019,Gijón,Venezuela,18-25,Construction,1,43.52349061194525,-5.658081342238051
2019,Gijón,Venezuela,18-25,Industry,1,43.53721999073567,-5.655251483892512
2019,Gijón,Venezuela,18-25,Unemployed/Seeking,1,43.54023831316625,-5.672380245694213
2019,Gijón,Venezuela,26-35,Services,4,43.54915082933733,-5.662180967538981
2019,Gijón,Venezuela,26-35,Agriculture,2,43.51612674148453,-5.678415222553547
2019,Gijón,Venezuela,26-35,Construction,3,43.54312114060428,-5.660348673811332
2019,Gijón,Venezuela,26-35,Industry,3,43.5214517513439,-5.676655698960602
2019,Gijón,Venezuela,26-35,Unemployed/Seeking,2,43.541048683573045,-5.677581503955027
2019,Gijón,Venezuela,36-50,Services,4,43.515030656957144,-5.655471828267888
2019,Gijón,Venezuela,36-50,Agriculture,3,43.516214778066455,-5.64391850450118
2019,Gijón,Venezuela,36-50,Construction,3,43.512606563702626,-5.6503073104338455
2019,Gijón,Venezuela,36-50,Industry,1,43.54616803215018,-5.679215418867789
2019,Gijón,Venezuela,36-50,Unemployed/Seeking,2,43.5131956335964,-5.666138760259615
2019,Gijón,Venezuela,51-65,Services,4,43.53524305647455,-5.658961098942243
2019,Gijón,Venezuela,51-65,Agriculture,1,43.527577953649136,-5.64361293044865
2019,Gijón,Venezuela,51-65,Construction,1,43.53830319405496,-5.6720430863960365
2019,Gijón,Venezuela,51-65,Industry,2,43.54097323063878,-5.678870084306783
2019,Gijón,Venezuela,51-65,Unemployed/Seeking,2,43.5284128930063,-5.667742832291219
2019,Gijón,Venezuela,65+,Services,1,43.53171290179098,-5.6768925215597195
2019,Gijón,Venezuela,65+,Agriculture,3,43.537239615895786,-5.668494957087654
2019,Gijón,Venezuela,65+,Construction,3,43.53451781012758,-5.642857251945169
2019,Gijón,Venezuela,65+,Industry,1,43.53872922339412,-5.662637769186686
2019,Gijón,Venezuela,65+,Unemployed/Seeking,2,43.53679649497287,-5.6811805138787035
2019,Gijón,Resto de España,18-25,Services,3,43.542994056986814,-5.674861020016139
2019,Gijón,Resto de España,18-25,Agriculture,1,43.527677929878216,-5.664938644911316
2019,Gijón,Resto de España,18-25,Construction,2,43.53226734683829,-5.652620567835509
2019,Gijón,Resto de España,18-25,Industry,2,43.533096167529116,-5.679787512712924
2019,Gijón,Resto de España,18-25,Unemployed/Seeking,1,43.535284111571656,-5.672010007929775
2019,Gijón,Resto de España,26-35,Services,2,43.5122356938113,-5.646554782244627
2019,Gijón,Resto de España,26-35,Agriculture,1,43.51812002252208,-5.646703929272691
2019,Gijón,Resto de España,26-35,Construction,3,43.52960332769929,-5.65978430304344
2019,Gijón,Resto de España,26-35,Industry,3,43.5354490963672,-5.664805079109906
2019,Gijón,Resto de España,26-35,Unemployed/Seeking,3,43.5268769135061,-5.6468563881903995
2019,Gijón,Resto de España,36-50,Services,2,43.54546578691774,-5.652421340537337
2019,Gijón,Resto de España,36-50,Agriculture,3,43.54128619672932,-5.655762489936206
2019,Gijón,Resto de España,36-50,Construction,4,43.54454935107849,-5.652162259065699
2019,Gijón,Resto de España,36-50,Industry,2,43.52262636061666,-5.672269689940774
2019,Gijón,Resto de España,36-50,Unemployed/Seeking,1,43.54545020450294,-5.657328803220609
2019,Gijón,Resto de España,51-65,Services,2,43.51659535304763,-5.652942836234586
2019,Gijón,Resto de España,51-65,Agriculture,2,43.531414017475605,-5.676511214839245
2019,Gijón,Resto de España,51-65,Construction,2,43.541614869102446,-5.641782872939969
2019,Gijón,Resto de España,51-65,Industry,3,43.53997241099855,-5.656063484743542
2019,Gijón,Resto de España,51-65,Unemployed/Seeking,2,43.54373816769226,-5.667428377536616
2019,Gijón,Resto de España,65+,Services,2,43.52399350716829,-5.654162986811716
2019,Gijón,Resto de España,65+,Agriculture,1,43.53322335168718,-5.651305020936623
2019,Gijón,Resto de España,65+,Construction,2,43.54522585773767,-5.662803086502149
2019,Gijón,Resto de España,65+,Industry,2,43.53502348129539,-5.64248200568661
2019,Gijón,Resto de España,65+,Unemployed/Seeking,2,43.53397100684196,-5.666028763560354
2019,Gijón,Otros,18-25,Services,2,43.518593791546,-5.67481976094173
2019,Gijón,Otros,18-25,Agriculture,2,43.53097158787366,-5.65291969561623
2019,Gijón,Otros,18-25,Construction,3,43.550117880738576,-5.674683251156431
2019,Gijón,Otros,18-25,Industry,2,43.524500795880606,-5.6784516258573055
2019,Gijón,Otros,18-25,Unemployed/Seeking,2,43.54109183531932,-5.663120413112231
2019,Gijón,Otros,26-35,Services,1,43.55059484687962,-5.679950370805774
2019,Gijón,Otros,26-35,Agriculture,3,43.52782218360957,-5.666146551849127
2019,Gijón,Otros,26-35,Construction,3,43.54610773060152,-5.674706157011486
2019,Gijón,Otros,26-35,Industry,2,43.520525251599004,-5.663231284144706
2019,Gijón,Otros,26-35,Unemployed/Seeking,2,43.55067990858583,-5.651240517110635
2019,Gijón,Otros,36-50,Services,2,43.535092510751376,-5.644180846372362
2019,Gijón,Otros,36-50,Agriculture,3,43.53892014670999,-5.642774654111145
2019,Gijón,Otros,36-50,Construction,1,43.52107949212142,-5.66754031335249
2019,Gijón,Otros,36-50,Industry,2,43.521474577564796,-5.675823361201146
2019,Gijón,Otros,36-50,Unemployed/Seeking,3,43.5446254232728,-5.645112442035081
2019,Gijón,Otros,51-65,Services,1,43.53814532134232,-5.655572354945443
2019,Gijón,Otros,51-65,Agriculture,2,43.54464851814528,-5.6593152175925905
2019,Gijón,Otros,51-65,Construction,1,43.52930591368057,-5.663171963588267
2019,Gijón,Otros,51-65,Industry,1,43.51441620574769,-5.674119743555373
2019,Gijón,Otros,51-65,Unemployed/Seeking,3,43.53917732960503,-5.672951163523951
2019,Gijón,Otros,65+,Services,1,43.52287917955059,-5.64931134400782
2019,Gijón,Otros,65+,Agriculture,1,43.52049116515839,-5.657846303109937
2019,Gijón,Otros,65+,Construction,2,43.540330047764314,-5.643514124959181
2019,Gijón,Otros,65+,Industry,2,43.52909879331376,-5.6531470164198
2019,Gijón,Otros,65+,Unemployed/Seeking,2,43.524310197506885,-5.6661748238913505
2020,Aller,Rumanía,18-25,Services,1,43.14219461744406,-5.656711945908065
2020,Aller,Rumanía,18-25,Agriculture,1,43.13847937121549,-5.647523219283338
2020,Aller,Rumanía,18-25,Construction,1,43.140271499243276,-5.667573971392942
2020,Aller,Rumanía,18-25,Industry,1,43.16512684814853,-5.667177333398908
2020,Aller,Rumanía,18-25,Unemployed/Seeking,1,43.14450928339969,-5.64778190104154
2020,Aller,Rumanía,26-35,Services,1,43.14854906011556,-5.635925076206454
2020,Aller,Rumanía,26-35,Agriculture,2,43.163708148704664,-5.650291950029343
2020,Aller,Rumanía,26-35,Construction,1,43.158242060321655,-5.644675735799725
2020,Aller,Rumanía,26-35,Industry,1,43.154369030026814,-5.640760513657144
2020,Aller,Rumanía,26-35,Unemployed/Seeking,1,43.14998001225157,-5.63187459072404
2020,Aller,Rumanía,36-50,Services,1,43.1305050602628,-5.644948142071203
2020,Aller,Rumanía,36-50,Agriculture,2,43.147099788194005,-5.647018261464223
2020,Aller,Rumanía,36-50,Construction,2,43.1559492872116,-5.655261809625817
2020,Aller,Rumanía,36-50,Industry,1,43.16142437478593,-5.630080847293533
2020,Aller,Rumanía,36-50,Unemployed/Seeking,1,43.14416250125041,-5.635960108213671
2020,Aller,Rumanía,51-65,Services,1,43.130839918425075,-5.663230755389614
2020,Aller,Rumanía,51-65,Agriculture,1,43.16178660239232,-5.654354462078309
2020,Aller,Rumanía,51-65,Construction,1,43.158335807260336,-5.65876470942424
2020,Aller,Rumanía,51-65,Industry,1,43.15847004443823,-5.66386877878537
2020,Aller,Rumanía,51-65,Unemployed/Seeking,1,43.13339371121572,-5.651964163941884
2020,Aller,Rumanía,65+,Services,1,43.16706186061131,-5.65479762563416
2020,Aller,Rumanía,65+,Agriculture,1,43.15849218352374,-5.650804594991618
2020,Aller,Rumanía,65+,Construction,1,43.16613122407377,-5.657437251687086
2020,Aller,Rumanía,65+,Industry,1,43.1528680032849,-5.636105806480269
2020,Aller,Rumanía,65+,Unemployed/Seeking,1,43.153543917135195,-5.6399055073780175
2020,Aller,Marruecos,18-25,Services,1,43.16360879978604,-5.643520472962146
2020,Aller,Marruecos,18-25,Agriculture,1,43.14249849953154,-5.6437740842657345
2020,Aller,Marruecos,18-25,Construction,1,43.15752743459888,-5.657084766966493
2020,Aller,Marruecos,18-25,Industry,1,43.16425038690461,-5.641713788049506
2020,Aller,Marruecos,18-25,Unemployed/Seeking,1,43.15909039196927,-5.637115576507383
2020,Aller,Marruecos,26-35,Services,1,43.165365685632544,-5.647175261530658
2020,Aller,Marruecos,26-35,Agriculture,1,43.149255861555574,-5.65917256458459
2020,Aller,Marruecos,26-35,Construction,1,43.13135580019758,-5.63918701834634
2020,Aller,Marruecos,26-35,Industry,1,43.130492629602536,-5.65315138772688
2020,Aller,Marruecos,26-35,Unemployed/Seeking,1,43.14709872288532,-5.655969786964566
2020,Aller,Marruecos,36-50,Services,1,43.14874248775657,-5.637871054158589
2020,Aller,Marruecos,36-50,Agriculture,1,43.14538495209697,-5.6304372398947775
2020,Aller,Marruecos,36-50,Construction,1,43.146961455890434,-5.63839525886679
2020,Aller,Marruecos,36-50,Industry,1,43.1640047844789,-5.639994576582901
2020,Aller,Marruecos,36-50,Unemployed/Seeking,1,43.155272329034524,-5.665401711183055
2020,Aller,Marruecos,51-65,Services,1,43.14776679526305,-5.635709761685538
2020,Aller,Marruecos,51-65,Agriculture,1,43.15433691444091,-5.653585914698529
2020,Aller,Marruecos,51-65,Construction,1,43.15904198837285,-5.6597970412007435
2020,Aller,Marruecos,51-65,Industry,1,43.155558220110514,-5.636804030015076
2020,Aller,Marruecos,51-65,Unemployed/Seeking,1,43.13400695101307,-5.64349827378616
2020,Aller,Marruecos,65+,Services,1,43.136564485417,-5.663178318130905
2020,Aller,Marruecos,65+,Agriculture,1,43.1586027934691,-5.6650066861338315
2020,Aller,Marruecos,65+,Construction,1,43.165574548390744,-5.65503750798969
2020,Aller,Marruecos,65+,Industry,1,43.15742994835353,-5.669328770774991
2020,Aller,Marruecos,65+,Unemployed/Seeking,1,43.14052949946349,-5.658384544397091
2020,Aller,Colombia,18-25,Services,1,43.15176116313865,-5.661793328821452
2020,Aller,Colombia,18-25,Agriculture,1,43.13648981210254,-5.668094200272293
2020,Aller,Colombia,18-25,Construction,1,43.139723341107086,-5.643975706598285
2020,Aller,Colombia,18-25,Industry,1,43.13583258618818,-5.657925493453377
2020,Aller,Colombia,18-25,Unemployed/Seeking,1,43.16557469831513,-5.636262847884477
2020,Aller,Colombia,26-35,Services,2,43.16598564434856,-5.632252047077079
2020,Aller,Colombia,26-35,Agriculture,1,43.159338887239535,-5.663305656961551
2020,Aller,Colombia,26-35,Construction,1,43.1462507323827,-5.640004908526857
2020,Aller,Colombia,26-35,Industry,1,43.143201760544414,-5.661854774690999
2020,Aller,Colombia,26-35,Unemployed/Seeking,1,43.151363116466776,-5.640803125685327
2020,Aller,Colombia,36-50,Services,1,43.156350489733626,-5.6569882225910275
2020,Aller,Colombia,36-50,Agriculture,1,43.15501532695447,-5.655312870728037
2020,Aller,Colombia,36-50,Construction,1,43.145028169144474,-5.663260381592275
2020,Aller,Colombia,36-50,Industry,1,43.16038678934681,-5.660180554419447
2020,Aller,Colombia,36-50,Unemployed/Seeking,1,43.13444999170123,-5.652212007015569
2020,Aller,Colombia,51-65,Services,1,43.13709423551551,-5.653972284210063
2020,Aller,Colombia,51-65,Agriculture,1,43.135714446015484,-5.664433899156903
2020,Aller,Colombia,51-65,Construction,1,43.1456667600483,-5.650753576918394
2020,Aller,Colombia,51-65,Industry,1,43.134789180375215,-5.657274264648264
2020,Aller,Colombia,51-65,Unemployed/Seeking,1,43.13737833605031,-5.635927521637612
2020,Aller,Colombia,65+,Services,1,43.135990750659325,-5.653208460895703
2020,Aller,Colombia,65+,Agriculture,1,43.15370940444473,-5.669663483489825
2020,Aller,Colombia,65+,Construction,1,43.16071331234655,-5.644879612129834
2020,Aller,Colombia,65+,Industry,1,43.15020637321296,-5.644248267217123
2020,Aller,Colombia,65+,Unemployed/Seeking,1,43.148211232331974,-5.659923884379929
2020,Aller,Venezuela,18-25,Services,1,43.143699035465545,-5.649773187312348
2020,Aller,Venezuela,18-25,Agriculture,1,43.13517709167904,-5.649367763279942
2020,Aller,Venezuela,18-25,Construction,1,43.1407469573813,-5.660053377427149
2020,Aller,Venezuela,18-25,Industry,1,43.14647801972906,-5.65212751047078
2020,Aller,Venezuela,18-25,Unemployed/Seeking,1,43.1483867832134,-5.6501074831821185
2020,Aller,Venezuela,26-35,Services,1,43.15977288854205,-5.65705804368781
2020,Aller,Venezuela,26-35,Agriculture,1,43.135976844309724,-5.635663958255902
2020,Aller,Venezuela,26-35,Construction,1,43.16355477434667,-5.6551142391613745
2020,Aller,Venezuela,26-35,Industry,1,43.14783542134879,-5.6624010244426755
2020,Aller,Venezuela,26-35,Unemployed/Seeking,1,43.152721088769965,-5.6552185869749225
2020,Aller,Venezuela,36-50,Services,1,43.166953763916744,-5.634964444751521
2020,Aller,Venezuela,36-50,Agriculture,1,43.13096598015715,-5.644039846392436
2020,Aller,Venezuela,36-50,Construction,1,43.167151052256465,-5.659839002943193
2020,Aller,Venezuela,36-50,Industry,1,43.13339112782924,-5.641525232657442
2020,Aller,Venezuela,36-50,Unemployed/Seeking,1,43.148829721215606,-5.64132989088724
2020,Aller,Venezuela,51-65,Services,1,43.14933163556135,-5.633139720441754
2020,Aller,Venezuela,51-65,Agriculture,1,43.14042207293895,-5.6469102606758454
2020,Aller,Venezuela,51-65,Construction,1,43.13192122750967,-5.664019632876495
2020,Aller,Venezuela,51-65,Industry,1,43.14423630417869,-5.651533160723727
2020,Aller,Venezuela,51-65,Unemployed/Seeking,1,43.161683675290156,-5.650670250235562
2020,Aller,Venezuela,65+,Services,1,43.15990605816969,-5.668984226426917
2020,Aller,Venezuela,65+,Agriculture,1,43.165110549459456,-5.652450337453313
2020,Aller,Venezuela,65+,Construction,1,43.135658440515556,-5.636584614760889
2020,Aller,Venezuela,65+,Industry,1,43.13588762648717,-5.633884944326914
2020,Aller,Venezuela,65+,Unemployed/Seeking,1,43.143764637345214,-5.652956821879352
2020,Aller,Resto de España,18-25,Services,1,43.15557843930879,-5.654907406376279
2020,Aller,Resto de España,18-25,Agriculture,1,43.16614112535178,-5.638416626390056
2020,Aller,Resto de España,18-25,Construction,1,43.136412000826084,-5.663643238593329
2020,Aller,Resto de España,18-25,Industry,1,43.13812393928057,-5.640082564730212
2020,Aller,Resto de España,18-25,Unemployed/Seeking,1,43.169014880825934,-5.665803565840942
2020,Aller,Resto de España,26-35,Services,1,43.16222062113842,-5.643001271815766
2020,Aller,Resto de España,26-35,Agriculture,1,43.15216905043312,-5.635238681855769
2020,Aller,Resto de España,26-35,Construction,1,43.153464010969344,-5.645219803012611
2020,Aller,Resto de España,26-35,Industry,1,43.1300643314122,-5.632077370567952
2020,Aller,Resto de España,26-35,Unemployed/Seeking,1,43.1407441614657,-5.667511798520968
2020,Aller,Resto de España,36-50,Services,2,43.16898912006473,-5.668879034272393
2020,Aller,Resto de España,36-50,Agriculture,1,43.13282193398265,-5.652293478461284
2020,Aller,Resto de España,36-50,Construction,2,43.14346802943326,-5.633906845300986
2020,Aller,Resto de España,36-50,Industry,1,43.15246291106474,-5.639654772516039
2020,Aller,Resto de España,36-50,Unemployed/Seeking,1,43.13878321966737,-5.636467123404441
2020,Aller,Resto de España,51-65,Services,1,43.139399450038255,-5.646383196063015
2020,Aller,Resto de España,51-65,Agriculture,1,43.137635813920525,-5.65756976120566
2020,Aller,Resto de España,51-65,Construction,1,43.130995615164736,-5.655289933943888
2020,Aller,Resto de España,51-65,Industry,1,43.167327429909314,-5.660429837852997
2020,Aller,Resto de España,51-65,Unemployed/Seeking,1,43.15877224059959,-5.637897289230478
2020,Aller,Resto de España,65+,Services,1,43.15957480938103,-5.652199930830001
2020,Aller,Resto de España,65+,Agriculture,1,43.13874727840111,-5.658544779812814
2020,Aller,Resto de España,65+,Construction,1,43.161270458991964,-5.6614499432469945
2020,Aller,Resto de España,65+,Industry,1,43.15738646582716,-5.636335383891971
2020,Aller,Resto de España,65+,Unemployed/Seeking,1,43.13235985466343,-5.660831281336295
2020,Aller,Otros,18-25,Services,1,43.16716283838928,-5.641042316460983
2020,Aller,Otros,18-25,Agriculture,1,43.155770404055495,-5.639563685079608
2020,Aller,Otros,18-25,Construction,1,43.134435206778875,-5.656386978834376
2020,Aller,Otros,18-25,Industry,1,43.14608880015072,-5.659296567086059
2020,Aller,Otros,18-25,Unemployed/Seeking,1,43.1327378368305,-5.640260576172351
2020,Aller,Otros,26-35,Services,1,43.16508429508305,-5.667896392288014
2020,Aller,Otros,26-35,Agriculture,1,43.1445157130247,-5.655531314148322
2020,Aller,Otros,26-35,Construction,1,43.135240027628186,-5.651144919444502
2020,Aller,Otros,26-35,Industry,1,43.13820451843445,-5.637738393013242
2020,Aller,Otros,26-35,Unemployed/Seeking,1,43.13422236949226,-5.649195545241143
2020,Aller,Otros,36-50,Services,1,43.138608344627684,-5.630453137587834
2020,Aller,Otros,36-50,Agriculture,1,43.14155128319586,-5.659098125978544
2020,Aller,Otros,36-50,Construction,1,43.166576204155184,-5.662038858409469
2020,Aller,Otros,36-50,Industry,1,43.15038796106511,-5.643520933663637
2020,Aller,Otros,36-50,Unemployed/Seeking,1,43.138516844848716,-5.6489092781706365
2020,Aller,Otros,51-65,Services,1,43.162978400576975,-5.639400760631623
2020,Aller,Otros,51-65,Agriculture,1,43.13659990102708,-5.643719775603194
2020,Aller,Otros,51-65,Construction,1,43.153881776250806,-5.669003899863206
2020,Aller,Otros,51-65,Industry,1,43.152150393219294,-5.6354764574034295
2020,Aller,Otros,51-65,Unemployed/Seeking,1,43.15061863274456,-5.651936062782729
2020,Aller,Otros,65+,Services,1,43.14079057783236,-5.65243469504418
2020,Aller,Otros,65+,Agriculture,1,43.14744289336427,-5.638389454912059
2020,Aller,Otros,65+,Construction,1,43.14757029992581,-5.64907914636446
2020,Aller,Otros,65+,Industry,1,43.13992009074204,-5.638953522222379
2020,Aller,Otros,65+,Unemployed/Seeking,1,43.16182331931892,-5.639909851856303
2020,Mieres,Rumanía,18-25,Services,3,43.248931488324985,-5.769639294088327
2020,Mieres,Rumanía,18-25,Agriculture,5,43.24506624202267,-5.770874230759545
2020,Mieres,Rumanía,18-25,Construction,4,43.234144335872784,-5.781262942588173
2020,Mieres,Rumanía,18-25,Industry,3,43.238247030752134,-5.773611876231151
2020,Mieres,Rumanía,18-25,Unemployed/Seeking,4,43.23079062763781,-5.762540600517408
2020,Mieres,Rumanía,26-35,Services,4,43.24084057591276,-5.7771205708346605
2020,Mieres,Rumanía,26-35,Agriculture,8,43.231746675202885,-5.766940080952503
2020,Mieres,Rumanía,26-35,Construction,7,43.255128999955424,-5.789692851422052
2020,Mieres,Rumanía,26-35,Industry,4,43.24227107600543,-5.756970090346402
2020,Mieres,Rumanía,26-35,Unemployed/Seeking,6,43.24961039714221,-5.770011400235857
2020,Mieres,Rumanía,36-50,Services,3,43.24150264962261,-5.786537368236691
2020,Mieres,Rumanía,36-50,Agriculture,4,43.26094662393914,-5.78273053141541
2020,Mieres,Rumanía,36-50,Construction,6,43.23809311864996,-5.775521161422917
2020,Mieres,Rumanía,36-50,Industry,4,43.2406485577802,-5.793728257576624
2020,Mieres,Rumanía,36-50,Unemployed/Seeking,4,43.26588752660529,-5.78142443868147
2020,Mieres,Rumanía,51-65,Services,5,43.2686099850492,-5.755090254515155
2020,Mieres,Rumanía,51-65,Agriculture,7,43.26271786928201,-5.777503067058103
2020,Mieres,Rumanía,51-65,Construction,6,43.24428372772934,-5.761910613071411
2020,Mieres,Rumanía,51-65,Industry,4,43.26428352540831,-5.764893469468697
2020,Mieres,Rumanía,51-65,Unemployed/Seeking,4,43.239056312700484,-5.758787469823505
2020,Mieres,Rumanía,65+,Services,3,43.24478988881267,-5.774137927102446
2020,Mieres,Rumanía,65+,Agriculture,5,43.263838190831926,-5.789403215965472
2020,Mieres,Rumanía,65+,Construction,4,43.266439645507816,-5.780094008376003
2020,Mieres,Rumanía,65+,Industry,3,43.2673349608537,-5.781186159565854
2020,Mieres,Rumanía,65+,Unemployed/Seeking,2,43.232927494122016,-5.777324540165573
2020,Mieres,Marruecos,18-25,Services,4,43.2564211354845,-5.790147944509812
2020,Mieres,Marruecos,18-25,Agriculture,5,43.23107894551487,-5.7848465892479926
2020,Mieres,Marruecos,18-25,Construction,5,43.24115326802801,-5.7674304825613545
2020,Mieres,Marruecos,18-25,Industry,4,43.25838050079162,-5.789763554757931
2020,Mieres,Marruecos,18-25,Unemployed/Seeking,3,43.25056237469866,-5.755542223814427
2020,Mieres,Marruecos,26-35,Services,5,43.2660619798841,-5.788319413595182
2020,Mieres,Marruecos,26-35,Agriculture,2,43.26858922051527,-5.769216688827039
2020,Mieres,Marruecos,26-35,Construction,5,43.25121229869017,-5.782474990760157
2020,Mieres,Marruecos,26-35,Industry,7,43.24939929440263,-5.765258069206523
2020,Mieres,Marruecos,26-35,Unemployed/Seeking,4,43.23681970798418,-5.759841616339579
2020,Mieres,Marruecos,36-50,Services,6,43.24136387297593,-5.794139642198365
2020,Mieres,Marruecos,36-50,Agriculture,3,43.264925595746156,-5.758412313465832
2020,Mieres,Marruecos,36-50,Construction,3,43.24368914641106,-5.772056004047733
2020,Mieres,Marruecos,36-50,Industry,4,43.2551754814436,-5.7701922336882845
2020,Mieres,Marruecos,36-50,Unemployed/Seeking,2,43.26729530134764,-5.75553565745766
2020,Mieres,Marruecos,51-65,Services,5,43.24403093282661,-5.766715218406338
2020,Mieres,Marruecos,51-65,Agriculture,3,43.25755121441666,-5.781837346159161
2020,Mieres,Marruecos,51-65,Construction,5,43.23330261574229,-5.79153491859797
2020,Mieres,Marruecos,51-65,Industry,4,43.27024616461611,-5.780604590928124
2020,Mieres,Marruecos,51-65,Unemployed/Seeking,2,43.24181566539907,-5.757109875134764
2020,Mieres,Marruecos,65+,Services,4,43.245453223440066,-5.775768238599396
2020,Mieres,Marruecos,65+,Agriculture,3,43.24913547316168,-5.757629086802089
2020,Mieres,Marruecos,65+,Construction,6,43.2688644266715,-5.7845234856544945
2020,Mieres,Marruecos,65+,Industry,4,43.23739724086347,-5.75667474103347
2020,Mieres,Marruecos,65+,Unemployed/Seeking,5,43.23481350864785,-5.784479571430334
2020,Mieres,Colombia,18-25,Services,2,43.2399454319766,-5.780096467510507
2020,Mieres,Colombia,18-25,Agriculture,4,43.23894304663465,-5.760678849444664
2020,Mieres,Colombia,18-25,Construction,6,43.2324339791514,-5.779290089262
2020,Mieres,Colombia,18-25,Industry,5,43.25673554640903,-5.793414382319022
2020,Mieres,Colombia,18-25,Unemployed/Seeking,5,43.25903655169721,-5.7854188237871
2020,Mieres,Colombia,26-35,Services,7,43.233117411964685,-5.792673841644995
2020,Mieres,Colombia,26-35,Agriculture,5,43.23226336494403,-5.75926783042236
2020,Mieres,Colombia,26-35,Construction,6,43.26758660987578,-5.762362901255696
2020,Mieres,Colombia,26-35,Industry,4,43.24128175953707,-5.772690088785566
2020,Mieres,Colombia,26-35,Unemployed/Seeking,4,43.26653968338005,-5.771428015106315
2020,Mieres,Colombia,36-50,Services,5,43.25709513294718,-5.75593169128662
2020,Mieres,Colombia,36-50,Agriculture,3,43.24588103952588,-5.770368793884377
2020,Mieres,Colombia,36-50,Construction,4,43.269725293341025,-5.776884538029429
2020,Mieres,Colombia,36-50,Industry,6,43.253216075638015,-5.774073499600252
2020,Mieres,Colombia,36-50,Unemployed/Seeking,3,43.247751195504485,-5.78340685484925
2020,Mieres,Colombia,51-65,Services,7,43.23092359341651,-5.788421117979526
2020,Mieres,Colombia,51-65,Agriculture,4,43.26295457366014,-5.774938001740669
2020,Mieres,Colombia,51-65,Construction,4,43.26776793197915,-5.766438250524683
2020,Mieres,Colombia,51-65,Industry,2,43.25318692005147,-5.771624132548427
2020,Mieres,Colombia,51-65,Unemployed/Seeking,3,43.25091836189355,-5.785631634198799
2020,Mieres,Colombia,65+,Services,2,43.24290400824728,-5.757295981791411
2020,Mieres,Colombia,65+,Agriculture,3,43.25876493644278,-5.757382645448321
2020,Mieres,Colombia,65+,Construction,5,43.254317182080385,-5.785841464822074
2020,Mieres,Colombia,65+,Industry,4,43.235345258552776,-5.777241846564644
2020,Mieres,Colombia,65+,Unemployed/Seeking,3,43.26509147090607,-5.7876814647191965
2020,Mieres,Venezuela,18-25,Services,6,43.241362223501476,-5.766811025411804
2020,Mieres,Venezuela,18-25,Agriculture,2,43.23492074299692,-5.764677343813798
2020,Mieres,Venezuela,18-25,Construction,4,43.23074557081478,-5.788279273667518
2020,Mieres,Venezuela,18-25,Industry,4,43.251469355028426,-5.788298540642762
2020,Mieres,Venezuela,18-25,Unemployed/Seeking,5,43.25881475707293,-5.769752686282199
2020,Mieres,Venezuela,26-35,Services,8,43.259960654273684,-5.762752414314722
2020,Mieres,Venezuela,26-35,Agriculture,5,43.23844842288875,-5.763624959218256
2020,Mieres,Venezuela,26-35,Construction,4,43.26620944272898,-5.7870664961071
2020,Mieres,Venezuela,26-35,Industry,6,43.24712609752501,-5.769927351130752
2020,Mieres,Venezuela,26-35,Unemployed/Seeking,6,43.2377696199361,-5.761272322758271
2020,Mieres,Venezuela,36-50,Services,4,43.25734440579338,-5.782201108846904
2020,Mieres,Venezuela,36-50,Agriculture,5,43.262812388133135,-5.75581136659675
2020,Mieres,Venezuela,36-50,Construction,2,43.23644238221546,-5.788218545266385
2020,Mieres,Venezuela,36-50,Industry,6,43.25795809343292,-5.783505194067545
2020,Mieres,Venezuela,36-50,Unemployed/Seeking,6,43.24664120253044,-5.784178504437722
2020,Mieres,Venezuela,51-65,Services,6,43.23263440970849,-5.772010362638825
2020,Mieres,Venezuela,51-65,Agriculture,2,43.23409899335359,-5.772143327661027
2020,Mieres,Venezuela,51-65,Construction,2,43.23229082506168,-5.778510653043045
2020,Mieres,Venezuela,51-65,Industry,4,43.23742635694062,-5.785712621562953
2020,Mieres,Venezuela,51-65,Unemployed/Seeking,3,43.24490459305996,-5.792638623322575
2020,Mieres,Venezuela,65+,Services,4,43.26873493374573,-5.761980000279029
2020,Mieres,Venezuela,65+,Agriculture,5,43.26101055480743,-5.755343732914219
2020,Mieres,Venezuela,65+,Construction,5,43.24652624743014,-5.766988173392462
2020,Mieres,Venezuela,65+,Industry,4,43.23281714798217,-5.776114715415689
2020,Mieres,Venezuela,65+,Unemployed/Seeking,3,43.258471384456236,-5.793576283658598
2020,Mieres,Resto de España,18-25,Services,5,43.23132383481169,-5.7686820900393805
2020,Mieres,Resto de España,18-25,Agriculture,5,43.2459495646346,-5.766628224337198
2020,Mieres,Resto de España,18-25,Construction,2,43.23978316900514,-5.756780734822207
2020,Mieres,Resto de España,18-25,Industry,2,43.23537387330615,-5.785786809461298
2020,Mieres,Resto de España,18-25,Unemployed/Seeking,3,43.24962311802628,-5.791856232716176
2020,Mieres,Resto de España,26-35,Services,6,43.23489388293024,-5.787730745197376
2020,Mieres,Resto de España,26-35,Agriculture,4,43.25450400174021,-5.773628944490451
2020,Mieres,Resto de España,26-35,Construction,4,43.26830430423971,-5.781273448111348
2020,Mieres,Resto de España,26-35,Industry,6,43.23317382800842,-5.7566759371797085
2020,Mieres,Resto de España,26-35,Unemployed/Seeking,3,43.251247281658465,-5.7917790464712455
2020,Mieres,Resto de España,36-50,Services,3,43.234625035814446,-5.7910345511647145
2020,Mieres,Resto de España,36-50,Agriculture,3,43.25395779620368,-5.776280372158974
2020,Mieres,Resto de España,36-50,Construction,4,43.25763988449101,-5.775776462472874
2020,Mieres,Resto de España,36-50,Industry,2,43.25678565625097,-5.77568190518243
2020,Mieres,Resto de España,36-50,Unemployed/Seeking,4,43.26720504255318,-5.776839391021933
2020,Mieres,Resto de España,51-65,Services,3,43.253166807242984,-5.782515364805368
2020,Mieres,Resto de España,51-65,Agriculture,2,43.23325406872185,-5.759330293680525
2020,Mieres,Resto de España,51-65,Construction,2,43.269153248240514,-5.771686892315047
2020,Mieres,Resto de España,51-65,Industry,2,43.26763382160246,-5.787587523291382
2020,Mieres,Resto de España,51-65,Unemployed/Seeking,2,43.24742675727714,-5.782739824127866
2020,Mieres,Resto de España,65+,Services,3,43.24369093422415,-5.782399722376681
2020,Mieres,Resto de España,65+,Agriculture,6,43.246155012711945,-5.791696484433883
2020,Mieres,Resto de España,65+,Construction,4,43.26556879689959,-5.78268259985019
2020,Mieres,Resto de España,65+,Industry,5,43.249783947650464,-5.777102226393563
2020,Mieres,Resto de España,65+,Unemployed/Seeking,3,43.24449055323882,-5.788564709561246
2020,Mieres,Otros,18-25,Services,2,43.25864384376362,-5.776461216975817
2020,Mieres,Otros,18-25,Agriculture,2,43.237453808017854,-5.760595217651891
2020,Mieres,Otros,18-25,Construction,5,43.2562687506075,-5.754583477953729
2020,Mieres,Otros,18-25,Industry,3,43.232014447031425,-5.779812211932088
2020,Mieres,Otros,18-25,Unemployed/Seeking,2,43.2369293930865,-5.790071081114901
2020,Mieres,Otros,26-35,Services,2,43.25657893738585,-5.7765877214614925
2020,Mieres,Otros,26-35,Agriculture,5,43.261796895508574,-5.760629681663074
2020,Mieres,Otros,26-35,Construction,4,43.252581682987135,-5.771067377382079
2020,Mieres,Otros,26-35,Industry,7,43.24028140046145,-5.792488144703822
2020,Mieres,Otros,26-35,Unemployed/Seeking,4,43.24225104899426,-5.779410420236095
2020,Mieres,Otros,36-50,Services,2,43.26699801958901,-5.780966483785031
2020,Mieres,Otros,36-50,Agriculture,6,43.23741232780241,-5.793839494284022
2020,Mieres,Otros,36-50,Construction,5,43.26958752590662,-5.78282870878322
2020,Mieres,Otros,36-50,Industry,4,43.234296837585966,-5.7586438879302815
2020,Mieres,Otros,36-50,Unemployed/Seeking,6,43.26561285364534,-5.776917299969945
2020,Mieres,Otros,51-65,Services,5,43.235308616157326,-5.774304547021781
2020,Mieres,Otros,51-65,Agriculture,4,43.24718659553676,-5.769367075312001
2020,Mieres,Otros,51-65,Construction,2,43.234458083671505,-5.7635894320986365
2020,Mieres,Otros,51-65,Industry,2,43.25518410645329,-5.786444756883912
2020,Mieres,Otros,51-65,Unemployed/Seeking,6,43.241616769972545,-5.789530723406418
2020,Mieres,Otros,65+,Services,2,43.269445123026706,-5.773264173092592
2020,Mieres,Otros,65+,Agriculture,4,43.243228217634396,-5.7845273811205296
2020,Mieres,Otros,65+,Construction,6,43.2384725318967,-5.759823428093262
2020,Mieres,Otros,65+,Industry,3,43.26873978876178,-5.793734775832701
2020,Mieres,Otros,65+,Unemployed/Seeking,3,43.26251925695619,-5.787749723125981
2020,Langreo,Rumanía,18-25,Services,1,43.2963892816516,-5.681479524879311
2020,Langreo,Rumanía,18-25,Agriculture,2,43.27994983241255,-5.665144370875587
2020,Langreo,Rumanía,18-25,Construction,3,43.312920292705705,-5.677894645137966
2020,Langreo,Rumanía,18-25,Industry,1,43.281338291378624,-5.6744026865245925
2020,Langreo,Rumanía,18-25,Unemployed/Seeking,2,43.29746953187652,-5.689296862351201
2020,Langreo,Rumanía,26-35,Services,2,43.28088516317853,-5.676463579541642
2020,Langreo,Rumanía,26-35,Agriculture,3,43.28224096077534,-5.689125410437068
2020,Langreo,Rumanía,26-35,Construction,4,43.30623341549744,-5.675447626052127
2020,Langreo,Rumanía,26-35,Industry,3,43.29384428248813,-5.693596492575879
2020,Langreo,Rumanía,26-35,Unemployed/Seeking,2,43.303362217613184,-5.676550708235145
2020,Langreo,Rumanía,36-50,Services,3,43.30064601618826,-5.6786115624620965
2020,Langreo,Rumanía,36-50,Agriculture,2,43.30779901409543,-5.682418756435288
2020,Langreo,Rumanía,36-50,Construction,3,43.296239025082755,-5.702729947471275
2020,Langreo,Rumanía,36-50,Industry,3,43.281856081926236,-5.691528100645962
2020,Langreo,Rumanía,36-50,Unemployed/Seeking,3,43.30575494116623,-5.6782592222682124
2020,Langreo,Rumanía,51-65,Services,1,43.28261273699155,-5.6941823958951225
2020,Langreo,Rumanía,51-65,Agriculture,3,43.28319709433964,-5.702792436106022
2020,Langreo,Rumanía,51-65,Construction,3,43.29078218968923,-5.663854108878848
2020,Langreo,Rumanía,51-65,Industry,1,43.2799669287844,-5.673281947211902
2020,Langreo,Rumanía,51-65,Unemployed/Seeking,1,43.28222322818462,-5.69984585299682
2020,Langreo,Rumanía,65+,Services,1,43.27671282353401,-5.681934446366304
2020,Langreo,Rumanía,65+,Agriculture,3,43.29113595968358,-5.68649326497447
2020,Langreo,Rumanía,65+,Construction,1,43.30715827655485,-5.696751380378309
2020,Langreo,Rumanía,65+,Industry,2,43.28941499523637,-5.7025874940072265
2020,Langreo,Rumanía,65+,Unemployed/Seeking,2,43.283678273863906,-5.6673353926010375
2020,Langreo,Marruecos,18-25,Services,2,43.29802412126599,-5.70154691442577
2020,Langreo,Marruecos,18-25,Agriculture,2,43.304499176864816,-5.673441182296688
2020,Langreo,Marruecos,18-25,Construction,2,43.310665208248714,-5.664525074818214
2020,Langreo,Marruecos,18-25,Industry,2,43.29115280311391,-5.682916481724953
2020,Langreo,Marruecos,18-25,Unemployed/Seeking,2,43.28864168109231,-5.699908234056066
2020,Langreo,Marruecos,26-35,Services,3,43.30302968519451,-5.67300764195854
2020,Langreo,Marruecos,26-35,Agriculture,2,43.27687885202339,-5.674369791559612
2020,Langreo,Marruecos,26-35,Construction,3,43.30495667971236,-5.68666931186354
2020,Langreo,Marruecos,26-35,Industry,1,43.284842701772895,-5.685698189289071
2020,Langreo,Marruecos,26-35,Unemployed/Seeking,2,43.309969467612355,-5.702131872791213
2020,Langreo,Marruecos,36-50,Services,2,43.29133597125919,-5.696078830957668
2020,Langreo,Marruecos,36-50,Agriculture,1,43.31409281312812,-5.6955861863864445
2020,Langreo,Marruecos,36-50,Construction,3,43.31458872213712,-5.693156596708871
2020,Langreo,Marruecos,36-50,Industry,3,43.29065958298481,-5.689679471256714
2020,Langreo,Marruecos,36-50,Unemployed/Seeking,3,43.29365325065024,-5.691737185001936
2020,Langreo,Marruecos,51-65,Services,3,43.300148485824934,-5.6792883602512685
2020,Langreo,Marruecos,51-65,Agriculture,2,43.30609659234292,-5.668204669968569
2020,Langreo,Marruecos,51-65,Construction,1,43.278806910792646,-5.67063829166362
2020,Langreo,Marruecos,51-65,Industry,2,43.30381660501457,-5.676751920671124
2020,Langreo,Marruecos,51-65,Unemployed/Seeking,1,43.298551794328425,-5.664500164543122
2020,Langreo,Marruecos,65+,Services,3,43.31506204255679,-5.6828262181506055
2020,Langreo,Marruecos,65+,Agriculture,1,43.31580170323025,-5.693444755970087
2020,Langreo,Marruecos,65+,Construction,2,43.306902788452426,-5.672377066245335
2020,Langreo,Marruecos,65+,Industry,2,43.29961632782258,-5.677966259566047
2020,Langreo,Marruecos,65+,Unemployed/Seeking,1,43.29459410649146,-5.700217213971984
2020,Langreo,Colombia,18-25,Services,2,43.278284556608696,-5.667028680205016
2020,Langreo,Colombia,18-25,Agriculture,1,43.30891609477673,-5.701777774418139
2020,Langreo,Colombia,18-25,Construction,2,43.30879509994725,-5.67928858729209
2020,Langreo,Colombia,18-25,Industry,1,43.288877100449724,-5.682709629786899
2020,Langreo,Colombia,18-25,Unemployed/Seeking,2,43.278010094132036,-5.682537216468251
2020,Langreo,Colombia,26-35,Services,4,43.313282916660555,-5.672743064845971
2020,Langreo,Colombia,26-35,Agriculture,3,43.29884133109993,-5.675646832516979
2020,Langreo,Colombia,26-35,Construction,1,43.30011550344361,-5.676931417537235
2020,Langreo,Colombia,26-35,Industry,2,43.30641363509502,-5.681932823370871
2020,Langreo,Colombia,26-35,Unemployed/Seeking,2,43.295836886355254,-5.6781534339051065
2020,Langreo,Colombia,36-50,Services,3,43.30674582556167,-5.7011018227387975
2020,Langreo,Colombia,36-50,Agriculture,2,43.31262319551963,-5.673317082578844
2020,Langreo,Colombia,36-50,Construction,2,43.28520879153996,-5.688155833652419
2020,Langreo,Colombia,36-50,Industry,2,43.28478315763724,-5.695382218662556
2020,Langreo,Colombia,36-50,Unemployed/Seeking,3,43.279509781198236,-5.702246768976228
2020,Langreo,Colombia,51-65,Services,1,43.30308719088638,-5.6881445348772885
2020,Langreo,Colombia,51-65,Agriculture,2,43.30691750481113,-5.6810885758443295
2020,Langreo,Colombia,51-65,Construction,2,43.29254203722619,-5.667256676095765
2020,Langreo,Colombia,51-65,Industry,2,43.31283107099848,-5.6700980070472875
2020,Langreo,Colombia,51-65,Unemployed/Seeking,1,43.28832649174955,-5.663614113376229
2020,Langreo,Colombia,65+,Services,3,43.31327883762689,-5.672369797218622
2020,Langreo,Colombia,65+,Agriculture,1,43.27703399353262,-5.667023170100702
2020,Langreo,Colombia,65+,Construction,2,43.27896165473322,-5.677004317488828
2020,Langreo,Colombia,65+,Industry,2,43.289260632394964,-5.6811119802105
2020,Langreo,Colombia,65+,Unemployed/Seeking,1,43.28448303253268,-5.689039334727038
2020,Langreo,Venezuela,18-25,Services,3,43.30014845182481,-5.677716537184201
2020,Langreo,Venezuela,18-25,Agriculture,3,43.30583568031956,-5.6897137830187825
2020,Langreo,Venezuela,18-25,Construction,1,43.30447585132766,-5.671162632221601
2020,Langreo,Venezuela,18-25,Industry,2,43.31177644892861,-5.666483087769
2020,Langreo,Venezuela,18-25,Unemployed/Seeking,2,43.31551969050678,-5.674818219548035
2020,Langreo,Venezuela,26-35,Services,4,43.3093667511151,-5.673003968761444
2020,Langreo,Venezuela,26-35,Agriculture,1,43.287004666666036,-5.666846974714486
2020,Langreo,Venezuela,26-35,Construction,2,43.304197409790476,-5.686625476681889
2020,Langreo,Venezuela,26-35,Industry,2,43.29915009645486,-5.698302180875435
2020,Langreo,Venezuela,26-35,Unemployed/Seeking,3,43.313519599435075,-5.671090112564437
2020,Langreo,Venezuela,36-50,Services,2,43.29896329166234,-5.689251494924316
2020,Langreo,Venezuela,36-50,Agriculture,1,43.303877315972066,-5.700003147665535
2020,Langreo,Venezuela,36-50,Construction,3,43.293607215494106,-5.682001406088549
2020,Langreo,Venezuela,36-50,Industry,3,43.29049820387764,-5.6760097598586245
2020,Langreo,Venezuela,36-50,Unemployed/Seeking,3,43.29140960289119,-5.695855384957052
2020,Langreo,Venezuela,51-65,Services,2,43.2799533507223,-5.697572581917783
2020,Langreo,Venezuela,51-65,Agriculture,1,43.288972702219795,-5.692007427818638
2020,Langreo,Venezuela,51-65,Construction,1,43.316215615076985,-5.701362340031469
2020,Langreo,Venezuela,51-65,Industry,2,43.28761758049324,-5.666151912252333
2020,Langreo,Venezuela,51-65,Unemployed/Seeking,2,43.28335488124711,-5.684571179021997
2020,Langreo,Venezuela,65+,Services,2,43.27706556852945,-5.668482243894743
2020,Langreo,Venezuela,65+,Agriculture,3,43.293707988774834,-5.664557941455567
2020,Langreo,Venezuela,65+,Construction,2,43.286325819216586,-5.687430588369774
2020,Langreo,Venezuela,65+,Industry,2,43.306495851323014,-5.680327997841503
2020,Langreo,Venezuela,65+,Unemployed/Seeking,2,43.31433969189536,-5.672157626629678
2020,Langreo,Resto de España,18-25,Services,3,43.30082863498865,-5.670312668085644
2020,Langreo,Resto de España,18-25,Agriculture,1,43.29959372802766,-5.666542367711442
2020,Langreo,Resto de España,18-25,Construction,1,43.30386605167434,-5.66397854252224
2020,Langreo,Resto de España,18-25,Industry,1,43.31581809833479,-5.6702601066948075
2020,Langreo,Resto de España,18-25,Unemployed/Seeking,2,43.308662614683556,-5.69504167679556
2020,Langreo,Resto de España,26-35,Services,2,43.289863693690464,-5.683594453299065
2020,Langreo,Resto de España,26-35,Agriculture,1,43.29368885871076,-5.703136597653267
2020,Langreo,Resto de España,26-35,Construction,3,43.29731984089176,-5.67790297404448
2020,Langreo,Resto de España,26-35,Industry,1,43.30616312400419,-5.676962309861825
2020,Langreo,Resto de España,26-35,Unemployed/Seeking,3,43.31286555612142,-5.695919481457326
2020,Langreo,Resto de España,36-50,Services,3,43.28460336386915,-5.674390889559154
2020,Langreo,Resto de España,36-50,Agriculture,1,43.28746912049593,-5.67099433048779
2020,Langreo,Resto de España,36-50,Construction,2,43.291905480541246,-5.690435307830332
2020,Langreo,Resto de España,36-50,Industry,2,43.28167660526956,-5.688332797209509
2020,Langreo,Resto de España,36-50,Unemployed/Seeking,2,43.29627878852714,-5.6638632917754
2020,Langreo,Resto de España,51-65,Services,3,43.28596638129442,-5.691192374818599
2020,Langreo,Resto de España,51-65,Agriculture,1,43.29865082645768,-5.674762284048501
2020,Langreo,Resto de España,51-65,Construction,2,43.286542981857565,-5.675498849975242
2020,Langreo,Resto de España,51-65,Industry,3,43.27814466941533,-5.664383864859743
2020,Langreo,Resto de España,51-65,Unemployed/Seeking,2,43.279280996291504,-5.681973795784799
2020,Langreo,Resto de España,65+,Services,2,43.30554137152679,-5.670790728236594
2020,Langreo,Resto de España,65+,Agriculture,3,43.31050244191897,-5.671419788866767
2020,Langreo,Resto de España,65+,Construction,2,43.30056659788292,-5.700709204742923
2020,Langreo,Resto de España,65+,Industry,2,43.31297503397273,-5.675224248774586
2020,Langreo,Resto de España,65+,Unemployed/Seeking,1,43.296231153101495,-5.682050341650559
2020,Langreo,Otros,18-25,Services,2,43.28418035372252,-5.671329721882984
2020,Langreo,Otros,18-25,Agriculture,1,43.31462207049181,-5.702657027887073
2020,Langreo,Otros,18-25,Construction,2,43.31049998430656,-5.675600539234009
2020,Langreo,Otros,18-25,Industry,2,43.2947499831079,-5.695467306381897
2020,Langreo,Otros,18-25,Unemployed/Seeking,2,43.31193422958688,-5.673972110676778
2020,Langreo,Otros,26-35,Services,3,43.30072776110341,-5.687089300467406
2020,Langreo,Otros,26-35,Agriculture,1,43.28818647433482,-5.697105965542204
2020,Langreo,Otros,26-35,Construction,3,43.29083819445042,-5.68387610379679
2020,Langreo,Otros,26-35,Industry,3,43.30887921418148,-5.664823777662058
2020,Langreo,Otros,26-35,Unemployed/Seeking,3,43.31378798889693,-5.696018393239934
2020,Langreo,Otros,36-50,Services,3,43.28727847237404,-5.670674149446224
2020,Langreo,Otros,36-50,Agriculture,3,43.29147394499298,-5.679384441342316
2020,Langreo,Otros,36-50,Construction,2,43.31058908513298,-5.664516501361439
2020,Langreo,Otros,36-50,Industry,3,43.31371784309418,-5.70186288151299
2020,Langreo,Otros,36-50,Unemployed/Seeking,3,43.27747040988336,-5.69522926771353
2020,Langreo,Otros,51-65,Services,2,43.29201240984768,-5.677610220076128
2020,Langreo,Otros,51-65,Agriculture,2,43.30491063529703,-5.676192560501224
2020,Langreo,Otros,51-65,Construction,2,43.28544742491995,-5.699877505051064
2020,Langreo,Otros,51-65,Industry,1,43.28960418054227,-5.69673379893794
2020,Langreo,Otros,51-65,Unemployed/Seeking,2,43.30337045438039,-5.683667417774523
2020,Langreo,Otros,65+,Services,1,43.286944683531566,-5.687993844665857
2020,Langreo,Otros,65+,Agriculture,2,43.278133653087835,-5.695561289368032
2020,Langreo,Otros,65+,Construction,1,43.29093705559648,-5.667354260669549
2020,Langreo,Otros,65+,Industry,2,43.29354444782627,-5.690017479922604
2020,Langreo,Otros,65+,Unemployed/Seeking,1,43.297433779207104,-5.669132274483188
2020,Oviedo,Rumanía,18-25,Services,3,43.36143186956864,-5.86706629456511
2020,Oviedo,Rumanía,18-25,Agriculture,4,43.354943812405374,-5.850304507649455
2020,Oviedo,Rumanía,18-25,Construction,3,43.34548495106741,-5.8321333470861365
2020,Oviedo,Rumanía,18-25,Industry,2,43.36249791820829,-5.84478647390267
2020,Oviedo,Rumanía,18-25,Unemployed/Seeking,4,43.3461666003539,-5.865692704626908
2020,Oviedo,Rumanía,26-35,Services,2,43.368522524260854,-5.845028302942391
2020,Oviedo,Rumanía,26-35,Agriculture,6,43.374526441732414,-5.836202606726327
2020,Oviedo,Rumanía,26-35,Construction,4,43.36499989613648,-5.830695566953414
2020,Oviedo,Rumanía,26-35,Industry,3,43.37242602852158,-5.849573256630325
2020,Oviedo,Rumanía,26-35,Unemployed/Seeking,2,43.37614354143267,-5.8476216690051555
2020,Oviedo,Rumanía,36-50,Services,2,43.34589635514949,-5.8527330511020725
2020,Oviedo,Rumanía,36-50,Agriculture,3,43.37379216551669,-5.839654892738014
2020,Oviedo,Rumanía,36-50,Construction,6,43.37429664340382,-5.8679227934219025
2020,Oviedo,Rumanía,36-50,Industry,4,43.36656813894201,-5.830913054023796
2020,Oviedo,Rumanía,36-50,Unemployed/Seeking,2,43.344732892405716,-5.831041516050231
2020,Oviedo,Rumanía,51-65,Services,4,43.347787676094434,-5.86234546982881
2020,Oviedo,Rumanía,51-65,Agriculture,3,43.364878904838946,-5.834032674127799
2020,Oviedo,Rumanía,51-65,Construction,2,43.37109094103868,-5.835794122648726
2020,Oviedo,Rumanía,51-65,Industry,1,43.36509821043472,-5.84390461398667
2020,Oviedo,Rumanía,51-65,Unemployed/Seeking,2,43.358971245394514,-5.859120866421206
2020,Oviedo,Rumanía,65+,Services,4,43.37606967584453,-5.855312287275129
2020,Oviedo,Rumanía,65+,Agriculture,2,43.36540228014996,-5.8652256804021246
2020,Oviedo,Rumanía,65+,Construction,3,43.34713892273891,-5.8421741249716055
2020,Oviedo,Rumanía,65+,Industry,2,43.35097570372751,-5.829781579135177
2020,Oviedo,Rumanía,65+,Unemployed/Seeking,3,43.35554053921798,-5.865793234033802
2020,Oviedo,Marruecos,18-25,Services,4,43.37495064154077,-5.843393843698889
2020,Oviedo,Marruecos,18-25,Agriculture,1,43.35732161840246,-5.846312085570039
2020,Oviedo,Marruecos,18-25,Construction,2,43.3745683305756,-5.849767844531094
2020,Oviedo,Marruecos,18-25,Industry,2,43.35597650608251,-5.843499674548069
2020,Oviedo,Marruecos,18-25,Unemployed/Seeking,3,43.3735208003164,-5.833785022312291
2020,Oviedo,Marruecos,26-35,Services,1,43.35403829992303,-5.831946918248819
2020,Oviedo,Marruecos,26-35,Agriculture,2,43.36086690549774,-5.841717699058337
2020,Oviedo,Marruecos,26-35,Construction,3,43.37421836015007,-5.867412303666344
2020,Oviedo,Marruecos,26-35,Industry,4,43.356303459469274,-5.847903540932212
2020,Oviedo,Marruecos,26-35,Unemployed/Seeking,4,43.36674455283264,-5.835216251157552
2020,Oviedo,Marruecos,36-50,Services,3,43.351345845108106,-5.833396357036729
2020,Oviedo,Marruecos,36-50,Agriculture,3,43.34539299253861,-5.855965128136747
2020,Oviedo,Marruecos,36-50,Construction,2,43.3730070356022,-5.832112446766894
2020,Oviedo,Marruecos,36-50,Industry,2,43.356295020330045,-5.864210326577078
2020,Oviedo,Marruecos,36-50,Unemployed/Seeking,2,43.363353256919964,-5.849506353644086
2020,Oviedo,Marruecos,51-65,Services,2,43.3805337918556,-5.8448068097218595
2020,Oviedo,Marruecos,51-65,Agriculture,4,43.37237353201707,-5.844526548094434
2020,Oviedo,Marruecos,51-65,Construction,2,43.381057010360145,-5.862638356524491
2020,Oviedo,Marruecos,51-65,Industry,2,43.37361494082477,-5.834781567998059
2020,Oviedo,Marruecos,51-65,Unemployed/Seeking,3,43.363394628905766,-5.864988114619472
2020,Oviedo,Marruecos,65+,Services,4,43.361687476197496,-5.852138499276703
2020,Oviedo,Marruecos,65+,Agriculture,1,43.372157345342735,-5.847212400147584
2020,Oviedo,Marruecos,65+,Construction,1,43.34381085877234,-5.840662310379223
2020,Oviedo,Marruecos,65+,Industry,3,43.37201101801966,-5.848909501999514
2020,Oviedo,Marruecos,65+,Unemployed/Seeking,3,43.358150299252415,-5.867057521199638
2020,Oviedo,Colombia,18-25,Services,3,43.374425727910754,-5.8569316776080695
2020,Oviedo,Colombia,18-25,Agriculture,1,43.37141579012347,-5.845937638735209
2020,Oviedo,Colombia,18-25,Construction,1,43.374898360045094,-5.8577961223880095
2020,Oviedo,Colombia,18-25,Industry,3,43.36066883296316,-5.862022993720238
2020,Oviedo,Colombia,18-25,Unemployed/Seeking,3,43.34979745342227,-5.842420606737166
2020,Oviedo,Colombia,26-35,Services,5,43.378251290879646,-5.834400958748665
2020,Oviedo,Colombia,26-35,Agriculture,3,43.37260145168816,-5.8539400986258325
2020,Oviedo,Colombia,26-35,Construction,1,43.356275851168704,-5.852609341356752
2020,Oviedo,Colombia,26-35,Industry,5,43.34780607501644,-5.863844589764365
2020,Oviedo,Colombia,26-35,Unemployed/Seeking,2,43.35727537700023,-5.837177624570616
2020,Oviedo,Colombia,36-50,Services,4,43.35958494054269,-5.850114142843349
2020,Oviedo,Colombia,36-50,Agriculture,4,43.38100055423452,-5.867626407825673
2020,Oviedo,Colombia,36-50,Construction,4,43.35082822532225,-5.865870587385849
2020,Oviedo,Colombia,36-50,Industry,5,43.36368352014511,-5.849412219230943
2020,Oviedo,Colombia,36-50,Unemployed/Seeking,4,43.37682293422499,-5.854851278414198
2020,Oviedo,Colombia,51-65,Services,4,43.342648085680764,-5.839287827653384
2020,Oviedo,Colombia,51-65,Agriculture,2,43.373608319506175,-5.84318894661147
2020,Oviedo,Colombia,51-65,Construction,3,43.34804947263275,-5.8649228895640215
2020,Oviedo,Colombia,51-65,Industry,3,43.35238023678958,-5.861241020967203
2020,Oviedo,Colombia,51-65,Unemployed/Seeking,1,43.343188276627096,-5.835912548944876
2020,Oviedo,Colombia,65+,Services,5,43.359604972041616,-5.8324723812801205
2020,Oviedo,Colombia,65+,Agriculture,3,43.36841995632785,-5.84139483922647
2020,Oviedo,Colombia,65+,Construction,1,43.365286664507515,-5.8509419178517
2020,Oviedo,Colombia,65+,Industry,4,43.37158016730531,-5.842328264708142
2020,Oviedo,Colombia,65+,Unemployed/Seeking,3,43.35693531689411,-5.847555907757772
2020,Oviedo,Venezuela,18-25,Services,2,43.376646449288536,-5.858941632033448
2020,Oviedo,Venezuela,18-25,Agriculture,3,43.35840494198463,-5.853644112995859
2020,Oviedo,Venezuela,18-25,Construction,2,43.38094925273694,-5.845402828917485
2020,Oviedo,Venezuela,18-25,Industry,4,43.364597600617635,-5.850222915233603
2020,Oviedo,Venezuela,18-25,Unemployed/Seeking,2,43.37857857612024,-5.836455614471429
2020,Oviedo,Venezuela,26-35,Services,4,43.346522833657076,-5.835910051048473
2020,Oviedo,Venezuela,26-35,Agriculture,3,43.35425632038182,-5.855290864811529
2020,Oviedo,Venezuela,26-35,Construction,5,43.37524044286659,-5.84738787374497
2020,Oviedo,Venezuela,26-35,Industry,1,43.342585986167364,-5.838487700546495
2020,Oviedo,Venezuela,26-35,Unemployed/Seeking,2,43.357868383566085,-5.86284391550638
2020,Oviedo,Venezuela,36-50,Services,4,43.381011970536186,-5.833250650155908
2020,Oviedo,Venezuela,36-50,Agriculture,5,43.36439552208325,-5.836708289392351
2020,Oviedo,Venezuela,36-50,Construction,2,43.345543503484045,-5.842264949096145
2020,Oviedo,Venezuela,36-50,Industry,3,43.36677999449382,-5.857691320869489
2020,Oviedo,Venezuela,36-50,Unemployed/Seeking,2,43.345557637039256,-5.833351596468101
2020,Oviedo,Venezuela,51-65,Services,5,43.372243326831395,-5.842129256826883
2020,Oviedo,Venezuela,51-65,Agriculture,4,43.378725621789314,-5.844791171770847
2020,Oviedo,Venezuela,51-65,Construction,3,43.37721096349089,-5.8594663007867736
2020,Oviedo,Venezuela,51-65,Industry,1,43.362809927653004,-5.830095064660976
2020,Oviedo,Venezuela,51-65,Unemployed/Seeking,3,43.38023234958152,-5.864546162269423
2020,Oviedo,Venezuela,65+,Services,2,43.354227004911316,-5.8301153126429845
2020,Oviedo,Venezuela,65+,Agriculture,2,43.352361730420185,-5.855404425559065
2020,Oviedo,Venezuela,65+,Construction,3,43.380124883796,-5.856471803828119
2020,Oviedo,Venezuela,65+,Industry,4,43.34224651319495,-5.856813521078379
2020,Oviedo,Venezuela,65+,Unemployed/Seeking,1,43.368533208798674,-5.833592305779169
2020,Oviedo,Resto de España,18-25,Services,2,43.366537984674565,-5.860806782918853
2020,Oviedo,Resto de España,18-25,Agriculture,2,43.35874529066501,-5.851255695835515
2020,Oviedo,Resto de España,18-25,Construction,3,43.35343279029652,-5.852921257866726
2020,Oviedo,Resto de España,18-25,Industry,4,43.356307665259074,-5.849049320601363
2020,Oviedo,Resto de España,18-25,Unemployed/Seeking,3,43.347440625914984,-5.859930962276905
2020,Oviedo,Resto de España,26-35,Services,4,43.38097987056369,-5.863537423870765
2020,Oviedo,Resto de España,26-35,Agriculture,4,43.368004689608206,-5.842350512830236
2020,Oviedo,Resto de España,26-35,Construction,1,43.36570051228235,-5.839239080010519
2020,Oviedo,Resto de España,26-35,Industry,2,43.356140899258705,-5.8297354910663906
2020,Oviedo,Resto de España,26-35,Unemployed/Seeking,5,43.351238818067806,-5.842215266064144
2020,Oviedo,Resto de España,36-50,Services,3,43.37236046504457,-5.850365541894001
2020,Oviedo,Resto de España,36-50,Agriculture,2,43.3693447097949,-5.842422549680414
2020,Oviedo,Resto de España,36-50,Construction,3,43.37844647614879,-5.833920624498553
2020,Oviedo,Resto de España,36-50,Industry,1,43.3495411196339,-5.84885259259051
2020,Oviedo,Resto de España,36-50,Unemployed/Seeking,4,43.37995612481562,-5.843079928688353
2020,Oviedo,Resto de España,51-65,Services,3,43.37589831658805,-5.861938820712212
2020,Oviedo,Resto de España,51-65,Agriculture,1,43.36127092976087,-5.8337124150140065
2020,Oviedo,Resto de España,51-65,Construction,3,43.37983685011882,-5.844211024724461
2020,Oviedo,Resto de España,51-65,Industry,2,43.36906637163249,-5.836397849740786
2020,Oviedo,Resto de España,51-65,Unemployed/Seeking,1,43.35171434450039,-5.8625413758596014
2020,Oviedo,Resto de España,65+,Services,1,43.380239722672414,-5.858463511256865
2020,Oviedo,Resto de España,65+,Agriculture,2,43.366416707672315,-5.849786707390118
2020,Oviedo,Resto de España,65+,Construction,3,43.37345335173998,-5.8417515510862055
2020,Oviedo,Resto de España,65+,Industry,4,43.3482186608905,-5.847185292820928
2020,Oviedo,Resto de España,65+,Unemployed/Seeking,3,43.36266405071837,-5.835815584301728
2020,Oviedo,Otros,18-25,Services,3,43.37155361534517,-5.8459977628865385
2020,Oviedo,Otros,18-25,Agriculture,2,43.361770774043045,-5.842053073667731
2020,Oviedo,Otros,18-25,Construction,2,43.37072270025086,-5.856513600086638
2020,Oviedo,Otros,18-25,Industry,3,43.36046915058058,-5.85556943681948
2020,Oviedo,Otros,18-25,Unemployed/Seeking,1,43.360999312719414,-5.859050685895213
2020,Oviedo,Otros,26-35,Services,2,43.360963906756645,-5.836703380252813
2020,Oviedo,Otros,26-35,Agriculture,4,43.34287114080315,-5.834999430101725
2020,Oviedo,Otros,26-35,Construction,3,43.35020446306612,-5.848307573896517
2020,Oviedo,Otros,26-35,Industry,3,43.360269796473425,-5.8567332513089205
2020,Oviedo,Otros,26-35,Unemployed/Seeking,3,43.35789243934398,-5.869201784086965
2020,Oviedo,Otros,36-50,Services,3,43.348786397963465,-5.836586913108615
2020,Oviedo,Otros,36-50,Agriculture,4,43.350902746298644,-5.833912810188649
2020,Oviedo,Otros,36-50,Construction,4,43.35519063367062,-5.8340214008433895
2020,Oviedo,Otros,36-50,Industry,5,43.34152630746993,-5.829589974270754
2020,Oviedo,Otros,36-50,Unemployed/Seeking,5,43.35009308016149,-5.86296710329696
2020,Oviedo,Otros,51-65,Services,3,43.34951712935284,-5.864962531621011
2020,Oviedo,Otros,51-65,Agriculture,3,43.362647577074036,-5.864716827292737
2020,Oviedo,Otros,51-65,Construction,4,43.341890717867834,-5.86605340202962
2020,Oviedo,Otros,51-65,Industry,1,43.349720044697555,-5.862716653443403
2020,Oviedo,Otros,51-65,Unemployed/Seeking,3,43.344456725036416,-5.839658859983048
2020,Oviedo,Otros,65+,Services,2,43.3679467115357,-5.839015835933326
2020,Oviedo,Otros,65+,Agriculture,3,43.37968087890652,-5.838293090511217
2020,Oviedo,Otros,65+,Construction,2,43.350182589340875,-5.830000118201751
2020,Oviedo,Otros,65+,Industry,2,43.38003705305054,-5.8691458182669
2020,Oviedo,Otros,65+,Unemployed/Seeking,1,43.37519508173549,-5.8519499379551165
2020,Gijón,Rumanía,18-25,Services,4,43.5447858597567,-5.6493332888894
2020,Gijón,Rumanía,18-25,Agriculture,3,43.53212327087186,-5.681222967451048
2020,Gijón,Rumanía,18-25,Construction,3,43.53029359899336,-5.66583595024391
2020,Gijón,Rumanía,18-25,Industry,2,43.54005284561097,-5.677157074237483
2020,Gijón,Rumanía,18-25,Unemployed/Seeking,2,43.52148484998996,-5.67664810855972
2020,Gijón,Rumanía,26-35,Services,3,43.544834950480436,-5.66967813472572
2020,Gijón,Rumanía,26-35,Agriculture,8,43.52158407721768,-5.672813777082457
2020,Gijón,Rumanía,26-35,Construction,10,43.530194183281,-5.656544428867337
2020,Gijón,Rumanía,26-35,Industry,7,43.540914024457095,-5.672305359840927
2020,Gijón,Rumanía,26-35,Unemployed/Seeking,5,43.54960516569051,-5.655883373866389
2020,Gijón,Rumanía,36-50,Services,5,43.545467162953905,-5.653141720443262
2020,Gijón,Rumanía,36-50,Agriculture,8,43.524569792366385,-5.661586349685824
2020,Gijón,Rumanía,36-50,Construction,3,43.53205238797977,-5.66559978441233
2020,Gijón,Rumanía,36-50,Industry,4,43.51252254456622,-5.645585468036532
2020,Gijón,Rumanía,36-50,Unemployed/Seeking,7,43.52669279595974,-5.645661215912715
2020,Gijón,Rumanía,51-65,Services,4,43.52146275377145,-5.671914443227755
2020,Gijón,Rumanía,51-65,Agriculture,3,43.52159513835839,-5.663720896610335
2020,Gijón,Rumanía,51-65,Construction,4,43.515503724438254,-5.6518924936148105
2020,Gijón,Rumanía,51-65,Industry,4,43.52722134119213,-5.643445598977766
2020,Gijón,Rumanía,51-65,Unemployed/Seeking,3,43.53522477458488,-5.659844554795467
2020,Gijón,Rumanía,65+,Services,2,43.539284072569856,-5.66140317771421
2020,Gijón,Rumanía,65+,Agriculture,8,43.52552947418624,-5.677936219378983
2020,Gijón,Rumanía,65+,Construction,5,43.53022608113779,-5.645116566911399
2020,Gijón,Rumanía,65+,Industry,4,43.52759223649495,-5.673367418045218
2020,Gijón,Rumanía,65+,Unemployed/Seeking,3,43.53787492555536,-5.651445634109628
2020,Gijón,Marruecos,18-25,Services,4,43.5484140542574,-5.658194891941715
2020,Gijón,Marruecos,18-25,Agriculture,5,43.52665061689465,-5.65479526143462
2020,Gijón,Marruecos,18-25,Construction,2,43.52137367698319,-5.678382453956183
2020,Gijón,Marruecos,18-25,Industry,2,43.51246789969954,-5.667108457469396
2020,Gijón,Marruecos,18-25,Unemployed/Seeking,2,43.53378075884878,-5.656712396719343
2020,Gijón,Marruecos,26-35,Services,6,43.51352676630458,-5.671364167971674
2020,Gijón,Marruecos,26-35,Agriculture,3,43.54793732516328,-5.656583998032477
2020,Gijón,Marruecos,26-35,Construction,3,43.538919279836975,-5.652792338494572
2020,Gijón,Marruecos,26-35,Industry,3,43.52291264228525,-5.6463719428390835
2020,Gijón,Marruecos,26-35,Unemployed/Seeking,3,43.51982201216227,-5.671762959316787
2020,Gijón,Marruecos,36-50,Services,3,43.529965592020496,-5.6563590156156325
2020,Gijón,Marruecos,36-50,Agriculture,3,43.529515971734035,-5.652653396669461
2020,Gijón,Marruecos,36-50,Construction,5,43.52426293424879,-5.643104480245268
2020,Gijón,Marruecos,36-50,Industry,8,43.53299465749222,-5.649458833397622
2020,Gijón,Marruecos,36-50,Unemployed/Seeking,7,43.52671089760781,-5.651231940352786
2020,Gijón,Marruecos,51-65,Services,5,43.52999630092258,-5.655788533968279
2020,Gijón,Marruecos,51-65,Agriculture,6,43.55214246780146,-5.64366657703682
2020,Gijón,Marruecos,51-65,Construction,4,43.53210488311788,-5.666887479074549
2020,Gijón,Marruecos,51-65,Industry,3,43.53602823934067,-5.6772280878115025
2020,Gijón,Marruecos,51-65,Unemployed/Seeking,4,43.549953439254814,-5.6476260493073625
2020,Gijón,Marruecos,65+,Services,4,43.52330422235933,-5.650887784707347
2020,Gijón,Marruecos,65+,Agriculture,5,43.532631069133615,-5.661485572549558
2020,Gijón,Marruecos,65+,Construction,4,43.51645637852856,-5.665734007792421
2020,Gijón,Marruecos,65+,Industry,4,43.516228988336046,-5.679836320298467
2020,Gijón,Marruecos,65+,Unemployed/Seeking,6,43.53913752176421,-5.663000432851527
2020,Gijón,Colombia,18-25,Services,4,43.52612398864758,-5.673268362805894
2020,Gijón,Colombia,18-25,Agriculture,3,43.51405859772797,-5.66770958087349
2020,Gijón,Colombia,18-25,Construction,6,43.55199712843006,-5.652243034481675
2020,Gijón,Colombia,18-25,Industry,4,43.53862784213612,-5.679539521399128
2020,Gijón,Colombia,18-25,Unemployed/Seeking,5,43.54840515124092,-5.6795437339913795
2020,Gijón,Colombia,26-35,Services,6,43.51316110260696,-5.666359116853992
2020,Gijón,Colombia,26-35,Agriculture,5,43.542818657115205,-5.660304168703199
2020,Gijón,Colombia,26-35,Construction,7,43.51639300528172,-5.669469818172281
2020,Gijón,Colombia,26-35,Industry,7,43.525149034119906,-5.646540085102674
2020,Gijón,Colombia,26-35,Unemployed/Seeking,7,43.51831539072087,-5.658935762626344
2020,Gijón,Colombia,36-50,Services,7,43.52524212593722,-5.645872518879302
2020,Gijón,Colombia,36-50,Agriculture,3,43.53299739240404,-5.648818057131132
2020,Gijón,Colombia,36-50,Construction,4,43.547306590061126,-5.666631554806962
2020,Gijón,Colombia,36-50,Industry,5,43.53829098138816,-5.652545964386904
2020,Gijón,Colombia,36-50,Unemployed/Seeking,4,43.536669137800295,-5.657864776104344
2020,Gijón,Colombia,51-65,Services,3,43.53268221877202,-5.653501066340104
2020,Gijón,Colombia,51-65,Agriculture,3,43.549666452257554,-5.679760207329848
2020,Gijón,Colombia,51-65,Construction,4,43.51546590417403,-5.657574604650035
2020,Gijón,Colombia,51-65,Industry,4,43.51654812860905,-5.661384544274755
2020,Gijón,Colombia,51-65,Unemployed/Seeking,3,43.51229465149544,-5.658675004425101
2020,Gijón,Colombia,65+,Services,4,43.54758471237283,-5.650328956061093
2020,Gijón,Colombia,65+,Agriculture,3,43.52760657115754,-5.642066522665237
2020,Gijón,Colombia,65+,Construction,6,43.534047922193366,-5.645067958727432
2020,Gijón,Colombia,65+,Industry,3,43.53390676404493,-5.67765322718717
2020,Gijón,Colombia,65+,Unemployed/Seeking,5,43.52863332940765,-5.645873035149567
2020,Gijón,Venezuela,18-25,Services,6,43.548278604141494,-5.6428206604039906
2020,Gijón,Venezuela,18-25,Agriculture,6,43.536895346171235,-5.659231509720679
2020,Gijón,Venezuela,18-25,Construction,3,43.52325875320571,-5.661285989797263
2020,Gijón,Venezuela,18-25,Industry,5,43.513253075353795,-5.654778992135528
2020,Gijón,Venezuela,18-25,Unemployed/Seeking,6,43.52197457159961,-5.666145256479219
2020,Gijón,Venezuela,26-35,Services,3,43.538508417948606,-5.6757347349411456
2020,Gijón,Venezuela,26-35,Agriculture,5,43.52271085625631,-5.654730547556897
2020,Gijón,Venezuela,26-35,Construction,3,43.538247295302845,-5.650406871491928
2020,Gijón,Venezuela,26-35,Industry,4,43.52503753588638,-5.664889900187457
2020,Gijón,Venezuela,26-35,Unemployed/Seeking,4,43.551033864204115,-5.65246494308772
2020,Gijón,Venezuela,36-50,Services,5,43.51663788336363,-5.676430593465378
2020,Gijón,Venezuela,36-50,Agriculture,4,43.524743357772095,-5.646403971419824
2020,Gijón,Venezuela,36-50,Construction,6,43.53177258155917,-5.665518462503354
2020,Gijón,Venezuela,36-50,Industry,7,43.530733066038856,-5.652805712327827
2020,Gijón,Venezuela,36-50,Unemployed/Seeking,7,43.519819523351416,-5.670380597112165
2020,Gijón,Venezuela,51-65,Services,4,43.52554059755754,-5.65820485966544
2020,Gijón,Venezuela,51-65,Agriculture,2,43.522122823845805,-5.660709732813448
2020,Gijón,Venezuela,51-65,Construction,2,43.51359712182527,-5.674563279123003
2020,Gijón,Venezuela,51-65,Industry,4,43.52872962155738,-5.664241816627397
2020,Gijón,Venezuela,51-65,Unemployed/Seeking,3,43.52260937972508,-5.659225526398276
2020,Gijón,Venezuela,65+,Services,5,43.540973691952,-5.66250453191312
2020,Gijón,Venezuela,65+,Agriculture,2,43.53894971953517,-5.67395697531576
2020,Gijón,Venezuela,65+,Construction,6,43.53917861832453,-5.660617796065814
2020,Gijón,Venezuela,65+,Industry,6,43.52967848871754,-5.664819126225686
2020,Gijón,Venezuela,65+,Unemployed/Seeking,5,43.53644901680979,-5.641608736764767
2020,Gijón,Resto de España,18-25,Services,5,43.51700962566296,-5.664396887273457
2020,Gijón,Resto de España,18-25,Agriculture,5,43.529617528374764,-5.655390940672972
2020,Gijón,Resto de España,18-25,Construction,4,43.535452466120894,-5.670046969871609
2020,Gijón,Resto de España,18-25,Industry,3,43.537982816536555,-5.681303581516508
2020,Gijón,Resto de España,18-25,Unemployed/Seeking,4,43.52261171686905,-5.6721809938806595
2020,Gijón,Resto de España,26-35,Services,7,43.52113621188204,-5.668536452366739
2020,Gijón,Resto de España,26-35,Agriculture,7,43.52748097021536,-5.658310269499803
2020,Gijón,Resto de España,26-35,Construction,5,43.54893413825959,-5.65330100228033
2020,Gijón,Resto de España,26-35,Industry,4,43.53612944686864,-5.6695941330788235
2020,Gijón,Resto de España,26-35,Unemployed/Seeking,7,43.52805817110838,-5.644495786587368
2020,Gijón,Resto de España,36-50,Services,7,43.53945446664945,-5.6642828870570225
2020,Gijón,Resto de España,36-50,Agriculture,6,43.52596702250552,-5.643810306664806
2020,Gijón,Resto de España,36-50,Construction,3,43.538613995270175,-5.650648556790276
2020,Gijón,Resto de España,36-50,Industry,2,43.51959883019872,-5.648722550362788
2020,Gijón,Resto de España,36-50,Unemployed/Seeking,6,43.53565072157196,-5.66126053992809
2020,Gijón,Resto de España,51-65,Services,3,43.52242688892661,-5.6439676172665125
2020,Gijón,Resto de España,51-65,Agriculture,6,43.536798235936594,-5.654124118539742
2020,Gijón,Resto de España,51-65,Construction,6,43.52604210858208,-5.6675080583205
2020,Gijón,Resto de España,51-65,Industry,4,43.52177746616735,-5.661428528953547
2020,Gijón,Resto de España,51-65,Unemployed/Seeking,2,43.544785544489244,-5.652456211454157
2020,Gijón,Resto de España,65+,Services,4,43.53923794657733,-5.641835739695603
2020,Gijón,Resto de España,65+,Agriculture,2,43.53169059639162,-5.680055836607358
2020,Gijón,Resto de España,65+,Construction,6,43.55048403751144,-5.679246221570632
2020,Gijón,Resto de España,65+,Industry,5,43.539549512678995,-5.650333774096882
2020,Gijón,Resto de España,65+,Unemployed/Seeking,2,43.53543770593354,-5.656589641550266
2020,Gijón,Otros,18-25,Services,5,43.521082435837016,-5.645154112850624
2020,Gijón,Otros,18-25,Agriculture,4,43.51315667886853,-5.673082431304219
2020,Gijón,Otros,18-25,Construction,4,43.52550234360438,-5.66835290345113
2020,Gijón,Otros,18-25,Industry,6,43.55094608113578,-5.654681891507668
2020,Gijón,Otros,18-25,Unemployed/Seeking,4,43.550806122796416,-5.6631451955733745
2020,Gijón,Otros,26-35,Services,7,43.54465866810748,-5.655038567312736
2020,Gijón,Otros,26-35,Agriculture,3,43.546020475625085,-5.647110668122434
2020,Gijón,Otros,26-35,Construction,3,43.516221612244955,-5.647679523358405
2020,Gijón,Otros,26-35,Industry,6,43.516129919897566,-5.64312842196258
2020,Gijón,Otros,26-35,Unemployed/Seeking,3,43.51664278784887,-5.648898581608596
2020,Gijón,Otros,36-50,Services,3,43.53360363182215,-5.656873915496264
2020,Gijón,Otros,36-50,Agriculture,4,43.53729716918799,-5.655292512060789
2020,Gijón,Otros,36-50,Construction,6,43.51989120599348,-5.661544823259968
2020,Gijón,Otros,36-50,Industry,7,43.512808122950695,-5.643103481641943
2020,Gijón,Otros,36-50,Unemployed/Seeking,6,43.52728006294613,-5.66565383122097
2020,Gijón,Otros,51-65,Services,4,43.54771653132367,-5.667008617156378
2020,Gijón,Otros,51-65,Agriculture,5,43.53343163012042,-5.650237398496029
2020,Gijón,Otros,51-65,Construction,3,43.541956937950694,-5.667300120499729
2020,Gijón,Otros,51-65,Industry,3,43.5306966564346,-5.657989824633223
2020,Gijón,Otros,51-65,Unemployed/Seeking,5,43.53947375199906,-5.665217846488163
2020,Gijón,Otros,65+,Services,3,43.54583275894363,-5.650807837883208
2020,Gijón,Otros,65+,Agriculture,4,43.552088356157974,-5.644631788589661
2020,Gijón,Otros,65+,Construction,3,43.51689898609238,-5.6580208206375975
2020,Gijón,Otros,65+,Industry,5,43.523852414483436,-5.669541814743818
2020,Gijón,Otros,65+,Unemployed/Seeking,5,43.518394157341135,-5.674172849708097
2021,Aller,Rumanía,18-25,Services,1,43.15633883095459,-5.651337372628722
2021,Aller,Rumanía,18-25,Agriculture,1,43.155154198945894,-5.651090437600979
2021,Aller,Rumanía,18-25,Construction,1,43.15052741964593,-5.6531847239441575
2021,Aller,Rumanía,18-25,Industry,1,43.1390898022329,-5.646301668966218
2021,Aller,Rumanía,18-25,Unemployed/Seeking,1,43.140579659264866,-5.660855501070542
2021,Aller,Rumanía,26-35,Services,1,43.158106072250135,-5.665328577632566
2021,Aller,Rumanía,26-35,Agriculture,1,43.14683933200485,-5.655739030028118
2021,Aller,Rumanía,26-35,Construction,1,43.15726004687739,-5.640846932069141
2021,Aller,Rumanía,26-35,Industry,1,43.140328179052254,-5.638180455573818
2021,Aller,Rumanía,26-35,Unemployed/Seeking,1,43.137433145431174,-5.647897014418875
2021,Aller,Rumanía,36-50,Services,1,43.14240976730249,-5.665474380138486
2021,Aller,Rumanía,36-50,Agriculture,1,43.15470786806303,-5.640085466888297
2021,Aller,Rumanía,36-50,Construction,1,43.16242548591475,-5.647845679036885
2021,Aller,Rumanía,36-50,Industry,1,43.13291927331859,-5.647132309885904
2021,Aller,Rumanía,36-50,Unemployed/Seeking,1,43.15064756646682,-5.650670443693578
2021,Aller,Rumanía,51-65,Services,1,43.14248166025189,-5.659665705681535
2021,Aller,Rumanía,51-65,Agriculture,1,43.14529553172415,-5.667492272642223
2021,Aller,Rumanía,51-65,Construction,1,43.13975806787662,-5.659188586019014
2021,Aller,Rumanía,51-65,Industry,1,43.14772924426921,-5.634609736688879
2021,Aller,Rumanía,51-65,Unemployed/Seeking,1,43.14192285875027,-5.639417856817732
2021,Aller,Rumanía,65+,Services,1,43.15495042956119,-5.651952676401679
2021,Aller,Rumanía,65+,Agriculture,1,43.1466982208972,-5.64504359735487
2021,Aller,Rumanía,65+,Construction,1,43.14555412403586,-5.642575601703888
2021,Aller,Rumanía,65+,Industry,1,43.1423784902453,-5.6625001738247756
2021,Aller,Rumanía,65+,Unemployed/Seeking,1,43.14942564744058,-5.649228666129787
2021,Aller,Marruecos,18-25,Services,1,43.167922088747055,-5.641693205109865
2021,Aller,Marruecos,18-25,Agriculture,1,43.13473225727578,-5.641847163574875
2021,Aller,Marruecos,18-25,Construction,1,43.16989608538443,-5.66468982372217
2021,Aller,Marruecos,18-25,Industry,1,43.14870397046809,-5.6528750780911965
2021,Aller,Marruecos,18-25,Unemployed/Seeking,1,43.13661936636571,-5.649638913445489
2021,Aller,Marruecos,26-35,Services,1,43.1669150381422,-5.63785683326438
2021,Aller,Marruecos,26-35,Agriculture,1,43.169987527129564,-5.6464518099681005
2021,Aller,Marruecos,26-35,Construction,1,43.139163795483,-5.639368013696209
2021,Aller,Marruecos,26-35,Industry,1,43.1697159404101,-5.662608491515651
2021,Aller,Marruecos,26-35,Unemployed/Seeking,1,43.14178279756044,-5.662309027271928
2021,Aller,Marruecos,36-50,Services,1,43.14047788967819,-5.645922160016194
2021,Aller,Marruecos,36-50,Agriculture,1,43.15834475553131,-5.648788576840182
2021,Aller,Marruecos,36-50,Construction,1,43.16478956095163,-5.645140338379027
2021,Aller,Marruecos,36-50,Industry,1,43.15912938176596,-5.6392868690991405
2021,Aller,Marruecos,36-50,Unemployed/Seeking,1,43.14620027687361,-5.632090588734787
2021,Aller,Marruecos,51-65,Services,1,43.166768726368154,-5.6636262814160485
2021,Aller,Marruecos,51-65,Agriculture,1,43.14622101234185,-5.6654707538956774
2021,Aller,Marruecos,51-65,Construction,1,43.13245041492867,-5.645047636056413
2021,Aller,Marruecos,51-65,Industry,1,43.133162330168766,-5.665182218519949
2021,Aller,Marruecos,51-65,Unemployed/Seeking,1,43.16644607839148,-5.640132714038502
2021,Aller,Marruecos,65+,Services,1,43.156188389682534,-5.6364871873824685
2021,Aller,Marruecos,65+,Agriculture,1,43.15942432382985,-5.665794890653914
2021,Aller,Marruecos,65+,Construction,1,43.1431575684904,-5.6504202498529805
2021,Aller,Marruecos,65+,Industry,1,43.13119368534833,-5.668226931529308
2021,Aller,Marruecos,65+,Unemployed/Seeking,1,43.16043909353427,-5.650374587105345
2021,Aller,Colombia,18-25,Services,1,43.16306854035777,-5.657239314339239
2021,Aller,Colombia,18-25,Agriculture,1,43.15308912887612,-5.665162386708989
2021,Aller,Colombia,18-25,Construction,1,43.134643431794444,-5.667426746749342
2021,Aller,Colombia,18-25,Industry,1,43.15093732915937,-5.641539959110338
2021,Aller,Colombia,18-25,Unemployed/Seeking,1,43.159383490481524,-5.640298138935823
2021,Aller,Colombia,26-35,Services,1,43.14894907747478,-5.649267013024026
2021,Aller,Colombia,26-35,Agriculture,1,43.16779243373765,-5.658594916166619
2021,Aller,Colombia,26-35,Construction,1,43.164103449466296,-5.658109796036221
2021,Aller,Colombia,26-35,Industry,1,43.16288417099112,-5.6649046659522195
2021,Aller,Colombia,26-35,Unemployed/Seeking,1,43.147940975600214,-5.637954602521662
2021,Aller,Colombia,36-50,Services,1,43.13175634862325,-5.6471432596006155
2021,Aller,Colombia,36-50,Agriculture,1,43.16409682561948,-5.65777792861479
2021,Aller,Colombia,36-50,Construction,1,43.162304134472826,-5.653245390505034
2021,Aller,Colombia,36-50,Industry,1,43.14697502689382,-5.6579449224018035
2021,Aller,Colombia,36-50,Unemployed/Seeking,1,43.15261757693326,-5.664511413518428
2021,Aller,Colombia,51-65,Services,1,43.13539451438087,-5.658148694407309
2021,Aller,Colombia,51-65,Agriculture,1,43.157547189424605,-5.656761837594861
2021,Aller,Colombia,51-65,Construction,1,43.15027604748619,-5.65758612994457
2021,Aller,Colombia,51-65,Industry,1,43.150541499293745,-5.644442197265011
2021,Aller,Colombia,51-65,Unemployed/Seeking,1,43.16077610497815,-5.666926633483931
2021,Aller,Colombia,65+,Services,1,43.1421390742961,-5.634932304111318
2021,Aller,Colombia,65+,Agriculture,1,43.16515355447969,-5.668196856484574
2021,Aller,Colombia,65+,Construction,1,43.16867487216488,-5.63052950392702
2021,Aller,Colombia,65+,Industry,1,43.16789603558418,-5.663474909876048
2021,Aller,Colombia,65+,Unemployed/Seeking,1,43.1513152852796,-5.640295652453213
2021,Aller,Venezuela,18-25,Services,1,43.14178625899065,-5.63950008038829
2021,Aller,Venezuela,18-25,Agriculture,1,43.138539588141406,-5.631081200560071
2021,Aller,Venezuela,18-25,Construction,1,43.130584210912524,-5.63715285540168
2021,Aller,Venezuela,18-25,Industry,1,43.14851415863422,-5.647689435266791
2021,Aller,Venezuela,18-25,Unemployed/Seeking,1,43.141274367915685,-5.660550069191026
2021,Aller,Venezuela,26-35,Services,1,43.153270651951026,-5.664551696381801
2021,Aller,Venezuela,26-35,Agriculture,1,43.140185592763025,-5.653913748137512
2021,Aller,Venezuela,26-35,Construction,1,43.16850426078478,-5.6508937438278775
2021,Aller,Venezuela,26-35,Industry,1,43.16229790291936,-5.663098639989249
2021,Aller,Venezuela,26-35,Unemployed/Seeking,1,43.14989864284527,-5.662316609702161
2021,Aller,Venezuela,36-50,Services,1,43.14045932981621,-5.664837968795931
2021,Aller,Venezuela,36-50,Agriculture,1,43.14870087642571,-5.666190523773941
2021,Aller,Venezuela,36-50,Construction,1,43.15474392421076,-5.633906638536613
2021,Aller,Venezuela,36-50,Industry,1,43.14183068929905,-5.643170164852159
2021,Aller,Venezuela,36-50,Unemployed/Seeking,1,43.169475816049136,-5.656816487277778
2021,Aller,Venezuela,51-65,Services,1,43.15851713812719,-5.633641273735543
2021,Aller,Venezuela,51-65,Agriculture,1,43.149444594344686,-5.649378164821594
2021,Aller,Venezuela,51-65,Construction,1,43.141170291822974,-5.66095336559159
2021,Aller,Venezuela,51-65,Industry,1,43.1568227194059,-5.667010088728931
2021,Aller,Venezuela,51-65,Unemployed/Seeking,1,43.14530177159138,-5.669904923804718
2021,Aller,Venezuela,65+,Services,1,43.13708601030387,-5.643708423538102
2021,Aller,Venezuela,65+,Agriculture,1,43.16966301736463,-5.667406113064082
2021,Aller,Venezuela,65+,Construction,1,43.16903074318751,-5.667221675477534
2021,Aller,Venezuela,65+,Industry,1,43.1314935543215,-5.663785806300834
2021,Aller,Venezuela,65+,Unemployed/Seeking,1,43.1385194477218,-5.664655154391993
2021,Aller,Resto de España,18-25,Services,1,43.134415150867774,-5.657787949750551
2021,Aller,Resto de España,18-25,Agriculture,1,43.158317432691064,-5.641794591634611
2021,Aller,Resto de España,18-25,Construction,1,43.14396405653762,-5.652886346756371
2021,Aller,Resto de España,18-25,Industry,1,43.168151078259285,-5.647429646625395
2021,Aller,Resto de España,18-25,Unemployed/Seeking,1,43.16870608256174,-5.640615399966385
2021,Aller,Resto de España,26-35,Services,1,43.14628159022091,-5.648031675530046
2021,Aller,Resto de España,26-35,Agriculture,1,43.13591399423751,-5.643592191752809
2021,Aller,Resto de España,26-35,Construction,1,43.16053952628551,-5.654883012612315
2021,Aller,Resto de España,26-35,Industry,1,43.15771949026204,-5.66560531107083
2021,Aller,Resto de España,26-35,Unemployed/Seeking,1,43.15175952512912,-5.655759388949983
2021,Aller,Resto de España,36-50,Services,1,43.143985365433984,-5.666144984214719
2021,Aller,Resto de España,36-50,Agriculture,1,43.13334166271209,-5.663100987651199
2021,Aller,Resto de España,36-50,Construction,1,43.15874712475417,-5.6308436735004985
2021,Aller,Resto de España,36-50,Industry,1,43.1495541936007,-5.657784442868042
2021,Aller,Resto de España,36-50,Unemployed/Seeking,1,43.145763559044205,-5.656077749027785
2021,Aller,Resto de España,51-65,Services,1,43.134422416285815,-5.640061433518306
2021,Aller,Resto de España,51-65,Agriculture,1,43.141795970123184,-5.6476332851198165
2021,Aller,Resto de España,51-65,Construction,1,43.148287573289025,-5.662500967819748
2021,Aller,Resto de España,51-65,Industry,1,43.16064858628832,-5.654752421111793
2021,Aller,Resto de España,51-65,Unemployed/Seeking,1,43.16337847269738,-5.644594843652709
2021,Aller,Resto de España,65+,Services,1,43.14337443199675,-5.6439129230682905
2021,Aller,Resto de España,65+,Agriculture,1,43.14783773532293,-5.638108117088713
2021,Aller,Resto de España,65+,Construction,1,43.16267115909777,-5.646895905945265
2021,Aller,Resto de España,65+,Industry,1,43.15821984124512,-5.642403163226313
2021,Aller,Resto de España,65+,Unemployed/Seeking,1,43.153568896890405,-5.646330043515517
2021,Aller,Otros,18-25,Services,1,43.13672052775279,-5.631841250659363
2021,Aller,Otros,18-25,Agriculture,1,43.16699782909275,-5.639369535570081
2021,Aller,Otros,18-25,Construction,1,43.14947801799331,-5.63083325805492
2021,Aller,Otros,18-25,Industry,1,43.15208774868953,-5.63348503753468
2021,Aller,Otros,18-25,Unemployed/Seeking,1,43.13457593317446,-5.6422400210571535
2021,Aller,Otros,26-35,Services,1,43.14774892847095,-5.643111570867121
2021,Aller,Otros,26-35,Agriculture,1,43.13198254198343,-5.668713706735143
2021,Aller,Otros,26-35,Construction,1,43.143531423537254,-5.646237060603861
2021,Aller,Otros,26-35,Industry,1,43.14258484334691,-5.657394605793651
2021,Aller,Otros,26-35,Unemployed/Seeking,1,43.16802507741233,-5.632994812407998
2021,Aller,Otros,36-50,Services,1,43.14233979066347,-5.64607524207528
2021,Aller,Otros,36-50,Agriculture,1,43.16602751956073,-5.654468436213849
2021,Aller,Otros,36-50,Construction,1,43.16746690027954,-5.665502072980416
2021,Aller,Otros,36-50,Industry,1,43.13518896721331,-5.645325954947836
2021,Aller,Otros,36-50,Unemployed/Seeking,1,43.139175812472104,-5.661671356562238
2021,Aller,Otros,51-65,Services,1,43.13646401855028,-5.667010372668694
2021,Aller,Otros,51-65,Agriculture,1,43.14522842052214,-5.658347502156376
2021,Aller,Otros,51-65,Construction,1,43.168647923828665,-5.660034937037472
2021,Aller,Otros,51-65,Industry,1,43.1395722928774,-5.632427704521837
2021,Aller,Otros,51-65,Unemployed/Seeking,1,43.15859595739923,-5.635445845381961
2021,Aller,Otros,65+,Services,1,43.13644022394041,-5.6437363069802196
2021,Aller,Otros,65+,Agriculture,1,43.13497033290979,-5.638596869590816
2021,Aller,Otros,65+,Construction,1,43.13148533267334,-5.650931650318151
2021,Aller,Otros,65+,Industry,1,43.16528996751157,-5.6446071774208715
2021,Aller,Otros,65+,Unemployed/Seeking,1,43.130926543925256,-5.632233011462125
2021,Mieres,Rumanía,18-25,Services,4,43.2700477910175,-5.776938903838152
2021,Mieres,Rumanía,18-25,Agriculture,4,43.23364654113612,-5.777151885454027
2021,Mieres,Rumanía,18-25,Construction,6,43.26452025912038,-5.78309973434855
2021,Mieres,Rumanía,18-25,Industry,3,43.24289040814123,-5.791399442045324
2021,Mieres,Rumanía,18-25,Unemployed/Seeking,3,43.23977524475015,-5.776794355204705
2021,Mieres,Rumanía,26-35,Services,2,43.25171789418236,-5.773458571831455
2021,Mieres,Rumanía,26-35,Agriculture,4,43.26011383872959,-5.7629334103093965
2021,Mieres,Rumanía,26-35,Construction,3,43.25707574331881,-5.757696235905288
2021,Mieres,Rumanía,26-35,Industry,3,43.268998766610046,-5.787149486485751
2021,Mieres,Rumanía,26-35,Unemployed/Seeking,4,43.23590612282868,-5.776504084502496
2021,Mieres,Rumanía,36-50,Services,4,43.236306051504265,-5.790837371440932
2021,Mieres,Rumanía,36-50,Agriculture,6,43.24198637787043,-5.7554572340159105
2021,Mieres,Rumanía,36-50,Construction,3,43.25226275538843,-5.758699107527912
2021,Mieres,Rumanía,36-50,Industry,2,43.25972375661445,-5.782684736485461
2021,Mieres,Rumanía,36-50,Unemployed/Seeking,3,43.26105770448438,-5.7824355899439865
2021,Mieres,Rumanía,51-65,Services,2,43.25576642352767,-5.781659545528848
2021,Mieres,Rumanía,51-65,Agriculture,2,43.23165509110149,-5.793293298842074
2021,Mieres,Rumanía,51-65,Construction,5,43.262067516683565,-5.7632368125241875
2021,Mieres,Rumanía,51-65,Industry,1,43.26137907324522,-5.75713082839324
2021,Mieres,Rumanía,51-65,Unemployed/Seeking,2,43.264116437223194,-5.787115822780394
2021,Mieres,Rumanía,65+,Services,2,43.26972501495413,-5.769848061756566
2021,Mieres,Rumanía,65+,Agriculture,2,43.24474683681173,-5.7649390858884795
2021,Mieres,Rumanía,65+,Construction,5,43.25223443677496,-5.77661723643543
2021,Mieres,Rumanía,65+,Industry,2,43.25890038047562,-5.7738569017658135
2021,Mieres,Rumanía,65+,Unemployed/Seeking,4,43.23521393141592,-5.759583843795018
2021,Mieres,Marruecos,18-25,Services,2,43.23511408200728,-5.78789939336893
2021,Mieres,Marruecos,18-25,Agriculture,2,43.25504991963994,-5.77593995755286
2021,Mieres,Marruecos,18-25,Construction,1,43.23571390248121,-5.783252869646349
2021,Mieres,Marruecos,18-25,Industry,2,43.244162249674886,-5.755543224202342
2021,Mieres,Marruecos,18-25,Unemployed/Seeking,3,43.25006622568778,-5.755430571809369
2021,Mieres,Marruecos,26-35,Services,3,43.26718896859407,-5.779663205969792
2021,Mieres,Marruecos,26-35,Agriculture,3,43.25055604242625,-5.778369827653183
2021,Mieres,Marruecos,26-35,Construction,2,43.23683821157234,-5.75749282005047
2021,Mieres,Marruecos,26-35,Industry,6,43.23250312459034,-5.76507208640612
2021,Mieres,Marruecos,26-35,Unemployed/Seeking,6,43.26063377465109,-5.7898146164570115
2021,Mieres,Marruecos,36-50,Services,5,43.25913591305728,-5.767864276894823
2021,Mieres,Marruecos,36-50,Agriculture,5,43.24599902526988,-5.766361500432303
2021,Mieres,Marruecos,36-50,Construction,5,43.24574891473577,-5.754933129400737
2021,Mieres,Marruecos,36-50,Industry,4,43.244190084137735,-5.774504878802341
2021,Mieres,Marruecos,36-50,Unemployed/Seeking,2,43.257227682329905,-5.784685638269412
2021,Mieres,Marruecos,51-65,Services,2,43.238218898556106,-5.781834804043754
2021,Mieres,Marruecos,51-65,Agriculture,4,43.25770372101939,-5.77797675954924
2021,Mieres,Marruecos,51-65,Construction,4,43.26589895661931,-5.759830876785349
2021,Mieres,Marruecos,51-65,Industry,1,43.25018878295383,-5.755640500771358
2021,Mieres,Marruecos,51-65,Unemployed/Seeking,3,43.26791988104035,-5.772320586615971
2021,Mieres,Marruecos,65+,Services,3,43.250598379644764,-5.7769375501757185
2021,Mieres,Marruecos,65+,Agriculture,5,43.2484568473188,-5.763509632791082
2021,Mieres,Marruecos,65+,Construction,2,43.24326916032632,-5.755214195073282
2021,Mieres,Marruecos,65+,Industry,4,43.26961079835446,-5.755758261659422
2021,Mieres,Marruecos,65+,Unemployed/Seeking,2,43.24635952989414,-5.756884851000467
2021,Mieres,Colombia,18-25,Services,6,43.256938154595765,-5.786340679157849
2021,Mieres,Colombia,18-25,Agriculture,2,43.24569626248766,-5.788458551003519
2021,Mieres,Colombia,18-25,Construction,4,43.23258160720018,-5.793901053147828
2021,Mieres,Colombia,18-25,Industry,3,43.257987878321075,-5.7770899844898675
2021,Mieres,Colombia,18-25,Unemployed/Seeking,2,43.264284951058634,-5.789258971711118
2021,Mieres,Colombia,26-35,Services,6,43.232748800721616,-5.776907638322742
2021,Mieres,Colombia,26-35,Agriculture,5,43.24036487208471,-5.786178612356529
2021,Mieres,Colombia,26-35,Construction,5,43.232126459997055,-5.783493263353098
2021,Mieres,Colombia,26-35,Industry,5,43.26593895554729,-5.782758522242557
2021,Mieres,Colombia,26-35,Unemployed/Seeking,2,43.26600444817116,-5.766064820513189
2021,Mieres,Colombia,36-50,Services,3,43.264208749835916,-5.7808891680726475
2021,Mieres,Colombia,36-50,Agriculture,3,43.25913492370381,-5.786222276555131
2021,Mieres,Colombia,36-50,Construction,2,43.25686056193715,-5.787919562112117
2021,Mieres,Colombia,36-50,Industry,4,43.255612271192426,-5.763833368205453
2021,Mieres,Colombia,36-50,Unemployed/Seeking,3,43.25910106517233,-5.760753530575973
2021,Mieres,Colombia,51-65,Services,3,43.265475697438376,-5.783300569299664
2021,Mieres,Colombia,51-65,Agriculture,4,43.25392878172535,-5.78663682801223
2021,Mieres,Colombia,51-65,Construction,4,43.265040874193126,-5.782895500588948
2021,Mieres,Colombia,51-65,Industry,4,43.232486969687784,-5.7820503007922985
2021,Mieres,Colombia,51-65,Unemployed/Seeking,2,43.25068022951363,-5.7565985051624065
2021,Mieres,Colombia,65+,Services,3,43.23976938763773,-5.778789901987829
2021,Mieres,Colombia,65+,Agriculture,5,43.242167733204695,-5.762695140236225
2021,Mieres,Colombia,65+,Construction,2,43.26199398133431,-5.792964667258404
2021,Mieres,Colombia,65+,Industry,2,43.245151623406976,-5.760779071856913
2021,Mieres,Colombia,65+,Unemployed/Seeking,2,43.231876904545075,-5.757244676961509
2021,Mieres,Venezuela,18-25,Services,4,43.24960349844962,-5.777996106462858
2021,Mieres,Venezuela,18-25,Agriculture,2,43.2471960722444,-5.75873686248797
2021,Mieres,Venezuela,18-25,Construction,4,43.266666770966346,-5.775806972600224
2021,Mieres,Venezuela,18-25,Industry,3,43.260561399748795,-5.762659780679823
2021,Mieres,Venezuela,18-25,Unemployed/Seeking,3,43.235013130968696,-5.779863987696623
2021,Mieres,Venezuela,26-35,Services,6,43.25761982312397,-5.777148124744672
2021,Mieres,Venezuela,26-35,Agriculture,5,43.25790486143829,-5.766572053996093
2021,Mieres,Venezuela,26-35,Construction,4,43.23098826951767,-5.756439047760549
2021,Mieres,Venezuela,26-35,Industry,3,43.269560292111905,-5.781459975455424
2021,Mieres,Venezuela,26-35,Unemployed/Seeking,3,43.268310596536764,-5.770090368471622
2021,Mieres,Venezuela,36-50,Services,6,43.24140134891378,-5.764283193157889
2021,Mieres,Venezuela,36-50,Agriculture,4,43.259851522673664,-5.769572413946555
2021,Mieres,Venezuela,36-50,Construction,3,43.255044065327255,-5.775669980518496
2021,Mieres,Venezuela,36-50,Industry,3,43.2543463340447,-5.770977701461004
2021,Mieres,Venezuela,36-50,Unemployed/Seeking,5,43.25585748594555,-5.772967464119421
2021,Mieres,Venezuela,51-65,Services,2,43.268930624574175,-5.7856281881402225
2021,Mieres,Venezuela,51-65,Agriculture,1,43.25921310341358,-5.758660357525903
2021,Mieres,Venezuela,51-65,Construction,4,43.24948536817899,-5.788564634590195
2021,Mieres,Venezuela,51-65,Industry,1,43.26119697550733,-5.765045002047492
2021,Mieres,Venezuela,51-65,Unemployed/Seeking,3,43.24166666298277,-5.775852573548826
2021,Mieres,Venezuela,65+,Services,2,43.245072903621825,-5.793076987469619
2021,Mieres,Venezuela,65+,Agriculture,3,43.238188467096194,-5.782307552241701
2021,Mieres,Venezuela,65+,Construction,4,43.26456992003135,-5.757498625727969
2021,Mieres,Venezuela,65+,Industry,3,43.24290541391622,-5.783696257224502
2021,Mieres,Venezuela,65+,Unemployed/Seeking,4,43.24565009027867,-5.769439320342627
2021,Mieres,Resto de España,18-25,Services,3,43.259268010950876,-5.783189329205862
2021,Mieres,Resto de España,18-25,Agriculture,4,43.241623259375466,-5.773437442182735
2021,Mieres,Resto de España,18-25,Construction,4,43.26825880455014,-5.772968033388961
2021,Mieres,Resto de España,18-25,Industry,2,43.23692012105118,-5.757333852104845
2021,Mieres,Resto de España,18-25,Unemployed/Seeking,3,43.25754547131971,-5.760364235282123
2021,Mieres,Resto de España,26-35,Services,4,43.25764455359221,-5.783127266667724
2021,Mieres,Resto de España,26-35,Agriculture,6,43.243061594407386,-5.76404835573319
2021,Mieres,Resto de España,26-35,Construction,4,43.26089166077919,-5.776787095153067
2021,Mieres,Resto de España,26-35,Industry,2,43.244329671206486,-5.790638346542718
2021,Mieres,Resto de España,26-35,Unemployed/Seeking,5,43.25465615733064,-5.766037010208051
2021,Mieres,Resto de España,36-50,Services,3,43.25896492442378,-5.763708258977148
2021,Mieres,Resto de España,36-50,Agriculture,5,43.232410653561516,-5.7757971354060125
2021,Mieres,Resto de España,36-50,Construction,5,43.25815577930015,-5.79421049656376
2021,Mieres,Resto de España,36-50,Industry,3,43.26614916548823,-5.763328217211973
2021,Mieres,Resto de España,36-50,Unemployed/Seeking,3,43.25685090719711,-5.780328572832457
2021,Mieres,Resto de España,51-65,Services,2,43.2554746221757,-5.760914231609012
2021,Mieres,Resto de España,51-65,Agriculture,3,43.23478323800869,-5.7908937991697345
2021,Mieres,Resto de España,51-65,Construction,2,43.26338968426109,-5.7625910706541275
2021,Mieres,Resto de España,51-65,Industry,3,43.26240765966099,-5.779739875650771
2021,Mieres,Resto de España,51-65,Unemployed/Seeking,2,43.26304537640346,-5.777804886929418
2021,Mieres,Resto de España,65+,Services,4,43.23251160594099,-5.792954771693746
2021,Mieres,Resto de España,65+,Agriculture,2,43.26963673281834,-5.7786485193572945
2021,Mieres,Resto de España,65+,Construction,4,43.233893165978664,-5.7828953683073845
2021,Mieres,Resto de España,65+,Industry,4,43.26012135975317,-5.763495015397488
2021,Mieres,Resto de España,65+,Unemployed/Seeking,4,43.24262954715395,-5.791428358340928
2021,Mieres,Otros,18-25,Services,3,43.2522795973421,-5.7706554625565305
2021,Mieres,Otros,18-25,Agriculture,3,43.24109336801082,-5.7792107006884805
2021,Mieres,Otros,18-25,Construction,3,43.23628476887125,-5.763226454249114
2021,Mieres,Otros,18-25,Industry,1,43.23426102078627,-5.755925707670172
2021,Mieres,Otros,18-25,Unemployed/Seeking,2,43.23327106337374,-5.775989013953246
2021,Mieres,Otros,26-35,Services,3,43.238245065940184,-5.788207555815118
2021,Mieres,Otros,26-35,Agriculture,2,43.26972016211648,-5.776240761782402
2021,Mieres,Otros,26-35,Construction,2,43.25409576173687,-5.7668947854638715
2021,Mieres,Otros,26-35,Industry,3,43.260489035792254,-5.759237035645855
2021,Mieres,Otros,26-35,Unemployed/Seeking,5,43.26426147388716,-5.764015586940244
2021,Mieres,Otros,36-50,Services,3,43.26833145317551,-5.765612326242252
2021,Mieres,Otros,36-50,Agriculture,5,43.230601316709475,-5.789392654210276
2021,Mieres,Otros,36-50,Construction,2,43.26261193387899,-5.782926882554976
2021,Mieres,Otros,36-50,Industry,5,43.26917970196493,-5.756530811974572
2021,Mieres,Otros,36-50,Unemployed/Seeking,4,43.2308625941505,-5.770089717933301
2021,Mieres,Otros,51-65,Services,4,43.269070172004035,-5.774593407012795
2021,Mieres,Otros,51-65,Agriculture,3,43.24935935065692,-5.754923571774882
2021,Mieres,Otros,51-65,Construction,2,43.26346822892781,-5.774955747662729
2021,Mieres,Otros,51-65,Industry,4,43.25962638955946,-5.761927960299316
2021,Mieres,Otros,51-65,Unemployed/Seeking,3,43.26724367220591,-5.765284350006252
2021,Mieres,Otros,65+,Services,2,43.24066819236462,-5.7745151811123785
2021,Mieres,Otros,65+,Agriculture,3,43.268957047951936,-5.764411935830172
2021,Mieres,Otros,65+,Construction,5,43.23268272460969,-5.785864149786298
2021,Mieres,Otros,65+,Industry,3,43.25471191020024,-5.7593785941254945
2021,Mieres,Otros,65+,Unemployed/Seeking,4,43.236667214445944,-5.758379699112997
2021,Langreo,Rumanía,18-25,Services,6,43.28866430566723,-5.702814208500612
2021,Langreo,Rumanía,18-25,Agriculture,5,43.28856200599924,-5.666826966122336
2021,Langreo,Rumanía,18-25,Construction,8,43.29725566097298,-5.685719319428597
2021,Langreo,Rumanía,18-25,Industry,6,43.30458773923978,-5.66405481877803
2021,Langreo,Rumanía,18-25,Unemployed/Seeking,5,43.29468322740879,-5.675084049695951
2021,Langreo,Rumanía,26-35,Services,5,43.29527807291051,-5.667548384250906
2021,Langreo,Rumanía,26-35,Agriculture,4,43.28468903550611,-5.696310376732792
2021,Langreo,Rumanía,26-35,Construction,8,43.28082293840509,-5.673806063058558
2021,Langreo,Rumanía,26-35,Industry,3,43.305553416988424,-5.702154805616102
2021,Langreo,Rumanía,26-35,Unemployed/Seeking,4,43.28334811670894,-5.695090089085883
2021,Langreo,Rumanía,36-50,Services,6,43.309898411117565,-5.700250074655203
2021,Langreo,Rumanía,36-50,Agriculture,4,43.29535612689427,-5.6748406958621915
2021,Langreo,Rumanía,36-50,Construction,8,43.28870235016047,-5.6686301274654
2021,Langreo,Rumanía,36-50,Industry,6,43.300439231855414,-5.690807126759675
2021,Langreo,Rumanía,36-50,Unemployed/Seeking,8,43.299330918800386,-5.6906998937562
2021,Langreo,Rumanía,51-65,Services,2,43.30776684442282,-5.694505926157156
2021,Langreo,Rumanía,51-65,Agriculture,7,43.299363359826664,-5.69614211363485
2021,Langreo,Rumanía,51-65,Construction,8,43.29548465947142,-5.686915795811783
2021,Langreo,Rumanía,51-65,Industry,5,43.29523531382777,-5.696363342365831
2021,Langreo,Rumanía,51-65,Unemployed/Seeking,5,43.30317724090733,-5.663485530455171
2021,Langreo,Rumanía,65+,Services,5,43.31182837680767,-5.68881963990025
2021,Langreo,Rumanía,65+,Agriculture,4,43.31463944983124,-5.676194845422731
2021,Langreo,Rumanía,65+,Construction,8,43.30617727471901,-5.698158945135009
2021,Langreo,Rumanía,65+,Industry,4,43.28406451117827,-5.688687212697822
2021,Langreo,Rumanía,65+,Unemployed/Seeking,6,43.309248611827286,-5.674566754003784
2021,Langreo,Marruecos,18-25,Services,5,43.2939164132055,-5.687625358146048
2021,Langreo,Marruecos,18-25,Agriculture,6,43.314373026339304,-5.674736700186153
2021,Langreo,Marruecos,18-25,Construction,2,43.28974794056007,-5.6774326856988315
2021,Langreo,Marruecos,18-25,Industry,6,43.30949561893129,-5.674226487568028
2021,Langreo,Marruecos,18-25,Unemployed/Seeking,4,43.281259366958636,-5.664348018021249
2021,Langreo,Marruecos,26-35,Services,3,43.29618632806213,-5.690199609694311
2021,Langreo,Marruecos,26-35,Agriculture,7,43.281632926567795,-5.671511696425291
2021,Langreo,Marruecos,26-35,Construction,7,43.29178957623456,-5.676413440665719
2021,Langreo,Marruecos,26-35,Industry,3,43.30672133649635,-5.665877660190934
2021,Langreo,Marruecos,26-35,Unemployed/Seeking,5,43.28015136735776,-5.685674781698433
2021,Langreo,Marruecos,36-50,Services,4,43.294930488972035,-5.680271441470872
2021,Langreo,Marruecos,36-50,Agriculture,4,43.30430026865103,-5.692224171596607
2021,Langreo,Marruecos,36-50,Construction,3,43.301049855604596,-5.671851835812778
2021,Langreo,Marruecos,36-50,Industry,5,43.308339386227786,-5.684001961470424
2021,Langreo,Marruecos,36-50,Unemployed/Seeking,4,43.27762102795709,-5.667722864553843
2021,Langreo,Marruecos,51-65,Services,2,43.30283406349944,-5.675462394858787
2021,Langreo,Marruecos,51-65,Agriculture,2,43.293111449057015,-5.694275399675036
2021,Langreo,Marruecos,51-65,Construction,4,43.28676479587745,-5.6829779201011945
2021,Langreo,Marruecos,51-65,Industry,3,43.27932500564389,-5.695681634765133
2021,Langreo,Marruecos,51-65,Unemployed/Seeking,3,43.29704173960729,-5.672999463803259
2021,Langreo,Marruecos,65+,Services,5,43.28156092464596,-5.672114773097197
2021,Langreo,Marruecos,65+,Agriculture,5,43.30334228649838,-5.6853625446145415
2021,Langreo,Marruecos,65+,Construction,2,43.300785550843734,-5.688088056571619
2021,Langreo,Marruecos,65+,Industry,4,43.30628210202367,-5.6979989379501
2021,Langreo,Marruecos,65+,Unemployed/Seeking,2,43.28094763208361,-5.675097901252776
2021,Langreo,Colombia,18-25,Services,3,43.309475443427054,-5.666247605143363
2021,Langreo,Colombia,18-25,Agriculture,6,43.289052781064406,-5.671580746284422
2021,Langreo,Colombia,18-25,Construction,4,43.311348507371044,-5.6715227280528975
2021,Langreo,Colombia,18-25,Industry,3,43.29649421436184,-5.694406014206223
2021,Langreo,Colombia,18-25,Unemployed/Seeking,3,43.31091233545444,-5.69578714876344
2021,Langreo,Colombia,26-35,Services,6,43.29591279416963,-5.681917841782818
2021,Langreo,Colombia,26-35,Agriculture,6,43.29228655041415,-5.693976037026352
2021,Langreo,Colombia,26-35,Construction,4,43.31051494636678,-5.670891182879572
2021,Langreo,Colombia,26-35,Industry,2,43.29686678150439,-5.6930576344571255
2021,Langreo,Colombia,26-35,Unemployed/Seeking,7,43.29126812500758,-5.674818804372333
2021,Langreo,Colombia,36-50,Services,4,43.288315437909375,-5.679116232038273
2021,Langreo,Colombia,36-50,Agriculture,5,43.30890433025383,-5.678112405092456
2021,Langreo,Colombia,36-50,Construction,3,43.29371053324634,-5.684797768911202
2021,Langreo,Colombia,36-50,Industry,4,43.301895728897975,-5.699051861127879
2021,Langreo,Colombia,36-50,Unemployed/Seeking,4,43.302312697954775,-5.669144194048305
2021,Langreo,Colombia,51-65,Services,4,43.30924318718401,-5.693373850009587
2021,Langreo,Colombia,51-65,Agriculture,6,43.30501668383996,-5.677499472818619
2021,Langreo,Colombia,51-65,Construction,3,43.30606818383114,-5.678311425247573
2021,Langreo,Colombia,51-65,Industry,5,43.2814241886956,-5.692156851326389
2021,Langreo,Colombia,51-65,Unemployed/Seeking,3,43.279055474054104,-5.701016826154392
2021,Langreo,Colombia,65+,Services,4,43.309327697501075,-5.702249184364873
2021,Langreo,Colombia,65+,Agriculture,5,43.31401494330406,-5.674498019353276
2021,Langreo,Colombia,65+,Construction,4,43.3020350841433,-5.6788475405365535
2021,Langreo,Colombia,65+,Industry,4,43.29675201098524,-5.690570113026367
2021,Langreo,Colombia,65+,Unemployed/Seeking,5,43.31374922239131,-5.675725274133895
2021,Langreo,Venezuela,18-25,Services,3,43.28544326176861,-5.694906434402823
2021,Langreo,Venezuela,18-25,Agriculture,6,43.29928313345388,-5.698342063878596
2021,Langreo,Venezuela,18-25,Construction,3,43.2875148829537,-5.689794983015031
2021,Langreo,Venezuela,18-25,Industry,2,43.28483657152437,-5.691369421150503
2021,Langreo,Venezuela,18-25,Unemployed/Seeking,4,43.29876356552607,-5.6773914011902695
2021,Langreo,Venezuela,26-35,Services,8,43.308519967308904,-5.685739698537953
2021,Langreo,Venezuela,26-35,Agriculture,4,43.27696634938147,-5.683812495523526
2021,Langreo,Venezuela,26-35,Construction,7,43.30011767923164,-5.690352973951799
2021,Langreo,Venezuela,26-35,Industry,5,43.29004957667998,-5.670955444424298
2021,Langreo,Venezuela,26-35,Unemployed/Seeking,6,43.2856594503482,-5.6920252742835595
2021,Langreo,Venezuela,36-50,Services,4,43.3012076331822,-5.6785805146728805
2021,Langreo,Venezuela,36-50,Agriculture,5,43.30675803542296,-5.684854267831825
2021,Langreo,Venezuela,36-50,Construction,6,43.29045597382502,-5.6971747423824235
2021,Langreo,Venezuela,36-50,Industry,7,43.28729206289749,-5.698542311737562
2021,Langreo,Venezuela,36-50,Unemployed/Seeking,6,43.298930807420234,-5.698653834123454
2021,Langreo,Venezuela,51-65,Services,5,43.31272655237231,-5.664574799386655
2021,Langreo,Venezuela,51-65,Agriculture,4,43.300871304771164,-5.6849923474100565
2021,Langreo,Venezuela,51-65,Construction,5,43.31552224686824,-5.681862675050761
2021,Langreo,Venezuela,51-65,Industry,4,43.2816270946541,-5.69896738803435
2021,Langreo,Venezuela,51-65,Unemployed/Seeking,5,43.27724721517451,-5.699672927279731
2021,Langreo,Venezuela,65+,Services,8,43.282561807525596,-5.680148900938004
2021,Langreo,Venezuela,65+,Agriculture,3,43.27653329855091,-5.682354292151406
2021,Langreo,Venezuela,65+,Construction,5,43.28624205057211,-5.682680229120869
2021,Langreo,Venezuela,65+,Industry,4,43.27873674053949,-5.6773888524525695
2021,Langreo,Venezuela,65+,Unemployed/Seeking,2,43.309999464727085,-5.6733974014766915
2021,Langreo,Resto de España,18-25,Services,3,43.293550417405754,-5.673355309330792
2021,Langreo,Resto de España,18-25,Agriculture,4,43.31007165932427,-5.673053686072813
2021,Langreo,Resto de España,18-25,Construction,2,43.311224602624826,-5.682085624029589
2021,Langreo,Resto de España,18-25,Industry,5,43.29351595790792,-5.671419296068985
2021,Langreo,Resto de España,18-25,Unemployed/Seeking,7,43.27935296475623,-5.685820133724896
2021,Langreo,Resto de España,26-35,Services,5,43.31282685843475,-5.676375989650608
2021,Langreo,Resto de España,26-35,Agriculture,3,43.30110602951625,-5.665209775745044
2021,Langreo,Resto de España,26-35,Construction,7,43.281343539255985,-5.672612642991209
2021,Langreo,Resto de España,26-35,Industry,6,43.312621595615916,-5.678063460931628
2021,Langreo,Resto de España,26-35,Unemployed/Seeking,5,43.300665923193144,-5.675256810059232
2021,Langreo,Resto de España,36-50,Services,3,43.29227367520486,-5.689002256843054
2021,Langreo,Resto de España,36-50,Agriculture,7,43.29796264503553,-5.695436076540607
2021,Langreo,Resto de España,36-50,Construction,7,43.29857754049574,-5.683850876976189
2021,Langreo,Resto de España,36-50,Industry,3,43.28487223374829,-5.667157833134598
2021,Langreo,Resto de España,36-50,Unemployed/Seeking,3,43.28275136007668,-5.699508286447759
2021,Langreo,Resto de España,51-65,Services,5,43.2806437825834,-5.674570449036185
2021,Langreo,Resto de España,51-65,Agriculture,5,43.306488934006566,-5.688067507087561
2021,Langreo,Resto de España,51-65,Construction,2,43.3112945691666,-5.68397113058762
2021,Langreo,Resto de España,51-65,Industry,6,43.29394774281157,-5.6931044919903515
2021,Langreo,Resto de España,51-65,Unemployed/Seeking,5,43.315868401263586,-5.667379258934664
2021,Langreo,Resto de España,65+,Services,5,43.28714561219512,-5.686460749234006
2021,Langreo,Resto de España,65+,Agriculture,6,43.27902295460336,-5.697122391239208
2021,Langreo,Resto de España,65+,Construction,4,43.285070680721844,-5.685179526431693
2021,Langreo,Resto de España,65+,Industry,3,43.30535043611466,-5.702727038477746
2021,Langreo,Resto de España,65+,Unemployed/Seeking,6,43.31120676443114,-5.6635911940092605
2021,Langreo,Otros,18-25,Services,2,43.28379973784111,-5.6692279954744285
2021,Langreo,Otros,18-25,Agriculture,4,43.29187256764551,-5.664182295935287
2021,Langreo,Otros,18-25,Construction,5,43.28353606036559,-5.680440154315323
2021,Langreo,Otros,18-25,Industry,6,43.28212556811733,-5.683498056337756
2021,Langreo,Otros,18-25,Unemployed/Seeking,5,43.29520427927922,-5.689462809597088
2021,Langreo,Otros,26-35,Services,8,43.3151597853072,-5.680756511841948
2021,Langreo,Otros,26-35,Agriculture,7,43.313477577729635,-5.696279989530184
2021,Langreo,Otros,26-35,Construction,5,43.30650942842472,-5.6719927575859765
2021,Langreo,Otros,26-35,Industry,4,43.302089725638886,-5.686320895436058
2021,Langreo,Otros,26-35,Unemployed/Seeking,6,43.280940553852574,-5.702446388189423
2021,Langreo,Otros,36-50,Services,4,43.30178254944636,-5.687855335651233
2021,Langreo,Otros,36-50,Agriculture,8,43.31568085974036,-5.6902284468618
2021,Langreo,Otros,36-50,Construction,7,43.301459304616635,-5.690600039603123
2021,Langreo,Otros,36-50,Industry,8,43.30464739177418,-5.691178688061377
2021,Langreo,Otros,36-50,Unemployed/Seeking,4,43.31548508150123,-5.671196754082616
2021,Langreo,Otros,51-65,Services,4,43.278366493954785,-5.68037617041647
2021,Langreo,Otros,51-65,Agriculture,3,43.297945050272325,-5.6753072126864605
2021,Langreo,Otros,51-65,Construction,5,43.282858549379185,-5.66563942365954
2021,Langreo,Otros,51-65,Industry,6,43.282563764198464,-5.690095963611855
2021,Langreo,Otros,51-65,Unemployed/Seeking,4,43.281307023443155,-5.665343490749372
2021,Langreo,Otros,65+,Services,2,43.303481205582045,-5.697263958770597
2021,Langreo,Otros,65+,Agriculture,2,43.29954367405293,-5.703189557715655
2021,Langreo,Otros,65+,Construction,3,43.2908115492195,-5.681280612844193
2021,Langreo,Otros,65+,Industry,5,43.28463170856517,-5.675083694505035
2021,Langreo,Otros,65+,Unemployed/Seeking,2,43.280648230791336,-5.683535579045345
2021,Oviedo,Rumanía,18-25,Services,2,43.378064090731634,-5.864975385291021
2021,Oviedo,Rumanía,18-25,Agriculture,4,43.376419684565064,-5.85941057100236
2021,Oviedo,Rumanía,18-25,Construction,4,43.3639599593638,-5.841062857122997
2021,Oviedo,Rumanía,18-25,Industry,4,43.37557182015595,-5.840497719819964
2021,Oviedo,Rumanía,18-25,Unemployed/Seeking,3,43.38045096792409,-5.8668442474937965
2021,Oviedo,Rumanía,26-35,Services,2,43.37895551730318,-5.8644520820117165
2021,Oviedo,Rumanía,26-35,Agriculture,5,43.37702090020754,-5.830706376992406
2021,Oviedo,Rumanía,26-35,Construction,7,43.36642197578354,-5.863856177047417
2021,Oviedo,Rumanía,26-35,Industry,4,43.36903218582918,-5.8410360945480955
2021,Oviedo,Rumanía,26-35,Unemployed/Seeking,5,43.36773619762471,-5.840786147657669
2021,Oviedo,Rumanía,36-50,Services,3,43.35046490792533,-5.846328332700407
2021,Oviedo,Rumanía,36-50,Agriculture,5,43.37059713295084,-5.860623177899958
2021,Oviedo,Rumanía,36-50,Construction,7,43.35229221807656,-5.845146911792463
2021,Oviedo,Rumanía,36-50,Industry,3,43.35185006605826,-5.853706753564713
2021,Oviedo,Rumanía,36-50,Unemployed/Seeking,4,43.35517986908314,-5.858386666011622
2021,Oviedo,Rumanía,51-65,Services,2,43.346180806133944,-5.85603718968468
2021,Oviedo,Rumanía,51-65,Agriculture,4,43.34227800835925,-5.854919865613834
2021,Oviedo,Rumanía,51-65,Construction,6,43.34294784405501,-5.852359384247603
2021,Oviedo,Rumanía,51-65,Industry,2,43.37514190227398,-5.851149989327535
2021,Oviedo,Rumanía,51-65,Unemployed/Seeking,4,43.355530375257324,-5.86536778420352
2021,Oviedo,Rumanía,65+,Services,2,43.360172762306185,-5.843697982923883
2021,Oviedo,Rumanía,65+,Agriculture,2,43.35497731805901,-5.864533822537971
2021,Oviedo,Rumanía,65+,Construction,4,43.36513857357566,-5.84673074458602
2021,Oviedo,Rumanía,65+,Industry,4,43.362518054751824,-5.855667986815781
2021,Oviedo,Rumanía,65+,Unemployed/Seeking,2,43.38094541476142,-5.861401998529492
2021,Oviedo,Marruecos,18-25,Services,5,43.35071191614812,-5.8549190612328355
2021,Oviedo,Marruecos,18-25,Agriculture,3,43.37839148475066,-5.832056539319946
2021,Oviedo,Marruecos,18-25,Construction,2,43.360165853732504,-5.840063551714493
2021,Oviedo,Marruecos,18-25,Industry,4,43.363875950584166,-5.864708167496656
2021,Oviedo,Marruecos,18-25,Unemployed/Seeking,3,43.36398608595884,-5.842681726149716
2021,Oviedo,Marruecos,26-35,Services,3,43.368808229913185,-5.83057013435477
2021,Oviedo,Marruecos,26-35,Agriculture,4,43.344211653169516,-5.8390896129393814
2021,Oviedo,Marruecos,26-35,Construction,2,43.37906647846267,-5.854955335857637
2021,Oviedo,Marruecos,26-35,Industry,3,43.34645082526928,-5.855106000503808
2021,Oviedo,Marruecos,26-35,Unemployed/Seeking,3,43.34505841777648,-5.836158204867494
2021,Oviedo,Marruecos,36-50,Services,6,43.376640449291806,-5.849383204948229
2021,Oviedo,Marruecos,36-50,Agriculture,2,43.355353775461516,-5.852202206078644
2021,Oviedo,Marruecos,36-50,Construction,3,43.351075384639536,-5.8636219700895005
2021,Oviedo,Marruecos,36-50,Industry,5,43.35271597474246,-5.8440689374576
2021,Oviedo,Marruecos,36-50,Unemployed/Seeking,3,43.359102107280656,-5.8652666270365215
2021,Oviedo,Marruecos,51-65,Services,4,43.34647824606877,-5.8639282831835
2021,Oviedo,Marruecos,51-65,Agriculture,4,43.380613163660406,-5.8693284148438
2021,Oviedo,Marruecos,51-65,Construction,4,43.3754439019742,-5.863258514863192
2021,Oviedo,Marruecos,51-65,Industry,4,43.3429736745695,-5.866520277006014
2021,Oviedo,Marruecos,51-65,Unemployed/Seeking,4,43.34548652800716,-5.860958532385638
2021,Oviedo,Marruecos,65+,Services,3,43.365640451743026,-5.832002094297526
2021,Oviedo,Marruecos,65+,Agriculture,5,43.354494590792115,-5.8654177427018785
2021,Oviedo,Marruecos,65+,Construction,2,43.37686393896147,-5.844337093793713
2021,Oviedo,Marruecos,65+,Industry,3,43.347049566236656,-5.85602662114482
2021,Oviedo,Marruecos,65+,Unemployed/Seeking,2,43.34312077062783,-5.848288059326364
2021,Oviedo,Colombia,18-25,Services,5,43.36943575527592,-5.8385087331081635
2021,Oviedo,Colombia,18-25,Agriculture,3,43.37690208238904,-5.831504880312751
2021,Oviedo,Colombia,18-25,Construction,4,43.38002294306067,-5.843855399427113
2021,Oviedo,Colombia,18-25,Industry,2,43.358543533432545,-5.843170779442105
2021,Oviedo,Colombia,18-25,Unemployed/Seeking,4,43.362796685692345,-5.833625091596303
2021,Oviedo,Colombia,26-35,Services,4,43.34191769627906,-5.868251084212786
2021,Oviedo,Colombia,26-35,Agriculture,2,43.34417192398781,-5.860828930769099
2021,Oviedo,Colombia,26-35,Construction,5,43.350519181776264,-5.8495462313342
2021,Oviedo,Colombia,26-35,Industry,6,43.37052858778373,-5.863588188579629
2021,Oviedo,Colombia,26-35,Unemployed/Seeking,4,43.37059902167033,-5.8458324947416225
2021,Oviedo,Colombia,36-50,Services,7,43.35075731914144,-5.862774635932538
2021,Oviedo,Colombia,36-50,Agriculture,5,43.366608168891155,-5.852216856135038
2021,Oviedo,Colombia,36-50,Construction,4,43.379399276799234,-5.844145196671072
2021,Oviedo,Colombia,36-50,Industry,4,43.37236356766517,-5.842966810773433
2021,Oviedo,Colombia,36-50,Unemployed/Seeking,4,43.353694844197136,-5.853704343106845
2021,Oviedo,Colombia,51-65,Services,6,43.356278320412954,-5.856554933258071
2021,Oviedo,Colombia,51-65,Agriculture,2,43.35199205144851,-5.842309810319669
2021,Oviedo,Colombia,51-65,Construction,2,43.35261023595727,-5.85481372914192
2021,Oviedo,Colombia,51-65,Industry,4,43.35580530895809,-5.847782664235823
2021,Oviedo,Colombia,51-65,Unemployed/Seeking,2,43.360642466066665,-5.867180875334734
2021,Oviedo,Colombia,65+,Services,3,43.372609081665736,-5.85303329934567
2021,Oviedo,Colombia,65+,Agriculture,5,43.34646042516266,-5.834126534326313
2021,Oviedo,Colombia,65+,Construction,1,43.376939939411635,-5.854259939904791
2021,Oviedo,Colombia,65+,Industry,4,43.34689622284673,-5.860982151785173
2021,Oviedo,Colombia,65+,Unemployed/Seeking,1,43.370283494925346,-5.859478707975685
2021,Oviedo,Venezuela,18-25,Services,5,43.36040521283137,-5.862790710117191
2021,Oviedo,Venezuela,18-25,Agriculture,1,43.343901791947665,-5.856874209802655
2021,Oviedo,Venezuela,18-25,Construction,3,43.34629723625184,-5.865835032763301
2021,Oviedo,Venezuela,18-25,Industry,4,43.353853242735944,-5.85034866782715
2021,Oviedo,Venezuela,18-25,Unemployed/Seeking,2,43.36121158404669,-5.846686616981371
2021,Oviedo,Venezuela,26-35,Services,3,43.34427576223597,-5.8496559781796265
2021,Oviedo,Venezuela,26-35,Agriculture,4,43.35395408228391,-5.83471276251155
2021,Oviedo,Venezuela,26-35,Construction,6,43.366431281344155,-5.84519387898176
2021,Oviedo,Venezuela,26-35,Industry,5,43.36354401766755,-5.867594029236335
2021,Oviedo,Venezuela,26-35,Unemployed/Seeking,5,43.347564999195434,-5.839817755570925
2021,Oviedo,Venezuela,36-50,Services,4,43.34790724465545,-5.8317698937404305
2021,Oviedo,Venezuela,36-50,Agriculture,3,43.349913279480674,-5.865162391510263
2021,Oviedo,Venezuela,36-50,Construction,5,43.34261700467806,-5.829719624131019
2021,Oviedo,Venezuela,36-50,Industry,2,43.36290910174608,-5.8686358680738016
2021,Oviedo,Venezuela,36-50,Unemployed/Seeking,4,43.37277527955826,-5.851107768460603
2021,Oviedo,Venezuela,51-65,Services,2,43.345795607320284,-5.869248085828933
2021,Oviedo,Venezuela,51-65,Agriculture,4,43.37424930133543,-5.846379653270209
2021,Oviedo,Venezuela,51-65,Construction,5,43.369021391517286,-5.856857401320823
2021,Oviedo,Venezuela,51-65,Industry,4,43.368985485732296,-5.865988521195381
2021,Oviedo,Venezuela,51-65,Unemployed/Seeking,2,43.3807623102185,-5.863280305816175
2021,Oviedo,Venezuela,65+,Services,5,43.37961279765696,-5.866742785517604
2021,Oviedo,Venezuela,65+,Agriculture,1,43.346077785244766,-5.839440726652113
2021,Oviedo,Venezuela,65+,Construction,2,43.349034787782934,-5.861957414270312
2021,Oviedo,Venezuela,65+,Industry,4,43.38086990938455,-5.840459024458896
2021,Oviedo,Venezuela,65+,Unemployed/Seeking,4,43.38013961393731,-5.853715416566466
2021,Oviedo,Resto de España,18-25,Services,4,43.360603943524254,-5.864275431843965
2021,Oviedo,Resto de España,18-25,Agriculture,1,43.372341522786535,-5.843574863710504
2021,Oviedo,Resto de España,18-25,Construction,3,43.364833712731325,-5.868142826040347
2021,Oviedo,Resto de España,18-25,Industry,3,43.347628037137795,-5.842850400431216
2021,Oviedo,Resto de España,18-25,Unemployed/Seeking,2,43.37725872836641,-5.83126375398768
2021,Oviedo,Resto de España,26-35,Services,2,43.361566343640526,-5.853234085990997
2021,Oviedo,Resto de España,26-35,Agriculture,2,43.358270880652384,-5.861795362726614
2021,Oviedo,Resto de España,26-35,Construction,4,43.37069698376204,-5.8552990538930825
2021,Oviedo,Resto de España,26-35,Industry,4,43.38034706281778,-5.831812473860298
2021,Oviedo,Resto de España,26-35,Unemployed/Seeking,4,43.377573686235614,-5.844977770144356
2021,Oviedo,Resto de España,36-50,Services,4,43.34427855480571,-5.840485297654665
2021,Oviedo,Resto de España,36-50,Agriculture,4,43.38096953502178,-5.855237812068497
2021,Oviedo,Resto de España,36-50,Construction,4,43.36258941704991,-5.852560032223914
2021,Oviedo,Resto de España,36-50,Industry,3,43.353175145483455,-5.838256172839555
2021,Oviedo,Resto de España,36-50,Unemployed/Seeking,3,43.34753374408458,-5.829420514837516
2021,Oviedo,Resto de España,51-65,Services,3,43.34403990220833,-5.858108525749372
2021,Oviedo,Resto de España,51-65,Agriculture,4,43.34332118435868,-5.839091922687681
2021,Oviedo,Resto de España,51-65,Construction,3,43.3580663642731,-5.854902787339504
2021,Oviedo,Resto de España,51-65,Industry,3,43.35905643673137,-5.841339695972293
2021,Oviedo,Resto de España,51-65,Unemployed/Seeking,3,43.35540868201447,-5.833042799926448
2021,Oviedo,Resto de España,65+,Services,4,43.373364754189545,-5.843428911064947
2021,Oviedo,Resto de España,65+,Agriculture,4,43.37576963425115,-5.866477973468523
2021,Oviedo,Resto de España,65+,Construction,1,43.36539245476875,-5.867484519263566
2021,Oviedo,Resto de España,65+,Industry,2,43.34598817758552,-5.867908392046587
2021,Oviedo,Resto de España,65+,Unemployed/Seeking,2,43.35549038702369,-5.861380328821141
2021,Oviedo,Otros,18-25,Services,2,43.36291311020842,-5.866147169129914
2021,Oviedo,Otros,18-25,Agriculture,3,43.366113526737806,-5.853816757101741
2021,Oviedo,Otros,18-25,Construction,4,43.34840022494955,-5.829466215895316
2021,Oviedo,Otros,18-25,Industry,3,43.35921623206928,-5.831315154866103
2021,Oviedo,Otros,18-25,Unemployed/Seeking,2,43.35503406616441,-5.859006244198999
2021,Oviedo,Otros,26-35,Services,4,43.35815666380074,-5.845714016133528
2021,Oviedo,Otros,26-35,Agriculture,3,43.36517218884291,-5.849569515282199
2021,Oviedo,Otros,26-35,Construction,2,43.341935568074966,-5.8359566052400895
2021,Oviedo,Otros,26-35,Industry,5,43.38012967189324,-5.8599225967483415
2021,Oviedo,Otros,26-35,Unemployed/Seeking,4,43.34510179656228,-5.83569987857958
2021,Oviedo,Otros,36-50,Services,6,43.35885544519516,-5.84287603804285
2021,Oviedo,Otros,36-50,Agriculture,4,43.343639876013576,-5.865271592203965
2021,Oviedo,Otros,36-50,Construction,5,43.35850856554451,-5.832216327150529
2021,Oviedo,Otros,36-50,Industry,2,43.34940664315943,-5.836247524962317
2021,Oviedo,Otros,36-50,Unemployed/Seeking,2,43.370281683842784,-5.849301629751848
2021,Oviedo,Otros,51-65,Services,4,43.374811430391134,-5.838262894045958
2021,Oviedo,Otros,51-65,Agriculture,2,43.35004192513679,-5.843313617384159
2021,Oviedo,Otros,51-65,Construction,4,43.34498892800496,-5.834196340242585
2021,Oviedo,Otros,51-65,Industry,2,43.354475429830565,-5.831090915304971
2021,Oviedo,Otros,51-65,Unemployed/Seeking,4,43.36868728186598,-5.867386398884082
2021,Oviedo,Otros,65+,Services,2,43.34230301909072,-5.865696322429314
2021,Oviedo,Otros,65+,Agriculture,3,43.34437127356946,-5.848123569722951
2021,Oviedo,Otros,65+,Construction,4,43.370635749775865,-5.8573965559336
2021,Oviedo,Otros,65+,Industry,4,43.364441487952675,-5.868171975738327
2021,Oviedo,Otros,65+,Unemployed/Seeking,4,43.378736640607684,-5.854295258717371
2021,Gijón,Rumanía,18-25,Services,2,43.53417918790921,-5.6721668147275075
2021,Gijón,Rumanía,18-25,Agriculture,2,43.515646237153945,-5.661815135229386
2021,Gijón,Rumanía,18-25,Construction,1,43.54313318087073,-5.670692459533607
2021,Gijón,Rumanía,18-25,Industry,2,43.546451862983446,-5.671403954262039
2021,Gijón,Rumanía,18-25,Unemployed/Seeking,2,43.51357938425271,-5.65027096039026
2021,Gijón,Rumanía,26-35,Services,1,43.53080727827438,-5.660159730582309
2021,Gijón,Rumanía,26-35,Agriculture,3,43.51317039741776,-5.664740756465686
2021,Gijón,Rumanía,26-35,Construction,4,43.52154536583655,-5.644042234973039
2021,Gijón,Rumanía,26-35,Industry,3,43.512272752411775,-5.681014944947958
2021,Gijón,Rumanía,26-35,Unemployed/Seeking,3,43.53716645910456,-5.653985983892419
2021,Gijón,Rumanía,36-50,Services,1,43.54996936834646,-5.649676328667364
2021,Gijón,Rumanía,36-50,Agriculture,4,43.54975425965993,-5.648111811974559
2021,Gijón,Rumanía,36-50,Construction,3,43.51967329502556,-5.64378383190134
2021,Gijón,Rumanía,36-50,Industry,1,43.54869793475683,-5.670691099015083
2021,Gijón,Rumanía,36-50,Unemployed/Seeking,1,43.51765939280742,-5.67996880380567
2021,Gijón,Rumanía,51-65,Services,1,43.53487242698556,-5.6465424378699955
2021,Gijón,Rumanía,51-65,Agriculture,3,43.52633058982356,-5.67961218274933
2021,Gijón,Rumanía,51-65,Construction,2,43.51427003863591,-5.663320234582555
2021,Gijón,Rumanía,51-65,Industry,2,43.527090149507686,-5.65445580654627
2021,Gijón,Rumanía,51-65,Unemployed/Seeking,2,43.52147103754823,-5.644201098508563
2021,Gijón,Rumanía,65+,Services,1,43.54996216927506,-5.651696783018892
2021,Gijón,Rumanía,65+,Agriculture,2,43.5448576045086,-5.670645938720819
2021,Gijón,Rumanía,65+,Construction,3,43.54481747207196,-5.656864730437613
2021,Gijón,Rumanía,65+,Industry,2,43.53796177846773,-5.6731855385035646
2021,Gijón,Rumanía,65+,Unemployed/Seeking,1,43.53988710877246,-5.646878365537904
2021,Gijón,Marruecos,18-25,Services,1,43.52392475245694,-5.659571208203847
2021,Gijón,Marruecos,18-25,Agriculture,2,43.552021405858504,-5.67098988546633
2021,Gijón,Marruecos,18-25,Construction,2,43.514838955846784,-5.680052731905132
2021,Gijón,Marruecos,18-25,Industry,2,43.51285081475812,-5.652373620453339
2021,Gijón,Marruecos,18-25,Unemployed/Seeking,2,43.53015711831019,-5.654558101971738
2021,Gijón,Marruecos,26-35,Services,2,43.521254550182675,-5.651088354445622
2021,Gijón,Marruecos,26-35,Agriculture,3,43.51324623480784,-5.65611076497313
2021,Gijón,Marruecos,26-35,Construction,1,43.512946652304535,-5.681436689317798
2021,Gijón,Marruecos,26-35,Industry,3,43.522476002978976,-5.652987566177761
2021,Gijón,Marruecos,26-35,Unemployed/Seeking,1,43.531491660704376,-5.664585452830478
2021,Gijón,Marruecos,36-50,Services,3,43.53939588897948,-5.6712227728571705
2021,Gijón,Marruecos,36-50,Agriculture,3,43.52663947573423,-5.676966226231814
2021,Gijón,Marruecos,36-50,Construction,3,43.521980798659584,-5.645827513516191
2021,Gijón,Marruecos,36-50,Industry,2,43.51908843241056,-5.650680633602046
2021,Gijón,Marruecos,36-50,Unemployed/Seeking,2,43.548790255051394,-5.669410595507456
2021,Gijón,Marruecos,51-65,Services,2,43.55079444926758,-5.676635473475338
2021,Gijón,Marruecos,51-65,Agriculture,2,43.519368552747316,-5.6654796685759505
2021,Gijón,Marruecos,51-65,Construction,2,43.53464363935787,-5.6426077357535664
2021,Gijón,Marruecos,51-65,Industry,2,43.522377597841675,-5.667255229709518
2021,Gijón,Marruecos,51-65,Unemployed/Seeking,2,43.528011438992735,-5.665343998554294
2021,Gijón,Marruecos,65+,Services,1,43.515145821147534,-5.670475401152913
2021,Gijón,Marruecos,65+,Agriculture,2,43.538646138104326,-5.651603062781783
2021,Gijón,Marruecos,65+,Construction,2,43.549806575928415,-5.651839453508646
2021,Gijón,Marruecos,65+,Industry,2,43.51460930765669,-5.648133167472243
2021,Gijón,Marruecos,65+,Unemployed/Seeking,3,43.53543934386525,-5.646901429698243
2021,Gijón,Colombia,18-25,Services,3,43.5517522151904,-5.653929213125682
2021,Gijón,Colombia,18-25,Agriculture,1,43.52207289446286,-5.647667516702627
2021,Gijón,Colombia,18-25,Construction,2,43.53221614787057,-5.646783827531189
2021,Gijón,Colombia,18-25,Industry,3,43.52858084088546,-5.655742712517095
2021,Gijón,Colombia,18-25,Unemployed/Seeking,2,43.52530218499447,-5.643449222918231
2021,Gijón,Colombia,26-35,Services,1,43.53132553770224,-5.6522351159136335
2021,Gijón,Colombia,26-35,Agriculture,3,43.53716100917755,-5.645836959223398
2021,Gijón,Colombia,26-35,Construction,2,43.51444522876333,-5.64653431131159
2021,Gijón,Colombia,26-35,Industry,2,43.53257659887418,-5.659906881476621
2021,Gijón,Colombia,26-35,Unemployed/Seeking,3,43.53419256178147,-5.6636302708215025
2021,Gijón,Colombia,36-50,Services,3,43.537275718774524,-5.670537927388857
2021,Gijón,Colombia,36-50,Agriculture,1,43.52046223097409,-5.650509459053916
2021,Gijón,Colombia,36-50,Construction,3,43.550594640941306,-5.644974020258057
2021,Gijón,Colombia,36-50,Industry,1,43.51728501176662,-5.665456121177402
2021,Gijón,Colombia,36-50,Unemployed/Seeking,2,43.537795703508046,-5.665777714362787
2021,Gijón,Colombia,51-65,Services,1,43.51249835543666,-5.677126169412915
2021,Gijón,Colombia,51-65,Agriculture,2,43.53703951353373,-5.64413563018836
2021,Gijón,Colombia,51-65,Construction,1,43.52120581310741,-5.670403051611894
2021,Gijón,Colombia,51-65,Industry,2,43.52255595675345,-5.64814515499031
2021,Gijón,Colombia,51-65,Unemployed/Seeking,1,43.53126959210466,-5.655995635018075
2021,Gijón,Colombia,65+,Services,1,43.52227119661064,-5.669180661429192
2021,Gijón,Colombia,65+,Agriculture,2,43.51368221176951,-5.662886654010294
2021,Gijón,Colombia,65+,Construction,2,43.51723187986872,-5.670157003752697
2021,Gijón,Colombia,65+,Industry,2,43.54952775179347,-5.674773340766491
2021,Gijón,Colombia,65+,Unemployed/Seeking,1,43.53513953263676,-5.67495790969127
2021,Gijón,Venezuela,18-25,Services,3,43.51951767205014,-5.680865523848635
2021,Gijón,Venezuela,18-25,Agriculture,1,43.51619560699773,-5.648642179653424
2021,Gijón,Venezuela,18-25,Construction,1,43.53879806149369,-5.645938206773712
2021,Gijón,Venezuela,18-25,Industry,2,43.545015709607135,-5.6631173944228905
2021,Gijón,Venezuela,18-25,Unemployed/Seeking,2,43.529956471056636,-5.648736289375493
2021,Gijón,Venezuela,26-35,Services,4,43.519722595424106,-5.647020264569761
2021,Gijón,Venezuela,26-35,Agriculture,3,43.53035496903556,-5.680212579458885
2021,Gijón,Venezuela,26-35,Construction,1,43.51310788391321,-5.669279963417614
2021,Gijón,Venezuela,26-35,Industry,3,43.515077606384544,-5.674866680720098
2021,Gijón,Venezuela,26-35,Unemployed/Seeking,3,43.53044938124439,-5.651349343192405
2021,Gijón,Venezuela,36-50,Services,1,43.55033367830891,-5.664564416446778
2021,Gijón,Venezuela,36-50,Agriculture,3,43.544870737335124,-5.66504922776002
2021,Gijón,Venezuela,36-50,Construction,2,43.54720489049491,-5.674141182079916
2021,Gijón,Venezuela,36-50,Industry,2,43.54685835208088,-5.67927508314768
2021,Gijón,Venezuela,36-50,Unemployed/Seeking,2,43.51835914466776,-5.661463551081359
2021,Gijón,Venezuela,51-65,Services,3,43.53702866714802,-5.672915713580918
2021,Gijón,Venezuela,51-65,Agriculture,3,43.54246532962544,-5.671025595357112
2021,Gijón,Venezuela,51-65,Construction,1,43.54202992895608,-5.65267272553421
2021,Gijón,Venezuela,51-65,Industry,1,43.530772790924665,-5.652460918099337
2021,Gijón,Venezuela,51-65,Unemployed/Seeking,2,43.540681800707105,-5.659804602618199
2021,Gijón,Venezuela,65+,Services,1,43.54881954154921,-5.650011755408312
2021,Gijón,Venezuela,65+,Agriculture,1,43.54062620486088,-5.659485426376873
2021,Gijón,Venezuela,65+,Construction,2,43.531816670160715,-5.657683672845551
2021,Gijón,Venezuela,65+,Industry,1,43.54164864493364,-5.6772930487344535
2021,Gijón,Venezuela,65+,Unemployed/Seeking,2,43.52165278429818,-5.667802744850549
2021,Gijón,Resto de España,18-25,Services,1,43.5136219796215,-5.6689186443519874
2021,Gijón,Resto de España,18-25,Agriculture,3,43.522486416641605,-5.662712371029611
2021,Gijón,Resto de España,18-25,Construction,3,43.5506566676185,-5.6671184553260385
2021,Gijón,Resto de España,18-25,Industry,2,43.55117776370718,-5.655435198404556
2021,Gijón,Resto de España,18-25,Unemployed/Seeking,2,43.5188847702921,-5.646552390270164
2021,Gijón,Resto de España,26-35,Services,1,43.53363614385934,-5.659950757213531
2021,Gijón,Resto de España,26-35,Agriculture,1,43.52840436354818,-5.65691145221075
2021,Gijón,Resto de España,26-35,Construction,3,43.549957389397726,-5.653613205893924
2021,Gijón,Resto de España,26-35,Industry,2,43.5150736516287,-5.664595419450969
2021,Gijón,Resto de España,26-35,Unemployed/Seeking,3,43.52764212033326,-5.675809181902163
2021,Gijón,Resto de España,36-50,Services,2,43.512248865341654,-5.653626480306857
2021,Gijón,Resto de España,36-50,Agriculture,1,43.52979706085026,-5.666825086580344
2021,Gijón,Resto de España,36-50,Construction,2,43.534322568891156,-5.676406066387504
2021,Gijón,Resto de España,36-50,Industry,2,43.538939590811786,-5.661191263880472
2021,Gijón,Resto de España,36-50,Unemployed/Seeking,1,43.5386363865869,-5.671075603347819
2021,Gijón,Resto de España,51-65,Services,1,43.54185585595963,-5.665673451847433
2021,Gijón,Resto de España,51-65,Agriculture,2,43.54466243223026,-5.679028776217492
2021,Gijón,Resto de España,51-65,Construction,2,43.549275797022005,-5.655116243730382
2021,Gijón,Resto de España,51-65,Industry,3,43.54054652522258,-5.661620834038044
2021,Gijón,Resto de España,51-65,Unemployed/Seeking,2,43.55037961528493,-5.668473576595281
2021,Gijón,Resto de España,65+,Services,2,43.541187516300695,-5.662097776687699
2021,Gijón,Resto de España,65+,Agriculture,1,43.51418543045426,-5.65529592530487
2021,Gijón,Resto de España,65+,Construction,1,43.552030933916114,-5.662354853684381
2021,Gijón,Resto de España,65+,Industry,2,43.53543896826003,-5.6739782104986345
2021,Gijón,Resto de España,65+,Unemployed/Seeking,2,43.526293019040594,-5.647578719160339
2021,Gijón,Otros,18-25,Services,1,43.54370814524503,-5.645026105212199
2021,Gijón,Otros,18-25,Agriculture,2,43.544390136345754,-5.66877137923018
2021,Gijón,Otros,18-25,Construction,1,43.53776163539249,-5.6509111088790736
2021,Gijón,Otros,18-25,Industry,1,43.5237351235795,-5.679191964216186
2021,Gijón,Otros,18-25,Unemployed/Seeking,2,43.55102847263081,-5.675349275716216
2021,Gijón,Otros,26-35,Services,2,43.54619351531259,-5.6793908769029695
2021,Gijón,Otros,26-35,Agriculture,3,43.539079170489444,-5.657279438535448
2021,Gijón,Otros,26-35,Construction,3,43.516006777653175,-5.661925398871269
2021,Gijón,Otros,26-35,Industry,2,43.51249041140925,-5.681381200799823
2021,Gijón,Otros,26-35,Unemployed/Seeking,3,43.522334266681476,-5.671797375992173
2021,Gijón,Otros,36-50,Services,3,43.52820710211213,-5.663985945180532
2021,Gijón,Otros,36-50,Agriculture,2,43.51594273813184,-5.666822758200659
2021,Gijón,Otros,36-50,Construction,1,43.53942879350028,-5.671588896687499
2021,Gijón,Otros,36-50,Industry,1,43.529147669708536,-5.6739602591132465
2021,Gijón,Otros,36-50,Unemployed/Seeking,3,43.531288911978834,-5.65253824415674
2021,Gijón,Otros,51-65,Services,1,43.54891582240803,-5.659485603119748
2021,Gijón,Otros,51-65,Agriculture,3,43.545168529637,-5.666662591802529
2021,Gijón,Otros,51-65,Construction,1,43.548390157418766,-5.680802569971919
2021,Gijón,Otros,51-65,Industry,1,43.530593900983405,-5.646311236029815
2021,Gijón,Otros,51-65,Unemployed/Seeking,3,43.53061011497888,-5.668459258545105
2021,Gijón,Otros,65+,Services,2,43.53235008351961,-5.654620571563878
2021,Gijón,Otros,65+,Agriculture,1,43.53617844367851,-5.671356182913546
2021,Gijón,Otros,65+,Construction,1,43.547866370215026,-5.652751699126635
2021,Gijón,Otros,65+,Industry,2,43.54294634694971,-5.650320571519267
2021,Gijón,Otros,65+,Unemployed/Seeking,1,43.546783242842395,-5.643410124037738
2022,Aller,Rumanía,18-25,Services,1,43.16450506578735,-5.656644056618505
2022,Aller,Rumanía,18-25,Agriculture,2,43.16437595302835,-5.632312419160144
2022,Aller,Rumanía,18-25,Construction,2,43.13911211955341,-5.6345006980222205
2022,Aller,Rumanía,18-25,Industry,1,43.14627826698018,-5.642874810631092
2022,Aller,Rumanía,18-25,Unemployed/Seeking,1,43.1429742779937,-5.647114893446101
2022,Aller,Rumanía,26-35,Services,1,43.150525920461114,-5.654339271261338
2022,Aller,Rumanía,26-35,Agriculture,1,43.16209585275986,-5.654478657778925
2022,Aller,Rumanía,26-35,Construction,2,43.14394715450326,-5.651065534587894
2022,Aller,Rumanía,26-35,Industry,1,43.13471534303296,-5.632760410040834
2022,Aller,Rumanía,26-35,Unemployed/Seeking,1,43.1693134181863,-5.657050775680364
2022,Aller,Rumanía,36-50,Services,1,43.16412004866252,-5.662033814568692
2022,Aller,Rumanía,36-50,Agriculture,2,43.14800481315701,-5.633260538923184
2022,Aller,Rumanía,36-50,Construction,1,43.160734604593124,-5.643674264114442
2022,Aller,Rumanía,36-50,Industry,1,43.162495447255225,-5.665315557346179
2022,Aller,Rumanía,36-50,Unemployed/Seeking,1,43.15034351173134,-5.647371930560794
2022,Aller,Rumanía,51-65,Services,1,43.14855536577253,-5.65766803554342
2022,Aller,Rumanía,51-65,Agriculture,1,43.15663968250022,-5.668462458506156
2022,Aller,Rumanía,51-65,Construction,2,43.134897936906775,-5.659078161062928
2022,Aller,Rumanía,51-65,Industry,1,43.14306538402921,-5.660129885305315
2022,Aller,Rumanía,51-65,Unemployed/Seeking,1,43.1335805136473,-5.637648453201326
2022,Aller,Rumanía,65+,Services,1,43.130332196076914,-5.654986897236177
2022,Aller,Rumanía,65+,Agriculture,1,43.16583448874449,-5.663408724582292
2022,Aller,Rumanía,65+,Construction,1,43.13612995012705,-5.638794238919999
2022,Aller,Rumanía,65+,Industry,1,43.165975987056385,-5.647953730615517
2022,Aller,Rumanía,65+,Unemployed/Seeking,1,43.15983836286203,-5.660745056947264
2022,Aller,Marruecos,18-25,Services,1,43.15520604045191,-5.661593513808565
2022,Aller,Marruecos,18-25,Agriculture,1,43.1467616945157,-5.655661375582435
2022,Aller,Marruecos,18-25,Construction,1,43.13040757277546,-5.666316892280997
2022,Aller,Marruecos,18-25,Industry,1,43.141304075962196,-5.658434122595184
2022,Aller,Marruecos,18-25,Unemployed/Seeking,1,43.16644483544006,-5.657187897044897
2022,Aller,Marruecos,26-35,Services,2,43.16618378037166,-5.669512345407007
2022,Aller,Marruecos,26-35,Agriculture,2,43.15095274441413,-5.638099427243744
2022,Aller,Marruecos,26-35,Construction,1,43.1484398985625,-5.656094243635963
2022,Aller,Marruecos,26-35,Industry,1,43.16813520666636,-5.63960050135051
2022,Aller,Marruecos,26-35,Unemployed/Seeking,1,43.13414227631254,-5.646422881607381
2022,Aller,Marruecos,36-50,Services,2,43.13818554228711,-5.6487619681263075
2022,Aller,Marruecos,36-50,Agriculture,1,43.16383834140064,-5.648380013283737
2022,Aller,Marruecos,36-50,Construction,1,43.135389328436396,-5.657607858068782
2022,Aller,Marruecos,36-50,Industry,1,43.14183619893746,-5.639836605025699
2022,Aller,Marruecos,36-50,Unemployed/Seeking,1,43.14661174400746,-5.638939951495457
2022,Aller,Marruecos,51-65,Services,1,43.13576317131247,-5.6609338691227995
2022,Aller,Marruecos,51-65,Agriculture,1,43.165114732121005,-5.639766448355976
2022,Aller,Marruecos,51-65,Construction,1,43.159681023762914,-5.632315938681882
2022,Aller,Marruecos,51-65,Industry,1,43.14928914453998,-5.665155994847959
2022,Aller,Marruecos,51-65,Unemployed/Seeking,1,43.163612530110534,-5.652183236994253
2022,Aller,Marruecos,65+,Services,1,43.134620928246534,-5.660668852666082
2022,Aller,Marruecos,65+,Agriculture,1,43.14401428340724,-5.65759283578449
2022,Aller,Marruecos,65+,Construction,1,43.14808122955372,-5.664084293268642
2022,Aller,Marruecos,65+,Industry,1,43.14474146132901,-5.656018459297943
2022,Aller,Marruecos,65+,Unemployed/Seeking,1,43.13819099337317,-5.664229823215044
2022,Aller,Colombia,18-25,Services,1,43.16601644140186,-5.638978484090369
2022,Aller,Colombia,18-25,Agriculture,1,43.14632311081419,-5.655818887720966
2022,Aller,Colombia,18-25,Construction,1,43.15829287244355,-5.649809007191982
2022,Aller,Colombia,18-25,Industry,1,43.14304109178054,-5.649578735478325
2022,Aller,Colombia,18-25,Unemployed/Seeking,1,43.13376264911209,-5.646549090164663
2022,Aller,Colombia,26-35,Services,1,43.15217858373061,-5.646488429039188
2022,Aller,Colombia,26-35,Agriculture,1,43.15519039146616,-5.6399664215583485
2022,Aller,Colombia,26-35,Construction,1,43.16354606647726,-5.664120104249969
2022,Aller,Colombia,26-35,Industry,1,43.13909419865902,-5.662930180711104
2022,Aller,Colombia,26-35,Unemployed/Seeking,1,43.155019196555614,-5.662110450218456
2022,Aller,Colombia,36-50,Services,2,43.157197753550896,-5.650843456973472
2022,Aller,Colombia,36-50,Agriculture,2,43.16583062920069,-5.643682273207968
2022,Aller,Colombia,36-50,Construction,1,43.14723252553021,-5.645871416792337
2022,Aller,Colombia,36-50,Industry,1,43.1596938326033,-5.636996757317858
2022,Aller,Colombia,36-50,Unemployed/Seeking,2,43.15383317316499,-5.644795506734959
2022,Aller,Colombia,51-65,Services,1,43.1655657313201,-5.668794873978773
2022,Aller,Colombia,51-65,Agriculture,1,43.16196501318641,-5.65955653840346
2022,Aller,Colombia,51-65,Construction,1,43.153276757743924,-5.666815076286929
2022,Aller,Colombia,51-65,Industry,1,43.15853542945228,-5.669268348414479
2022,Aller,Colombia,51-65,Unemployed/Seeking,1,43.14327026624045,-5.660798457551914
2022,Aller,Colombia,65+,Services,1,43.13179683625174,-5.632511228735123
2022,Aller,Colombia,65+,Agriculture,1,43.14235320016379,-5.640692516674499
2022,Aller,Colombia,65+,Construction,1,43.14221385811702,-5.633731820501844
2022,Aller,Colombia,65+,Industry,1,43.14837786377885,-5.660663153503787
2022,Aller,Colombia,65+,Unemployed/Seeking,1,43.145103010055124,-5.643994741909445
2022,Aller,Venezuela,18-25,Services,1,43.141427698355024,-5.649903213636405
2022,Aller,Venezuela,18-25,Agriculture,1,43.1690844643897,-5.655728559407926
2022,Aller,Venezuela,18-25,Construction,1,43.1381536829306,-5.639743752668795
2022,Aller,Venezuela,18-25,Industry,1,43.15699806963164,-5.638753600763218
2022,Aller,Venezuela,18-25,Unemployed/Seeking,1,43.146214381636845,-5.644939288922294
2022,Aller,Venezuela,26-35,Services,1,43.14977576929976,-5.651873913090952
2022,Aller,Venezuela,26-35,Agriculture,1,43.161395392125144,-5.639192306330043
2022,Aller,Venezuela,26-35,Construction,1,43.14262371346457,-5.645769004711484
2022,Aller,Venezuela,26-35,Industry,1,43.130833134438326,-5.6449224264628315
2022,Aller,Venezuela,26-35,Unemployed/Seeking,1,43.16980020428318,-5.65358698468062
2022,Aller,Venezuela,36-50,Services,1,43.13114578909476,-5.648615931807639
2022,Aller,Venezuela,36-50,Agriculture,1,43.14791935134196,-5.658187385001941
2022,Aller,Venezuela,36-50,Construction,1,43.135832344054045,-5.632154484280424
2022,Aller,Venezuela,36-50,Industry,1,43.16235628033036,-5.6406782699045435
2022,Aller,Venezuela,36-50,Unemployed/Seeking,1,43.138069404247695,-5.659841286454487
2022,Aller,Venezuela,51-65,Services,1,43.16876396517808,-5.65586393740947
2022,Aller,Venezuela,51-65,Agriculture,1,43.15543749945587,-5.643707777165677
2022,Aller,Venezuela,51-65,Construction,1,43.16977797352168,-5.653635513345165
2022,Aller,Venezuela,51-65,Industry,1,43.14036991168935,-5.6676458732865145
2022,Aller,Venezuela,51-65,Unemployed/Seeking,1,43.151586970288534,-5.645246395748687
2022,Aller,Venezuela,65+,Services,1,43.15283452657386,-5.6382790804393546
2022,Aller,Venezuela,65+,Agriculture,1,43.13423649256236,-5.6683509099929505
2022,Aller,Venezuela,65+,Construction,1,43.14927968075766,-5.630572930846392
2022,Aller,Venezuela,65+,Industry,1,43.15423753259718,-5.637459825680039
2022,Aller,Venezuela,65+,Unemployed/Seeking,1,43.16388923781961,-5.652050553188166
2022,Aller,Resto de España,18-25,Services,1,43.1419508481722,-5.6569753681712065
2022,Aller,Resto de España,18-25,Agriculture,1,43.152586348528246,-5.636191668210468
2022,Aller,Resto de España,18-25,Construction,1,43.14527679726138,-5.656140680705553
2022,Aller,Resto de España,18-25,Industry,1,43.16641993888603,-5.637964215035503
2022,Aller,Resto de España,18-25,Unemployed/Seeking,1,43.145570619291114,-5.66595373322881
2022,Aller,Resto de España,26-35,Services,1,43.14124507833823,-5.652450491429115
2022,Aller,Resto de España,26-35,Agriculture,1,43.16172744335645,-5.6624665910924525
2022,Aller,Resto de España,26-35,Construction,1,43.13415101276664,-5.6382132177028215
2022,Aller,Resto de España,26-35,Industry,1,43.14033947926348,-5.635228279853191
2022,Aller,Resto de España,26-35,Unemployed/Seeking,1,43.14471973467508,-5.631514220270713
2022,Aller,Resto de España,36-50,Services,1,43.139483904983685,-5.658713256277343
2022,Aller,Resto de España,36-50,Agriculture,1,43.13740795811792,-5.646364067212387
2022,Aller,Resto de España,36-50,Construction,1,43.13784373422896,-5.648492492371343
2022,Aller,Resto de España,36-50,Industry,1,43.16032560226345,-5.6532137235110005
2022,Aller,Resto de España,36-50,Unemployed/Seeking,2,43.13981092375631,-5.662235045205844
2022,Aller,Resto de España,51-65,Services,1,43.14988253180637,-5.653945829075447
2022,Aller,Resto de España,51-65,Agriculture,1,43.16855484010232,-5.644311816566331
2022,Aller,Resto de España,51-65,Construction,1,43.133256702417626,-5.652758492788674
2022,Aller,Resto de España,51-65,Industry,1,43.161377908650614,-5.651271988207477
2022,Aller,Resto de España,51-65,Unemployed/Seeking,1,43.15826997366808,-5.647607791068748
2022,Aller,Resto de España,65+,Services,1,43.15590454519944,-5.642999232781254
2022,Aller,Resto de España,65+,Agriculture,1,43.14973723225122,-5.635962989513374
2022,Aller,Resto de España,65+,Construction,1,43.16548861861593,-5.667876680856384
2022,Aller,Resto de España,65+,Industry,1,43.16641549066903,-5.6588611654559795
2022,Aller,Resto de España,65+,Unemployed/Seeking,1,43.13580201064871,-5.654236636819318
2022,Aller,Otros,18-25,Services,1,43.14031642498516,-5.650568217259553
2022,Aller,Otros,18-25,Agriculture,1,43.14716679467775,-5.659602212593015
2022,Aller,Otros,18-25,Construction,1,43.16656453450366,-5.649982976086495
2022,Aller,Otros,18-25,Industry,1,43.13925897866352,-5.658132478970972
2022,Aller,Otros,18-25,Unemployed/Seeking,1,43.152658394046114,-5.665373751824341
2022,Aller,Otros,26-35,Services,1,43.169545941589575,-5.652367234240764
2022,Aller,Otros,26-35,Agriculture,2,43.1349390837715,-5.642961217358616
2022,Aller,Otros,26-35,Construction,1,43.14134068711905,-5.643680088286245
2022,Aller,Otros,26-35,Industry,1,43.15730941377071,-5.641386161092368
2022,Aller,Otros,26-35,Unemployed/Seeking,1,43.13912049335837,-5.653500199528557
2022,Aller,Otros,36-50,Services,1,43.13449387592594,-5.647332138205057
2022,Aller,Otros,36-50,Agriculture,1,43.164382617929135,-5.652805797772737
2022,Aller,Otros,36-50,Construction,1,43.162843340501254,-5.640988941172944
2022,Aller,Otros,36-50,Industry,1,43.16400582444788,-5.6495068281281755
2022,Aller,Otros,36-50,Unemployed/Seeking,1,43.13550157149032,-5.635318784038714
2022,Aller,Otros,51-65,Services,1,43.16676013486787,-5.665297802830324
2022,Aller,Otros,51-65,Agriculture,1,43.15782327233709,-5.634157465262347
2022,Aller,Otros,51-65,Construction,1,43.13825800893587,-5.649400039616219
2022,Aller,Otros,51-65,Industry,1,43.16900521405221,-5.646818591941934
2022,Aller,Otros,51-65,Unemployed/Seeking,1,43.16183144568509,-5.6369848432864105
2022,Aller,Otros,65+,Services,1,43.16821554396797,-5.641874847909731
2022,Aller,Otros,65+,Agriculture,1,43.15351171814232,-5.643762911961631
2022,Aller,Otros,65+,Construction,1,43.13345754162308,-5.643627830054128
2022,Aller,Otros,65+,Industry,1,43.14150557443374,-5.654614073134559
2022,Aller,Otros,65+,Unemployed/Seeking,1,43.144089500974,-5.638076292543196
2022,Mieres,Rumanía,18-25,Services,3,43.25050564000895,-5.790188481680036
2022,Mieres,Rumanía,18-25,Agriculture,6,43.242157700738154,-5.756575411935159
2022,Mieres,Rumanía,18-25,Construction,7,43.24216507476451,-5.7703824188416615
2022,Mieres,Rumanía,18-25,Industry,6,43.234249462775345,-5.778789860117018
2022,Mieres,Rumanía,18-25,Unemployed/Seeking,4,43.24177758246786,-5.755471669018126
2022,Mieres,Rumanía,26-35,Services,4,43.26153996659071,-5.760892488611456
2022,Mieres,Rumanía,26-35,Agriculture,5,43.26629287987312,-5.788888992856085
2022,Mieres,Rumanía,26-35,Construction,7,43.23185836787022,-5.792570144257844
2022,Mieres,Rumanía,26-35,Industry,4,43.258285554489575,-5.771286236362345
2022,Mieres,Rumanía,26-35,Unemployed/Seeking,4,43.24014404967325,-5.787692918257808
2022,Mieres,Rumanía,36-50,Services,4,43.24900717149939,-5.759236712243999
2022,Mieres,Rumanía,36-50,Agriculture,6,43.24241810764694,-5.788437256567117
2022,Mieres,Rumanía,36-50,Construction,4,43.24649357450646,-5.782187891619197
2022,Mieres,Rumanía,36-50,Industry,5,43.25172146672882,-5.773358074397991
2022,Mieres,Rumanía,36-50,Unemployed/Seeking,3,43.235066228892705,-5.757977376288421
2022,Mieres,Rumanía,51-65,Services,5,43.26330392754853,-5.760455757717339
2022,Mieres,Rumanía,51-65,Agriculture,6,43.23753014284701,-5.771370707075138
2022,Mieres,Rumanía,51-65,Construction,4,43.258795658907246,-5.763266917671795
2022,Mieres,Rumanía,51-65,Industry,6,43.25047077166062,-5.794171392238135
2022,Mieres,Rumanía,51-65,Unemployed/Seeking,3,43.26842757491243,-5.756962510156484
2022,Mieres,Rumanía,65+,Services,4,43.23150172612749,-5.787573903437495
2022,Mieres,Rumanía,65+,Agriculture,5,43.25723699805543,-5.776975906361032
2022,Mieres,Rumanía,65+,Construction,6,43.25570872663927,-5.760543707108727
2022,Mieres,Rumanía,65+,Industry,5,43.24508481762333,-5.785333895000804
2022,Mieres,Rumanía,65+,Unemployed/Seeking,3,43.259221251771045,-5.7782365845188135
2022,Mieres,Marruecos,18-25,Services,6,43.266005643858776,-5.7579854725121375
2022,Mieres,Marruecos,18-25,Agriculture,5,43.244195993685935,-5.7746669083563456
2022,Mieres,Marruecos,18-25,Construction,3,43.26666393845742,-5.75563242123583
2022,Mieres,Marruecos,18-25,Industry,2,43.25389666197141,-5.771584979712496
2022,Mieres,Marruecos,18-25,Unemployed/Seeking,3,43.23569059926332,-5.770615132913804
2022,Mieres,Marruecos,26-35,Services,4,43.23702968564366,-5.791547685721492
2022,Mieres,Marruecos,26-35,Agriculture,5,43.23383642321543,-5.756050017975454
2022,Mieres,Marruecos,26-35,Construction,6,43.251323612740016,-5.776412943752571
2022,Mieres,Marruecos,26-35,Industry,6,43.240996328622906,-5.793722734129503
2022,Mieres,Marruecos,26-35,Unemployed/Seeking,3,43.26618256392845,-5.770509296403245
2022,Mieres,Marruecos,36-50,Services,3,43.24638520978918,-5.76925334829661
2022,Mieres,Marruecos,36-50,Agriculture,4,43.25228896834413,-5.780340815894006
2022,Mieres,Marruecos,36-50,Construction,3,43.25296345627181,-5.790527578469739
2022,Mieres,Marruecos,36-50,Industry,7,43.257850001003014,-5.780296960067642
2022,Mieres,Marruecos,36-50,Unemployed/Seeking,7,43.247083160482866,-5.767343560674463
2022,Mieres,Marruecos,51-65,Services,6,43.25334657033004,-5.772896200328803
2022,Mieres,Marruecos,51-65,Agriculture,2,43.26743752977185,-5.768964793381887
2022,Mieres,Marruecos,51-65,Construction,5,43.24321327569248,-5.766857684822266
2022,Mieres,Marruecos,51-65,Industry,4,43.23668041669229,-5.764988226900024
2022,Mieres,Marruecos,51-65,Unemployed/Seeking,2,43.24403215645638,-5.757299556470006
2022,Mieres,Marruecos,65+,Services,4,43.26500460138977,-5.790152988373798
2022,Mieres,Marruecos,65+,Agriculture,2,43.2521647720574,-5.768948623378582
2022,Mieres,Marruecos,65+,Construction,3,43.24922593809746,-5.763300080746659
2022,Mieres,Marruecos,65+,Industry,4,43.256537320871956,-5.762207523522036
2022,Mieres,Marruecos,65+,Unemployed/Seeking,6,43.252827814229356,-5.782451698990655
2022,Mieres,Colombia,18-25,Services,7,43.23253394373617,-5.768576984404309
2022,Mieres,Colombia,18-25,Agriculture,3,43.24726903201578,-5.789530339384482
2022,Mieres,Colombia,18-25,Construction,4,43.235451168554796,-5.770394311753219
2022,Mieres,Colombia,18-25,Industry,3,43.23071046172775,-5.788040759018781
2022,Mieres,Colombia,18-25,Unemployed/Seeking,4,43.27023633476565,-5.758425809599111
2022,Mieres,Colombia,26-35,Services,6,43.25223733155385,-5.761326931945054
2022,Mieres,Colombia,26-35,Agriculture,4,43.2319495772651,-5.764466761974157
2022,Mieres,Colombia,26-35,Construction,4,43.251374355649,-5.781757369044898
2022,Mieres,Colombia,26-35,Industry,7,43.232350451038656,-5.777827863712884
2022,Mieres,Colombia,26-35,Unemployed/Seeking,6,43.24331708775753,-5.7822616388940595
2022,Mieres,Colombia,36-50,Services,3,43.23780755857219,-5.773913301286286
2022,Mieres,Colombia,36-50,Agriculture,6,43.240532649651705,-5.789217245140948
2022,Mieres,Colombia,36-50,Construction,6,43.24321579926155,-5.79039557731449
2022,Mieres,Colombia,36-50,Industry,2,43.25725054644028,-5.78523654222504
2022,Mieres,Colombia,36-50,Unemployed/Seeking,5,43.269347184645035,-5.785215268337489
2022,Mieres,Colombia,51-65,Services,3,43.251487384321436,-5.779332111827365
2022,Mieres,Colombia,51-65,Agriculture,6,43.235912491416805,-5.758297827225432
2022,Mieres,Colombia,51-65,Construction,2,43.245256055775926,-5.773601181669258
2022,Mieres,Colombia,51-65,Industry,3,43.238914001786036,-5.783500368432259
2022,Mieres,Colombia,51-65,Unemployed/Seeking,3,43.231927859630524,-5.77868244805048
2022,Mieres,Colombia,65+,Services,7,43.24485382888944,-5.793910443233909
2022,Mieres,Colombia,65+,Agriculture,5,43.26228060881084,-5.7723927512840705
2022,Mieres,Colombia,65+,Construction,4,43.24998443191101,-5.773251993651314
2022,Mieres,Colombia,65+,Industry,2,43.26847720236393,-5.777998704069191
2022,Mieres,Colombia,65+,Unemployed/Seeking,5,43.257959406264945,-5.7708109040438345
2022,Mieres,Venezuela,18-25,Services,4,43.23435992281288,-5.757610668053555
2022,Mieres,Venezuela,18-25,Agriculture,6,43.24983915943743,-5.762173142133461
2022,Mieres,Venezuela,18-25,Construction,5,43.24500058450206,-5.771155465740787
2022,Mieres,Venezuela,18-25,Industry,3,43.234026737653515,-5.794372268222356
2022,Mieres,Venezuela,18-25,Unemployed/Seeking,3,43.26620910242142,-5.76114080597933
2022,Mieres,Venezuela,26-35,Services,4,43.245781225571186,-5.755175102576889
2022,Mieres,Venezuela,26-35,Agriculture,4,43.26582857576305,-5.780300411887839
2022,Mieres,Venezuela,26-35,Construction,2,43.24029570012231,-5.787797658735731
2022,Mieres,Venezuela,26-35,Industry,6,43.240777646557035,-5.777358790876749
2022,Mieres,Venezuela,26-35,Unemployed/Seeking,2,43.23133217193592,-5.778436396067383
2022,Mieres,Venezuela,36-50,Services,8,43.26574854681149,-5.757520258507813
2022,Mieres,Venezuela,36-50,Agriculture,6,43.26805543144322,-5.786592535344812
2022,Mieres,Venezuela,36-50,Construction,4,43.231380276765734,-5.765243041607362
2022,Mieres,Venezuela,36-50,Industry,5,43.24003024407204,-5.7751393007744785
2022,Mieres,Venezuela,36-50,Unemployed/Seeking,2,43.23124145529751,-5.760526026797232
2022,Mieres,Venezuela,51-65,Services,3,43.26754845513753,-5.784709305486215
2022,Mieres,Venezuela,51-65,Agriculture,6,43.23213174873041,-5.7592940594972415
2022,Mieres,Venezuela,51-65,Construction,2,43.230885541552375,-5.769909166889854
2022,Mieres,Venezuela,51-65,Industry,5,43.24510878711317,-5.770758020320958
2022,Mieres,Venezuela,51-65,Unemployed/Seeking,4,43.232979084205354,-5.771982295076834
2022,Mieres,Venezuela,65+,Services,3,43.23384976215746,-5.788752982455327
2022,Mieres,Venezuela,65+,Agriculture,5,43.242130435955985,-5.779089495905232
2022,Mieres,Venezuela,65+,Construction,6,43.25107461683927,-5.784388464671518
2022,Mieres,Venezuela,65+,Industry,2,43.26207718122242,-5.784190728364801
2022,Mieres,Venezuela,65+,Unemployed/Seeking,4,43.26567429813467,-5.774289432936352
2022,Mieres,Resto de España,18-25,Services,2,43.24027388078823,-5.782181237425708
2022,Mieres,Resto de España,18-25,Agriculture,5,43.24081861519939,-5.793719873765021
2022,Mieres,Resto de España,18-25,Construction,2,43.25505261234972,-5.786118805740877
2022,Mieres,Resto de España,18-25,Industry,5,43.255838458282426,-5.7602222598990585
2022,Mieres,Resto de España,18-25,Unemployed/Seeking,5,43.24075524347253,-5.774423143885511
2022,Mieres,Resto de España,26-35,Services,2,43.263449997573176,-5.765042619916206
2022,Mieres,Resto de España,26-35,Agriculture,4,43.2673124239498,-5.7735313869163445
2022,Mieres,Resto de España,26-35,Construction,3,43.25398124915429,-5.766152318358191
2022,Mieres,Resto de España,26-35,Industry,3,43.243335753453216,-5.788754328086938
2022,Mieres,Resto de España,26-35,Unemployed/Seeking,4,43.2511523102887,-5.7812849378875475
2022,Mieres,Resto de España,36-50,Services,3,43.25724482551827,-5.757751729481629
2022,Mieres,Resto de España,36-50,Agriculture,6,43.23580465091215,-5.76922166778611
2022,Mieres,Resto de España,36-50,Construction,3,43.253271359690075,-5.777771763874819
2022,Mieres,Resto de España,36-50,Industry,4,43.269612117768034,-5.79408322152966
2022,Mieres,Resto de España,36-50,Unemployed/Seeking,6,43.256032680600974,-5.781773271009126
2022,Mieres,Resto de España,51-65,Services,4,43.24920542374329,-5.785520108506249
2022,Mieres,Resto de España,51-65,Agriculture,5,43.25165038805836,-5.757922964333297
2022,Mieres,Resto de España,51-65,Construction,6,43.256905519996984,-5.780664731905362
2022,Mieres,Resto de España,51-65,Industry,3,43.27005558146093,-5.7768087261226055
2022,Mieres,Resto de España,51-65,Unemployed/Seeking,4,43.24547273859539,-5.773753735934798
2022,Mieres,Resto de España,65+,Services,5,43.26937664373164,-5.762889098513921
2022,Mieres,Resto de España,65+,Agriculture,4,43.23372728926498,-5.775466124453302
2022,Mieres,Resto de España,65+,Construction,4,43.2584372273714,-5.782048635905182
2022,Mieres,Resto de España,65+,Industry,5,43.23066575000491,-5.77509913869176
2022,Mieres,Resto de España,65+,Unemployed/Seeking,2,43.259415255494275,-5.7934136829682314
2022,Mieres,Otros,18-25,Services,5,43.26346597820896,-5.768189946025512
2022,Mieres,Otros,18-25,Agriculture,6,43.241530180929956,-5.774418926881241
2022,Mieres,Otros,18-25,Construction,4,43.23090775647425,-5.7756988194932015
2022,Mieres,Otros,18-25,Industry,4,43.241800804337345,-5.758916552852485
2022,Mieres,Otros,18-25,Unemployed/Seeking,6,43.2504663944774,-5.757365524090582
2022,Mieres,Otros,26-35,Services,3,43.26888240484876,-5.769408524710231
2022,Mieres,Otros,26-35,Agriculture,4,43.24122758039312,-5.779802935915308
2022,Mieres,Otros,26-35,Construction,2,43.26817284928516,-5.772062915646326
2022,Mieres,Otros,26-35,Industry,4,43.26443217664357,-5.757813024605118
2022,Mieres,Otros,26-35,Unemployed/Seeking,7,43.2656298015704,-5.78310582470109
2022,Mieres,Otros,36-50,Services,6,43.234777116802206,-5.775207480229147
2022,Mieres,Otros,36-50,Agriculture,6,43.23467353644099,-5.776026891280579
2022,Mieres,Otros,36-50,Construction,5,43.234013822854216,-5.765194917902323
2022,Mieres,Otros,36-50,Industry,4,43.26495040018325,-5.774295434423123
2022,Mieres,Otros,36-50,Unemployed/Seeking,6,43.26355412863378,-5.786472436000346
2022,Mieres,Otros,51-65,Services,4,43.23259591147141,-5.790423483677824
2022,Mieres,Otros,51-65,Agriculture,6,43.25083116380383,-5.768400269460827
2022,Mieres,Otros,51-65,Construction,6,43.26941595698969,-5.7871408507856374
2022,Mieres,Otros,51-65,Industry,5,43.25884971622185,-5.792031227390765
2022,Mieres,Otros,51-65,Unemployed/Seeking,4,43.242236211485924,-5.762550357071748
2022,Mieres,Otros,65+,Services,4,43.26089395070367,-5.7763943462714495
2022,Mieres,Otros,65+,Agriculture,3,43.24950740191442,-5.775814026717564
2022,Mieres,Otros,65+,Construction,6,43.24601441746048,-5.789435059874004
2022,Mieres,Otros,65+,Industry,2,43.26518055113899,-5.78146084179498
2022,Mieres,Otros,65+,Unemployed/Seeking,2,43.252297216339606,-5.7882220726290186
2022,Langreo,Rumanía,18-25,Services,3,43.28713966684841,-5.699045661367758
2022,Langreo,Rumanía,18-25,Agriculture,5,43.288398744065326,-5.68486709646773
2022,Langreo,Rumanía,18-25,Construction,3,43.293197335956535,-5.6825007875421205
2022,Langreo,Rumanía,18-25,Industry,5,43.29296392593946,-5.675241958435918
2022,Langreo,Rumanía,18-25,Unemployed/Seeking,2,43.281755826854074,-5.695191642236516
2022,Langreo,Rumanía,26-35,Services,6,43.31073017926587,-5.672248678752797
2022,Langreo,Rumanía,26-35,Agriculture,3,43.27656298882213,-5.690063183271381
2022,Langreo,Rumanía,26-35,Construction,8,43.28979909686369,-5.695489825620884
2022,Langreo,Rumanía,26-35,Industry,3,43.28291500259185,-5.67699997732075
2022,Langreo,Rumanía,26-35,Unemployed/Seeking,7,43.28984366644444,-5.700361078353666
2022,Langreo,Rumanía,36-50,Services,3,43.298092979190145,-5.685395234963108
2022,Langreo,Rumanía,36-50,Agriculture,3,43.31353964932147,-5.671346549884751
2022,Langreo,Rumanía,36-50,Construction,3,43.29416144251931,-5.699696716361557
2022,Langreo,Rumanía,36-50,Industry,3,43.30336534139407,-5.672740773776089
2022,Langreo,Rumanía,36-50,Unemployed/Seeking,6,43.31416285335385,-5.6851568633153535
2022,Langreo,Rumanía,51-65,Services,2,43.28277303951228,-5.669576121997104
2022,Langreo,Rumanía,51-65,Agriculture,3,43.313990108066896,-5.701414506027583
2022,Langreo,Rumanía,51-65,Construction,3,43.28317394574085,-5.671772672646974
2022,Langreo,Rumanía,51-65,Industry,5,43.285884593902985,-5.673666059765936
2022,Langreo,Rumanía,51-65,Unemployed/Seeking,4,43.31364415857714,-5.675586089579659
2022,Langreo,Rumanía,65+,Services,5,43.29715154564627,-5.675433198034054
2022,Langreo,Rumanía,65+,Agriculture,5,43.30091484342019,-5.663577121042601
2022,Langreo,Rumanía,65+,Construction,3,43.284384249825685,-5.683245205260737
2022,Langreo,Rumanía,65+,Industry,5,43.28751690603635,-5.679813170335658
2022,Langreo,Rumanía,65+,Unemployed/Seeking,5,43.29990813814846,-5.671374989264408
2022,Langreo,Marruecos,18-25,Services,5,43.29014650481274,-5.701487210116821
2022,Langreo,Marruecos,18-25,Agriculture,5,43.28078321498696,-5.674669756924688
2022,Langreo,Marruecos,18-25,Construction,6,43.29914424752303,-5.675877689523846
2022,Langreo,Marruecos,18-25,Industry,4,43.31618187211979,-5.690202599926815
2022,Langreo,Marruecos,18-25,Unemployed/Seeking,4,43.30507881456013,-5.67545682732757
2022,Langreo,Marruecos,26-35,Services,2,43.30240405649415,-5.702287416939602
2022,Langreo,Marruecos,26-35,Agriculture,7,43.29762319574592,-5.6775302934026435
2022,Langreo,Marruecos,26-35,Construction,4,43.315819977842686,-5.700705749361517
2022,Langreo,Marruecos,26-35,Industry,6,43.30429088370036,-5.686708573208777
2022,Langreo,Marruecos,26-35,Unemployed/Seeking,6,43.303041243362536,-5.6952736713977155
2022,Langreo,Marruecos,36-50,Services,4,43.30474036678154,-5.680073778978244
2022,Langreo,Marruecos,36-50,Agriculture,6,43.2835569649129,-5.683158549014254
2022,Langreo,Marruecos,36-50,Construction,5,43.30265059097383,-5.693733615133249
2022,Langreo,Marruecos,36-50,Industry,4,43.28227984802619,-5.6854717891146525
2022,Langreo,Marruecos,36-50,Unemployed/Seeking,6,43.295715509116235,-5.68796330005919
2022,Langreo,Marruecos,51-65,Services,4,43.29868075259212,-5.666433713310349
2022,Langreo,Marruecos,51-65,Agriculture,5,43.30431793920512,-5.68592747528354
2022,Langreo,Marruecos,51-65,Construction,5,43.300589522235825,-5.6769120044906485
2022,Langreo,Marruecos,51-65,Industry,6,43.28466585787533,-5.687683156986244
2022,Langreo,Marruecos,51-65,Unemployed/Seeking,5,43.292251229101375,-5.664264862004448
2022,Langreo,Marruecos,65+,Services,5,43.28039864916513,-5.67842582451724
2022,Langreo,Marruecos,65+,Agriculture,4,43.28043175555171,-5.670305253477847
2022,Langreo,Marruecos,65+,Construction,5,43.30091230917586,-5.665454970689242
2022,Langreo,Marruecos,65+,Industry,3,43.298530305974054,-5.701106240541962
2022,Langreo,Marruecos,65+,Unemployed/Seeking,2,43.288972720464436,-5.682616647993739
2022,Langreo,Colombia,18-25,Services,7,43.31413192484527,-5.70086413514905
2022,Langreo,Colombia,18-25,Agriculture,4,43.2908872719694,-5.679041690567744
2022,Langreo,Colombia,18-25,Construction,3,43.28126514234252,-5.698526731469384
2022,Langreo,Colombia,18-25,Industry,4,43.283177604301784,-5.671495357222108
2022,Langreo,Colombia,18-25,Unemployed/Seeking,4,43.294827728432224,-5.676702264560991
2022,Langreo,Colombia,26-35,Services,5,43.30137095366264,-5.700167666282078
2022,Langreo,Colombia,26-35,Agriculture,5,43.28596314023569,-5.6762296449854714
2022,Langreo,Colombia,26-35,Construction,5,43.28839549590399,-5.699902064259226
2022,Langreo,Colombia,26-35,Industry,4,43.278953660101216,-5.6881179321092095
2022,Langreo,Colombia,26-35,Unemployed/Seeking,4,43.31376613864032,-5.676920511501223
2022,Langreo,Colombia,36-50,Services,4,43.30890715542886,-5.680665271595875
2022,Langreo,Colombia,36-50,Agriculture,2,43.31328586564475,-5.68062625062095
2022,Langreo,Colombia,36-50,Construction,5,43.28151680281838,-5.702708882429769
2022,Langreo,Colombia,36-50,Industry,5,43.29182486116284,-5.689024358895935
2022,Langreo,Colombia,36-50,Unemployed/Seeking,6,43.31379246031475,-5.693873156123778
2022,Langreo,Colombia,51-65,Services,6,43.278724102120115,-5.669716456920883
2022,Langreo,Colombia,51-65,Agriculture,5,43.27958782254276,-5.696597256450415
2022,Langreo,Colombia,51-65,Construction,6,43.27739590868874,-5.6799970569785705
2022,Langreo,Colombia,51-65,Industry,5,43.30901775451421,-5.681341672544718
2022,Langreo,Colombia,51-65,Unemployed/Seeking,5,43.301416382425,-5.670569751261378
2022,Langreo,Colombia,65+,Services,6,43.31184668434321,-5.698697332568166
2022,Langreo,Colombia,65+,Agriculture,3,43.29460214720263,-5.697921730533249
2022,Langreo,Colombia,65+,Construction,2,43.29079327241334,-5.670539676475461
2022,Langreo,Colombia,65+,Industry,5,43.30248598327978,-5.694816080271836
2022,Langreo,Colombia,65+,Unemployed/Seeking,3,43.290961712505634,-5.677612693785843
2022,Langreo,Venezuela,18-25,Services,6,43.31552490252011,-5.68013024285402
2022,Langreo,Venezuela,18-25,Agriculture,4,43.31078771633786,-5.675995896459428
2022,Langreo,Venezuela,18-25,Construction,4,43.293121367991866,-5.665333068447769
2022,Langreo,Venezuela,18-25,Industry,3,43.3144893214643,-5.6780800050472715
2022,Langreo,Venezuela,18-25,Unemployed/Seeking,3,43.27889185724446,-5.6990421324463885
2022,Langreo,Venezuela,26-35,Services,5,43.316294412843305,-5.670750818336548
2022,Langreo,Venezuela,26-35,Agriculture,7,43.30462207823313,-5.69928401422096
2022,Langreo,Venezuela,26-35,Construction,5,43.30417611039352,-5.703358237241766
2022,Langreo,Venezuela,26-35,Industry,5,43.29468514768922,-5.6748987573963845
2022,Langreo,Venezuela,26-35,Unemployed/Seeking,5,43.30471018196466,-5.67305062488907
2022,Langreo,Venezuela,36-50,Services,7,43.28854955162419,-5.6686328388181275
2022,Langreo,Venezuela,36-50,Agriculture,3,43.304701159558036,-5.696763675305101
2022,Langreo,Venezuela,36-50,Construction,5,43.28427972806627,-5.688466265851537
2022,Langreo,Venezuela,36-50,Industry,7,43.30170093119626,-5.6806361082565795
2022,Langreo,Venezuela,36-50,Unemployed/Seeking,3,43.3128842447899,-5.702638175738254
2022,Langreo,Venezuela,51-65,Services,5,43.285744611305184,-5.666851775599459
2022,Langreo,Venezuela,51-65,Agriculture,2,43.27888582285584,-5.6675754068927935
2022,Langreo,Venezuela,51-65,Construction,6,43.304920918209504,-5.673773885017928
2022,Langreo,Venezuela,51-65,Industry,5,43.301639202069516,-5.702134689039517
2022,Langreo,Venezuela,51-65,Unemployed/Seeking,6,43.30117850973095,-5.668893392979545
2022,Langreo,Venezuela,65+,Services,5,43.29339863778672,-5.703296518376355
2022,Langreo,Venezuela,65+,Agriculture,2,43.291983906188214,-5.665596432884763
2022,Langreo,Venezuela,65+,Construction,4,43.29529063543167,-5.687877744723634
2022,Langreo,Venezuela,65+,Industry,4,43.30177688835383,-5.700738454777218
2022,Langreo,Venezuela,65+,Unemployed/Seeking,3,43.29393696039012,-5.672363203000116
2022,Langreo,Resto de España,18-25,Services,6,43.300778767225154,-5.678176232681224
2022,Langreo,Resto de España,18-25,Agriculture,4,43.28421592560217,-5.674471043291979
2022,Langreo,Resto de España,18-25,Construction,6,43.28104337223262,-5.681621016047473
2022,Langreo,Resto de España,18-25,Industry,4,43.28516160273875,-5.698224036659947
2022,Langreo,Resto de España,18-25,Unemployed/Seeking,2,43.29903427584012,-5.698526393072836
2022,Langreo,Resto de España,26-35,Services,4,43.30257417878806,-5.6753919182136885
2022,Langreo,Resto de España,26-35,Agriculture,7,43.29847217086305,-5.673003198542786
2022,Langreo,Resto de España,26-35,Construction,4,43.2813523823893,-5.682689548649297
2022,Langreo,Resto de España,26-35,Industry,4,43.306292154958165,-5.68646959145594
2022,Langreo,Resto de España,26-35,Unemployed/Seeking,3,43.314362983513924,-5.683477241491267
2022,Langreo,Resto de España,36-50,Services,5,43.2809408073386,-5.68481114635339
2022,Langreo,Resto de España,36-50,Agriculture,4,43.27823075468734,-5.6909749386278135
2022,Langreo,Resto de España,36-50,Construction,2,43.28292804064391,-5.674581056944675
2022,Langreo,Resto de España,36-50,Industry,2,43.28592527206357,-5.688332473147528
2022,Langreo,Resto de España,36-50,Unemployed/Seeking,4,43.281586163150735,-5.694325012900692
2022,Langreo,Resto de España,51-65,Services,3,43.306560014411225,-5.68333992698809
2022,Langreo,Resto de España,51-65,Agriculture,4,43.28391152785924,-5.69840282084882
2022,Langreo,Resto de España,51-65,Construction,5,43.30030531106067,-5.6691532713067225
2022,Langreo,Resto de España,51-65,Industry,4,43.28381852058806,-5.681596341684199
2022,Langreo,Resto de España,51-65,Unemployed/Seeking,2,43.284492968329076,-5.665696134418914
2022,Langreo,Resto de España,65+,Services,5,43.31614683124641,-5.667459221045802
2022,Langreo,Resto de España,65+,Agriculture,5,43.2857310806297,-5.667538936265541
2022,Langreo,Resto de España,65+,Construction,2,43.307061430162015,-5.673473218370689
2022,Langreo,Resto de España,65+,Industry,5,43.290797413222194,-5.6788108428560475
2022,Langreo,Resto de España,65+,Unemployed/Seeking,4,43.285474333171955,-5.663681809138481
2022,Langreo,Otros,18-25,Services,3,43.30074915533479,-5.674283144653257
2022,Langreo,Otros,18-25,Agriculture,3,43.28695597418736,-5.670903669308998
2022,Langreo,Otros,18-25,Construction,6,43.28209267505346,-5.674203157704073
2022,Langreo,Otros,18-25,Industry,6,43.28270979853783,-5.6951208946885785
2022,Langreo,Otros,18-25,Unemployed/Seeking,5,43.308608427250014,-5.699196071415939
2022,Langreo,Otros,26-35,Services,5,43.305663948486036,-5.682209361246355
2022,Langreo,Otros,26-35,Agriculture,6,43.2987985657072,-5.697185419746664
2022,Langreo,Otros,26-35,Construction,3,43.313687189727126,-5.696101368455686
2022,Langreo,Otros,26-35,Industry,6,43.28971281592158,-5.666504350198073
2022,Langreo,Otros,26-35,Unemployed/Seeking,5,43.28235842109599,-5.6864222355650655
2022,Langreo,Otros,36-50,Services,4,43.313925568138046,-5.701677178639843
2022,Langreo,Otros,36-50,Agriculture,4,43.290677759612414,-5.6717907221786295
2022,Langreo,Otros,36-50,Construction,5,43.28659272583567,-5.681020583267215
2022,Langreo,Otros,36-50,Industry,3,43.313219560624816,-5.685125498147593
2022,Langreo,Otros,36-50,Unemployed/Seeking,4,43.30252456493818,-5.669904760101598
2022,Langreo,Otros,51-65,Services,3,43.284607588976755,-5.690006249301295
2022,Langreo,Otros,51-65,Agriculture,5,43.28231376364217,-5.684904625663536
2022,Langreo,Otros,51-65,Construction,6,43.30095100780527,-5.686521955970264
2022,Langreo,Otros,51-65,Industry,2,43.283135514200936,-5.681475786189006
2022,Langreo,Otros,51-65,Unemployed/Seeking,4,43.31120151004758,-5.703316935189814
2022,Langreo,Otros,65+,Services,2,43.31578688689273,-5.677393342499362
2022,Langreo,Otros,65+,Agriculture,3,43.289079872025,-5.701196645182574
2022,Langreo,Otros,65+,Construction,3,43.2932339753231,-5.686921412661228
2022,Langreo,Otros,65+,Industry,5,43.303585394019386,-5.702014405250521
2022,Langreo,Otros,65+,Unemployed/Seeking,4,43.2891541845078,-5.685049803036285
2022,Oviedo,Rumanía,18-25,Services,2,43.36520000405613,-5.864965371071558
2022,Oviedo,Rumanía,18-25,Agriculture,5,43.34490339189138,-5.851256575829765
2022,Oviedo,Rumanía,18-25,Construction,6,43.34893784949914,-5.831331594402049
2022,Oviedo,Rumanía,18-25,Industry,6,43.3681922152323,-5.851277700719407
2022,Oviedo,Rumanía,18-25,Unemployed/Seeking,5,43.35693272166732,-5.847199827541681
2022,Oviedo,Rumanía,26-35,Services,7,43.36697934507552,-5.858157840530458
2022,Oviedo,Rumanía,26-35,Agriculture,9,43.37922791784311,-5.840055641292722
2022,Oviedo,Rumanía,26-35,Construction,8,43.36580654940125,-5.837827218271787
2022,Oviedo,Rumanía,26-35,Industry,4,43.352101966805236,-5.834220382900694
2022,Oviedo,Rumanía,26-35,Unemployed/Seeking,5,43.37928466350922,-5.842836139417237
2022,Oviedo,Rumanía,36-50,Services,3,43.36604405020737,-5.8323143144583725
2022,Oviedo,Rumanía,36-50,Agriculture,4,43.36186516580622,-5.860705591954216
2022,Oviedo,Rumanía,36-50,Construction,6,43.35716328461551,-5.868672307804185
2022,Oviedo,Rumanía,36-50,Industry,3,43.35950955416654,-5.856113803418882
2022,Oviedo,Rumanía,36-50,Unemployed/Seeking,6,43.37250251002848,-5.854146814302451
2022,Oviedo,Rumanía,51-65,Services,6,43.34289812355514,-5.846730399265141
2022,Oviedo,Rumanía,51-65,Agriculture,4,43.354763910666954,-5.864739505510854
2022,Oviedo,Rumanía,51-65,Construction,7,43.373724063437216,-5.8374046266250526
2022,Oviedo,Rumanía,51-65,Industry,4,43.35390153880174,-5.836640915814371
2022,Oviedo,Rumanía,51-65,Unemployed/Seeking,5,43.36921314000872,-5.8606804132060395
2022,Oviedo,Rumanía,65+,Services,6,43.36722991338479,-5.833236231693679
2022,Oviedo,Rumanía,65+,Agriculture,8,43.37683935719686,-5.841064648199573
2022,Oviedo,Rumanía,65+,Construction,5,43.37163273736447,-5.85866605856203
2022,Oviedo,Rumanía,65+,Industry,7,43.34714806252231,-5.836287155599966
2022,Oviedo,Rumanía,65+,Unemployed/Seeking,5,43.35808652253694,-5.85333461357586
2022,Oviedo,Marruecos,18-25,Services,6,43.361770484417896,-5.865186742439022
2022,Oviedo,Marruecos,18-25,Agriculture,7,43.373285230493224,-5.833215285988013
2022,Oviedo,Marruecos,18-25,Construction,6,43.367162708862665,-5.836972021851328
2022,Oviedo,Marruecos,18-25,Industry,5,43.37597588683993,-5.852877869620776
2022,Oviedo,Marruecos,18-25,Unemployed/Seeking,7,43.38026364623932,-5.843663902829674
2022,Oviedo,Marruecos,26-35,Services,4,43.35845202083334,-5.833579093234588
2022,Oviedo,Marruecos,26-35,Agriculture,3,43.35443035416913,-5.840321256117543
2022,Oviedo,Marruecos,26-35,Construction,8,43.37831210010895,-5.847165690382141
2022,Oviedo,Marruecos,26-35,Industry,8,43.34540174090694,-5.850386182253171
2022,Oviedo,Marruecos,26-35,Unemployed/Seeking,6,43.34413783828092,-5.83223150684681
2022,Oviedo,Marruecos,36-50,Services,7,43.356354680119296,-5.833223060961681
2022,Oviedo,Marruecos,36-50,Agriculture,4,43.368384157817,-5.832927812711535
2022,Oviedo,Marruecos,36-50,Construction,9,43.37492940169997,-5.838976130205605
2022,Oviedo,Marruecos,36-50,Industry,4,43.34857440709386,-5.860033701279208
2022,Oviedo,Marruecos,36-50,Unemployed/Seeking,5,43.35596865774465,-5.864534933879035
2022,Oviedo,Marruecos,51-65,Services,7,43.35664099049366,-5.861357315522615
2022,Oviedo,Marruecos,51-65,Agriculture,2,43.3808454591482,-5.85468864866031
2022,Oviedo,Marruecos,51-65,Construction,3,43.36936200202662,-5.858672565763973
2022,Oviedo,Marruecos,51-65,Industry,4,43.34221383140189,-5.84299921044238
2022,Oviedo,Marruecos,51-65,Unemployed/Seeking,2,43.36711332183268,-5.853778908174129
2022,Oviedo,Marruecos,65+,Services,7,43.3444533993714,-5.842540850850633
2022,Oviedo,Marruecos,65+,Agriculture,4,43.35219442200099,-5.8487007543188
2022,Oviedo,Marruecos,65+,Construction,5,43.37181024040343,-5.838401152941759
2022,Oviedo,Marruecos,65+,Industry,3,43.37915171972449,-5.866810498262294
2022,Oviedo,Marruecos,65+,Unemployed/Seeking,4,43.34475376301933,-5.857188404245933
2022,Oviedo,Colombia,18-25,Services,9,43.3670052349104,-5.8630443822679
2022,Oviedo,Colombia,18-25,Agriculture,2,43.37720730104355,-5.838046294224653
2022,Oviedo,Colombia,18-25,Construction,7,43.346660006356124,-5.837292548833339
2022,Oviedo,Colombia,18-25,Industry,4,43.364258029257655,-5.830922212075603
2022,Oviedo,Colombia,18-25,Unemployed/Seeking,7,43.371564352637336,-5.841802484875483
2022,Oviedo,Colombia,26-35,Services,9,43.36424084925094,-5.851687816505041
2022,Oviedo,Colombia,26-35,Agriculture,4,43.35737405862011,-5.834694175914299
2022,Oviedo,Colombia,26-35,Construction,5,43.364921574347456,-5.844736472183878
2022,Oviedo,Colombia,26-35,Industry,8,43.37880183782045,-5.841775181150917
2022,Oviedo,Colombia,26-35,Unemployed/Seeking,4,43.36252195913368,-5.856746165812857
2022,Oviedo,Colombia,36-50,Services,5,43.369822600429295,-5.843286515823105
2022,Oviedo,Colombia,36-50,Agriculture,6,43.35564577392763,-5.845268196066171
2022,Oviedo,Colombia,36-50,Construction,5,43.354732866085094,-5.865575337401249
2022,Oviedo,Colombia,36-50,Industry,4,43.36273413142612,-5.844322742449393
2022,Oviedo,Colombia,36-50,Unemployed/Seeking,3,43.34593049448581,-5.834540317728762
2022,Oviedo,Colombia,51-65,Services,8,43.37493012373296,-5.836899961504921
2022,Oviedo,Colombia,51-65,Agriculture,7,43.35029608140885,-5.83506310772816
2022,Oviedo,Colombia,51-65,Construction,5,43.34194908024606,-5.839950377019473
2022,Oviedo,Colombia,51-65,Industry,6,43.34258795862751,-5.859484190482923
2022,Oviedo,Colombia,51-65,Unemployed/Seeking,4,43.35875070407515,-5.8581143938385205
2022,Oviedo,Colombia,65+,Services,4,43.37805154799299,-5.833249116519239
2022,Oviedo,Colombia,65+,Agriculture,3,43.3704872389882,-5.836847726473106
2022,Oviedo,Colombia,65+,Construction,4,43.35619255524272,-5.865555958148113
2022,Oviedo,Colombia,65+,Industry,3,43.36924597050519,-5.869356391981422
2022,Oviedo,Colombia,65+,Unemployed/Seeking,6,43.37507650392781,-5.851224203463699
2022,Oviedo,Venezuela,18-25,Services,5,43.37465451381255,-5.858120532657334
2022,Oviedo,Venezuela,18-25,Agriculture,3,43.371100463740795,-5.86929120773963
2022,Oviedo,Venezuela,18-25,Construction,6,43.36073864344836,-5.831167630736935
2022,Oviedo,Venezuela,18-25,Industry,4,43.3740784058318,-5.845980262981711
2022,Oviedo,Venezuela,18-25,Unemployed/Seeking,2,43.34796249466077,-5.8495739618555245
2022,Oviedo,Venezuela,26-35,Services,4,43.36757420841774,-5.8619201142299975
2022,Oviedo,Venezuela,26-35,Agriculture,5,43.372737205250296,-5.830472924950342
2022,Oviedo,Venezuela,26-35,Construction,5,43.37318091201383,-5.848400845552609
2022,Oviedo,Venezuela,26-35,Industry,3,43.344118838957826,-5.839217750135136
2022,Oviedo,Venezuela,26-35,Unemployed/Seeking,7,43.3466982461661,-5.837436064754522
2022,Oviedo,Venezuela,36-50,Services,4,43.36065579283996,-5.833111096118463
2022,Oviedo,Venezuela,36-50,Agriculture,7,43.36426411282695,-5.847242955261028
2022,Oviedo,Venezuela,36-50,Construction,9,43.351226640711914,-5.868601898057562
2022,Oviedo,Venezuela,36-50,Industry,5,43.38125716140283,-5.8401413680217
2022,Oviedo,Venezuela,36-50,Unemployed/Seeking,5,43.367369709520204,-5.8468308794414225
2022,Oviedo,Venezuela,51-65,Services,4,43.34350535095785,-5.861664864303268
2022,Oviedo,Venezuela,51-65,Agriculture,5,43.35111724107969,-5.848724652093977
2022,Oviedo,Venezuela,51-65,Construction,5,43.37771615463256,-5.841867997085236
2022,Oviedo,Venezuela,51-65,Industry,3,43.36961226770525,-5.845567602338334
2022,Oviedo,Venezuela,51-65,Unemployed/Seeking,5,43.37186828347237,-5.836413599041018
2022,Oviedo,Venezuela,65+,Services,3,43.35696520010228,-5.850083747140997
2022,Oviedo,Venezuela,65+,Agriculture,5,43.358424653443926,-5.846927401229202
2022,Oviedo,Venezuela,65+,Construction,7,43.3686731713586,-5.853718994118466
2022,Oviedo,Venezuela,65+,Industry,3,43.37209150447727,-5.8460058701938955
2022,Oviedo,Venezuela,65+,Unemployed/Seeking,2,43.36147971428097,-5.858229227122075
2022,Oviedo,Resto de España,18-25,Services,7,43.344356997551785,-5.8681173135928155
2022,Oviedo,Resto de España,18-25,Agriculture,3,43.35119109056885,-5.850754216757217
2022,Oviedo,Resto de España,18-25,Construction,4,43.36853801508174,-5.859143148699786
2022,Oviedo,Resto de España,18-25,Industry,5,43.347314894647134,-5.859460410509933
2022,Oviedo,Resto de España,18-25,Unemployed/Seeking,7,43.36900676460928,-5.850369830879101
2022,Oviedo,Resto de España,26-35,Services,4,43.37832297120035,-5.863717068257906
2022,Oviedo,Resto de España,26-35,Agriculture,8,43.347994258745786,-5.848235819438026
2022,Oviedo,Resto de España,26-35,Construction,6,43.35280847611242,-5.8425067512614355
2022,Oviedo,Resto de España,26-35,Industry,4,43.36114660287439,-5.840254357917564
2022,Oviedo,Resto de España,26-35,Unemployed/Seeking,5,43.363245918442544,-5.8488835488217035
2022,Oviedo,Resto de España,36-50,Services,4,43.34344591026033,-5.851400040429504
2022,Oviedo,Resto de España,36-50,Agriculture,6,43.35182170430832,-5.863152069698235
2022,Oviedo,Resto de España,36-50,Construction,3,43.37264982164735,-5.8414941942576055
2022,Oviedo,Resto de España,36-50,Industry,9,43.37582834635057,-5.861863464014757
2022,Oviedo,Resto de España,36-50,Unemployed/Seeking,4,43.35614489777278,-5.8390923125530465
2022,Oviedo,Resto de España,51-65,Services,5,43.36899755859462,-5.831852266661513
2022,Oviedo,Resto de España,51-65,Agriculture,3,43.34140355881597,-5.839566498297892
2022,Oviedo,Resto de España,51-65,Construction,2,43.34992688362515,-5.84495571619815
2022,Oviedo,Resto de España,51-65,Industry,4,43.359071957384884,-5.8298619171482615
2022,Oviedo,Resto de España,51-65,Unemployed/Seeking,5,43.35414909859428,-5.838187492239956
2022,Oviedo,Resto de España,65+,Services,4,43.3570069079128,-5.853318096548603
2022,Oviedo,Resto de España,65+,Agriculture,2,43.36919796865717,-5.838712007295473
2022,Oviedo,Resto de España,65+,Construction,4,43.344504520881216,-5.86569132717087
2022,Oviedo,Resto de España,65+,Industry,7,43.34559336443449,-5.8625522062012285
2022,Oviedo,Resto de España,65+,Unemployed/Seeking,5,43.34294502598433,-5.868178404022147
2022,Oviedo,Otros,18-25,Services,6,43.35953750383353,-5.8619280526932735
2022,Oviedo,Otros,18-25,Agriculture,6,43.34244697809627,-5.846860200981578
2022,Oviedo,Otros,18-25,Construction,5,43.34582918366183,-5.846262668561233
2022,Oviedo,Otros,18-25,Industry,5,43.3620636845494,-5.849200299822449
2022,Oviedo,Otros,18-25,Unemployed/Seeking,5,43.3430397993311,-5.861405435157089
2022,Oviedo,Otros,26-35,Services,7,43.376020263527415,-5.839060614829736
2022,Oviedo,Otros,26-35,Agriculture,5,43.362135811047985,-5.837012246329824
2022,Oviedo,Otros,26-35,Construction,5,43.34597227871036,-5.859631974325916
2022,Oviedo,Otros,26-35,Industry,8,43.34982298881352,-5.83694696908306
2022,Oviedo,Otros,26-35,Unemployed/Seeking,5,43.37062547258883,-5.85464687401166
2022,Oviedo,Otros,36-50,Services,8,43.36400498121594,-5.842383957983382
2022,Oviedo,Otros,36-50,Agriculture,3,43.36238199222243,-5.842047788884044
2022,Oviedo,Otros,36-50,Construction,4,43.354267079185014,-5.837076632748518
2022,Oviedo,Otros,36-50,Industry,9,43.37914513404587,-5.837418039735153
2022,Oviedo,Otros,36-50,Unemployed/Seeking,5,43.36045336577147,-5.850307776225269
2022,Oviedo,Otros,51-65,Services,2,43.345110535124164,-5.829965131243271
2022,Oviedo,Otros,51-65,Agriculture,3,43.354817722693255,-5.848284567571475
2022,Oviedo,Otros,51-65,Construction,6,43.35826102931666,-5.84721574334847
2022,Oviedo,Otros,51-65,Industry,7,43.35038518647117,-5.83199996914107
2022,Oviedo,Otros,51-65,Unemployed/Seeking,7,43.35477146920315,-5.841896807275451
2022,Oviedo,Otros,65+,Services,3,43.35668936422314,-5.855567231609811
2022,Oviedo,Otros,65+,Agriculture,6,43.344506566471544,-5.868701068654215
2022,Oviedo,Otros,65+,Construction,3,43.37683053678296,-5.865902433033113
2022,Oviedo,Otros,65+,Industry,5,43.359331783322986,-5.838542717669811
2022,Oviedo,Otros,65+,Unemployed/Seeking,4,43.36231244979883,-5.8556557063176005
2022,Gijón,Rumanía,18-25,Services,3,43.545972362001415,-5.661437667536355
2022,Gijón,Rumanía,18-25,Agriculture,9,43.52049342970675,-5.646940088212665
2022,Gijón,Rumanía,18-25,Construction,4,43.52924509339942,-5.678397718944325
2022,Gijón,Rumanía,18-25,Industry,4,43.54116692799831,-5.6589067811434335
2022,Gijón,Rumanía,18-25,Unemployed/Seeking,2,43.55163425468645,-5.670556697545209
2022,Gijón,Rumanía,26-35,Services,9,43.51493042930556,-5.6564063492584955
2022,Gijón,Rumanía,26-35,Agriculture,11,43.54320228672351,-5.675454636135939
2022,Gijón,Rumanía,26-35,Construction,6,43.54878232758788,-5.666581857381159
2022,Gijón,Rumanía,26-35,Industry,6,43.531270576439184,-5.66475490918118
2022,Gijón,Rumanía,26-35,Unemployed/Seeking,6,43.54814094601949,-5.663001082428549
2022,Gijón,Rumanía,36-50,Services,7,43.51732283210865,-5.679658206392939
2022,Gijón,Rumanía,36-50,Agriculture,11,43.51291188867268,-5.67496619959568
2022,Gijón,Rumanía,36-50,Construction,9,43.55175888140607,-5.659228438750476
2022,Gijón,Rumanía,36-50,Industry,8,43.542984056205896,-5.67149193193059
2022,Gijón,Rumanía,36-50,Unemployed/Seeking,6,43.54459692058139,-5.6789847390783
2022,Gijón,Rumanía,51-65,Services,3,43.5356332341502,-5.650809752588683
2022,Gijón,Rumanía,51-65,Agriculture,6,43.524929482019544,-5.662118220284107
2022,Gijón,Rumanía,51-65,Construction,6,43.52516901323114,-5.674389811627638
2022,Gijón,Rumanía,51-65,Industry,5,43.531243302103505,-5.677493270022063
2022,Gijón,Rumanía,51-65,Unemployed/Seeking,4,43.533938614337515,-5.645562313282759
2022,Gijón,Rumanía,65+,Services,5,43.54057751233324,-5.673751692312145
2022,Gijón,Rumanía,65+,Agriculture,7,43.518825492120996,-5.644151294519966
2022,Gijón,Rumanía,65+,Construction,4,43.535458470320485,-5.6560116366017805
2022,Gijón,Rumanía,65+,Industry,7,43.5176933843654,-5.6554425512487585
2022,Gijón,Rumanía,65+,Unemployed/Seeking,5,43.55113209355088,-5.656656188347948
2022,Gijón,Marruecos,18-25,Services,5,43.545324536879235,-5.642558093386192
2022,Gijón,Marruecos,18-25,Agriculture,4,43.54805296870107,-5.680636509728861
2022,Gijón,Marruecos,18-25,Construction,3,43.54725733325258,-5.641560032336524
2022,Gijón,Marruecos,18-25,Industry,6,43.548343264619696,-5.663776583510916
2022,Gijón,Marruecos,18-25,Unemployed/Seeking,4,43.548187674176155,-5.664030189943881
2022,Gijón,Marruecos,26-35,Services,6,43.54461511154479,-5.659876844175142
2022,Gijón,Marruecos,26-35,Agriculture,8,43.53768086918338,-5.6697951458808005
2022,Gijón,Marruecos,26-35,Construction,8,43.52388382724793,-5.680107432355198
2022,Gijón,Marruecos,26-35,Industry,7,43.518576135311555,-5.679461001097698
2022,Gijón,Marruecos,26-35,Unemployed/Seeking,7,43.53638375983186,-5.641877226069096
2022,Gijón,Marruecos,36-50,Services,7,43.54950647216027,-5.648333697401473
2022,Gijón,Marruecos,36-50,Agriculture,3,43.54589467130515,-5.65525983708002
2022,Gijón,Marruecos,36-50,Construction,5,43.52779529872088,-5.643684624282474
2022,Gijón,Marruecos,36-50,Industry,3,43.54457468792267,-5.661775031219378
2022,Gijón,Marruecos,36-50,Unemployed/Seeking,5,43.538487153125025,-5.680314929856583
2022,Gijón,Marruecos,51-65,Services,5,43.51968230547375,-5.662417409957605
2022,Gijón,Marruecos,51-65,Agriculture,5,43.51243687408974,-5.665948656820194
2022,Gijón,Marruecos,51-65,Construction,6,43.53111455701225,-5.6518099835049815
2022,Gijón,Marruecos,51-65,Industry,4,43.521931139872045,-5.666535960881043
2022,Gijón,Marruecos,51-65,Unemployed/Seeking,6,43.543498660362594,-5.681167626078929
2022,Gijón,Marruecos,65+,Services,4,43.54291588964062,-5.65468475988962
2022,Gijón,Marruecos,65+,Agriculture,5,43.52642274766701,-5.665288665667162
2022,Gijón,Marruecos,65+,Construction,4,43.53387484799508,-5.671389828753568
2022,Gijón,Marruecos,65+,Industry,5,43.51277150598502,-5.671483823410868
2022,Gijón,Marruecos,65+,Unemployed/Seeking,4,43.53924176020676,-5.6427543699883
2022,Gijón,Colombia,18-25,Services,6,43.52495379787523,-5.647559770786065
2022,Gijón,Colombia,18-25,Agriculture,3,43.532533957433046,-5.6435045875536
2022,Gijón,Colombia,18-25,Construction,4,43.524431402034985,-5.680413249719533
2022,Gijón,Colombia,18-25,Industry,7,43.540701370799496,-5.647894935403507
2022,Gijón,Colombia,18-25,Unemployed/Seeking,5,43.548886719428815,-5.679929829796368
2022,Gijón,Colombia,26-35,Services,7,43.51479985572087,-5.651099624131992
2022,Gijón,Colombia,26-35,Agriculture,3,43.54606122291494,-5.6715499366743
2022,Gijón,Colombia,26-35,Construction,4,43.5158115123837,-5.642042483981817
2022,Gijón,Colombia,26-35,Industry,3,43.53420906075748,-5.669740635353628
2022,Gijón,Colombia,26-35,Unemployed/Seeking,8,43.512294774359276,-5.670253731869977
2022,Gijón,Colombia,36-50,Services,7,43.53001746719025,-5.653720983619493
2022,Gijón,Colombia,36-50,Agriculture,5,43.54286137833266,-5.650792505443839
2022,Gijón,Colombia,36-50,Construction,8,43.54242836617094,-5.651159087486439
2022,Gijón,Colombia,36-50,Industry,3,43.552128330319675,-5.663307066459149
2022,Gijón,Colombia,36-50,Unemployed/Seeking,4,43.53045094966236,-5.658639308293602
2022,Gijón,Colombia,51-65,Services,8,43.522259619425206,-5.649159240651416
2022,Gijón,Colombia,51-65,Agriculture,2,43.55066741034173,-5.650305126484829
2022,Gijón,Colombia,51-65,Construction,7,43.52281369259812,-5.64529902041106
2022,Gijón,Colombia,51-65,Industry,3,43.52236897838161,-5.669395325516289
2022,Gijón,Colombia,51-65,Unemployed/Seeking,3,43.55179605667505,-5.645238581556472
2022,Gijón,Colombia,65+,Services,9,43.525295482772435,-5.644156065949709
2022,Gijón,Colombia,65+,Agriculture,5,43.526024759458906,-5.671302907291277
2022,Gijón,Colombia,65+,Construction,3,43.53923296078308,-5.659472097627527
2022,Gijón,Colombia,65+,Industry,3,43.51371975461199,-5.646686455633701
2022,Gijón,Colombia,65+,Unemployed/Seeking,3,43.52544268891313,-5.676634106106179
2022,Gijón,Venezuela,18-25,Services,6,43.53214797465915,-5.666687029411485
2022,Gijón,Venezuela,18-25,Agriculture,3,43.54444895683381,-5.657161867635783
2022,Gijón,Venezuela,18-25,Construction,6,43.51359994447299,-5.656322869631887
2022,Gijón,Venezuela,18-25,Industry,3,43.5211147949901,-5.679337793332993
2022,Gijón,Venezuela,18-25,Unemployed/Seeking,2,43.5355106201162,-5.655204656297563
2022,Gijón,Venezuela,26-35,Services,8,43.54656311662252,-5.644268511020547
2022,Gijón,Venezuela,26-35,Agriculture,6,43.54323915073216,-5.648896147577625
2022,Gijón,Venezuela,26-35,Construction,7,43.54727782447045,-5.668030531585372
2022,Gijón,Venezuela,26-35,Industry,6,43.55206868352677,-5.664947266165471
2022,Gijón,Venezuela,26-35,Unemployed/Seeking,6,43.53961816188593,-5.678292521206573
2022,Gijón,Venezuela,36-50,Services,3,43.54858482860334,-5.650113362423457
2022,Gijón,Venezuela,36-50,Agriculture,6,43.529481560319994,-5.66199948059576
2022,Gijón,Venezuela,36-50,Construction,3,43.550205403180584,-5.661427851853871
2022,Gijón,Venezuela,36-50,Industry,5,43.53714512753184,-5.656522869286112
2022,Gijón,Venezuela,36-50,Unemployed/Seeking,4,43.54279041713308,-5.6699032397435
2022,Gijón,Venezuela,51-65,Services,3,43.53274937918957,-5.645731426763471
2022,Gijón,Venezuela,51-65,Agriculture,3,43.544066989088705,-5.676306721648812
2022,Gijón,Venezuela,51-65,Construction,4,43.54557879268495,-5.664967889554584
2022,Gijón,Venezuela,51-65,Industry,4,43.5316285104485,-5.661114725062553
2022,Gijón,Venezuela,51-65,Unemployed/Seeking,4,43.532140911705966,-5.6562208477774165
2022,Gijón,Venezuela,65+,Services,5,43.53946805998386,-5.652722379291858
2022,Gijón,Venezuela,65+,Agriculture,3,43.53982222396294,-5.6685527011338825
2022,Gijón,Venezuela,65+,Construction,4,43.51853746086902,-5.648722778938391
2022,Gijón,Venezuela,65+,Industry,4,43.51954687683862,-5.663428466830383
2022,Gijón,Venezuela,65+,Unemployed/Seeking,3,43.547456211509775,-5.674773101280386
2022,Gijón,Resto de España,18-25,Services,3,43.52882001027003,-5.670001134022549
2022,Gijón,Resto de España,18-25,Agriculture,6,43.53555535752413,-5.666771394508013
2022,Gijón,Resto de España,18-25,Construction,7,43.513181837237525,-5.641912102758314
2022,Gijón,Resto de España,18-25,Industry,3,43.53952999722669,-5.641921561530357
2022,Gijón,Resto de España,18-25,Unemployed/Seeking,6,43.53291504542607,-5.656248305502134
2022,Gijón,Resto de España,26-35,Services,5,43.54333053851631,-5.642869167045975
2022,Gijón,Resto de España,26-35,Agriculture,5,43.54881169468536,-5.660057001784335
2022,Gijón,Resto de España,26-35,Construction,5,43.536424550656236,-5.664465344007
2022,Gijón,Resto de España,26-35,Industry,7,43.54785173150554,-5.645643929850128
2022,Gijón,Resto de España,26-35,Unemployed/Seeking,7,43.53905811944504,-5.6420415945269164
2022,Gijón,Resto de España,36-50,Services,9,43.53385054270492,-5.6462726533400796
2022,Gijón,Resto de España,36-50,Agriculture,6,43.5377015570162,-5.643215693488927
2022,Gijón,Resto de España,36-50,Construction,7,43.53730329357971,-5.677307529670509
2022,Gijón,Resto de España,36-50,Industry,5,43.538232319658235,-5.6448293625506345
2022,Gijón,Resto de España,36-50,Unemployed/Seeking,3,43.514100693644025,-5.645288242916491
2022,Gijón,Resto de España,51-65,Services,2,43.51414170010254,-5.648300789199929
2022,Gijón,Resto de España,51-65,Agriculture,4,43.525439975713844,-5.667125787366199
2022,Gijón,Resto de España,51-65,Construction,3,43.52161445894005,-5.645150631572945
2022,Gijón,Resto de España,51-65,Industry,7,43.53151175329711,-5.675239125902044
2022,Gijón,Resto de España,51-65,Unemployed/Seeking,4,43.53695011684509,-5.660537355487675
2022,Gijón,Resto de España,65+,Services,7,43.520334827323175,-5.6564705177818055
2022,Gijón,Resto de España,65+,Agriculture,2,43.53570522201235,-5.641886794206204
2022,Gijón,Resto de España,65+,Construction,4,43.54372404876799,-5.645994369432514
2022,Gijón,Resto de España,65+,Industry,3,43.54312047396338,-5.66167196647813
2022,Gijón,Resto de España,65+,Unemployed/Seeking,5,43.54238911250582,-5.65896805804318
2022,Gijón,Otros,18-25,Services,5,43.5165750762341,-5.657982860137211
2022,Gijón,Otros,18-25,Agriculture,4,43.54760612322278,-5.644960528743212
2022,Gijón,Otros,18-25,Construction,6,43.549835403509036,-5.680205948788837
2022,Gijón,Otros,18-25,Industry,6,43.54276194092613,-5.6709152210105644
2022,Gijón,Otros,18-25,Unemployed/Seeking,3,43.518411755297535,-5.6441060822066
2022,Gijón,Otros,26-35,Services,7,43.5506718275952,-5.660240042984091
2022,Gijón,Otros,26-35,Agriculture,4,43.53256357911831,-5.676633253399074
2022,Gijón,Otros,26-35,Construction,5,43.51771384790164,-5.676836241795905
2022,Gijón,Otros,26-35,Industry,4,43.543181146338284,-5.648620270931037
2022,Gijón,Otros,26-35,Unemployed/Seeking,7,43.54443901946319,-5.673283699951811
2022,Gijón,Otros,36-50,Services,6,43.5518826438035,-5.678103962586253
2022,Gijón,Otros,36-50,Agriculture,7,43.543664332782704,-5.641552225953518
2022,Gijón,Otros,36-50,Construction,5,43.53350378132707,-5.659171391278286
2022,Gijón,Otros,36-50,Industry,7,43.530656111938946,-5.676502524071637
2022,Gijón,Otros,36-50,Unemployed/Seeking,6,43.51575540967503,-5.678675784845814
2022,Gijón,Otros,51-65,Services,4,43.535946575313524,-5.677388110761845
2022,Gijón,Otros,51-65,Agriculture,3,43.53956850040074,-5.646875624735232
2022,Gijón,Otros,51-65,Construction,6,43.54566906505615,-5.668646598086498
2022,Gijón,Otros,51-65,Industry,6,43.51397202522074,-5.653613908582055
2022,Gijón,Otros,51-65,Unemployed/Seeking,4,43.54105409505803,-5.675968401106107
2022,Gijón,Otros,65+,Services,3,43.538365269965894,-5.647140547274111
2022,Gijón,Otros,65+,Agriculture,7,43.52670911050467,-5.646334657375203
2022,Gijón,Otros,65+,Construction,4,43.545728716750126,-5.657585765342019
2022,Gijón,Otros,65+,Industry,4,43.535034428333844,-5.669453500351519
2022,Gijón,Otros,65+,Unemployed/Seeking,5,43.51958343043179,-5.674274457965433
2023,Aller,Rumanía,18-25,Services,1,43.169644247924396,-5.6403127779493625
2023,Aller,Rumanía,18-25,Agriculture,1,43.16348503010375,-5.6348617694964425
2023,Aller,Rumanía,18-25,Construction,1,43.155549248232965,-5.665842081734718
2023,Aller,Rumanía,18-25,Industry,1,43.13115066343173,-5.643820394396645
2023,Aller,Rumanía,18-25,Unemployed/Seeking,1,43.139915757652375,-5.667031641953802
2023,Aller,Rumanía,26-35,Services,1,43.147147502584744,-5.653682263052567
2023,Aller,Rumanía,26-35,Agriculture,1,43.15807559519539,-5.647247849676652
2023,Aller,Rumanía,26-35,Construction,1,43.14677638027483,-5.633481901938725
2023,Aller,Rumanía,26-35,Industry,1,43.14670929456703,-5.65092047619397
2023,Aller,Rumanía,26-35,Unemployed/Seeking,1,43.13451176516358,-5.644180165879106
2023,Aller,Rumanía,36-50,Services,1,43.14692033345192,-5.663551163824436
2023,Aller,Rumanía,36-50,Agriculture,2,43.16282396668673,-5.6535552883347675
2023,Aller,Rumanía,36-50,Construction,1,43.13571812127693,-5.639151372110501
2023,Aller,Rumanía,36-50,Industry,1,43.146970359110185,-5.64551122347573
2023,Aller,Rumanía,36-50,Unemployed/Seeking,1,43.14637837954989,-5.631506832332164
2023,Aller,Rumanía,51-65,Services,1,43.13503065998249,-5.633449049721223
2023,Aller,Rumanía,51-65,Agriculture,1,43.166202387355014,-5.665073246935177
2023,Aller,Rumanía,51-65,Construction,1,43.15479292974817,-5.632624112694565
2023,Aller,Rumanía,51-65,Industry,1,43.142373419539865,-5.6411479966039675
2023,Aller,Rumanía,51-65,Unemployed/Seeking,1,43.1660321225411,-5.631440616232728
2023,Aller,Rumanía,65+,Services,1,43.15157751749598,-5.6438110204681315
2023,Aller,Rumanía,65+,Agriculture,1,43.132182096459125,-5.640247129656266
2023,Aller,Rumanía,65+,Construction,1,43.16772689936261,-5.641314503751691
2023,Aller,Rumanía,65+,Industry,1,43.15062629698523,-5.635505410439996
2023,Aller,Rumanía,65+,Unemployed/Seeking,1,43.14778419494053,-5.644644738188332
2023,Aller,Marruecos,18-25,Services,1,43.16977861858257,-5.666410533763593
2023,Aller,Marruecos,18-25,Agriculture,1,43.16559841795202,-5.6403759833505624
2023,Aller,Marruecos,18-25,Construction,1,43.15184338854353,-5.646729052697474
2023,Aller,Marruecos,18-25,Industry,1,43.160714713066405,-5.63818281191531
2023,Aller,Marruecos,18-25,Unemployed/Seeking,1,43.16690234592588,-5.668837360101347
2023,Aller,Marruecos,26-35,Services,1,43.15773805704334,-5.638367732984573
2023,Aller,Marruecos,26-35,Agriculture,1,43.156377587325906,-5.6606314988901705
2023,Aller,Marruecos,26-35,Construction,1,43.13041584702929,-5.630556826820826
2023,Aller,Marruecos,26-35,Industry,1,43.162836038333246,-5.648070996385249
2023,Aller,Marruecos,26-35,Unemployed/Seeking,1,43.14246978326542,-5.635715748981747
2023,Aller,Marruecos,36-50,Services,1,43.16315911037568,-5.643066962417284
2023,Aller,Marruecos,36-50,Agriculture,1,43.134076288708314,-5.642093757054648
2023,Aller,Marruecos,36-50,Construction,1,43.135823860104594,-5.649163941099731
2023,Aller,Marruecos,36-50,Industry,1,43.150306470516355,-5.637091456472938
2023,Aller,Marruecos,36-50,Unemployed/Seeking,1,43.138955014302255,-5.636769441632779
2023,Aller,Marruecos,51-65,Services,1,43.136517044136596,-5.645817106280321
2023,Aller,Marruecos,51-65,Agriculture,1,43.15089390710735,-5.657810348421574
2023,Aller,Marruecos,51-65,Construction,1,43.159021568887574,-5.6406110785521255
2023,Aller,Marruecos,51-65,Industry,1,43.13859000651296,-5.634053014188583
2023,Aller,Marruecos,51-65,Unemployed/Seeking,1,43.13554240011352,-5.666857739579956
2023,Aller,Marruecos,65+,Services,1,43.133547518889095,-5.636322368854298
2023,Aller,Marruecos,65+,Agriculture,1,43.139283536026305,-5.647116668029205
2023,Aller,Marruecos,65+,Construction,1,43.13940154279862,-5.660843975241118
2023,Aller,Marruecos,65+,Industry,1,43.16490924787928,-5.639695863431816
2023,Aller,Marruecos,65+,Unemployed/Seeking,1,43.13247555676754,-5.642280143101205
2023,Aller,Colombia,18-25,Services,1,43.15766786557988,-5.650797471472907
2023,Aller,Colombia,18-25,Agriculture,1,43.149640700835675,-5.632493452068891
2023,Aller,Colombia,18-25,Construction,1,43.140088165463446,-5.636226852096079
2023,Aller,Colombia,18-25,Industry,1,43.15206945950855,-5.667077918425673
2023,Aller,Colombia,18-25,Unemployed/Seeking,1,43.13405395179644,-5.649813099848962
2023,Aller,Colombia,26-35,Services,1,43.16845783051482,-5.651773357281227
2023,Aller,Colombia,26-35,Agriculture,1,43.16539250879522,-5.661611551349157
2023,Aller,Colombia,26-35,Construction,1,43.15380679658767,-5.669820940183634
2023,Aller,Colombia,26-35,Industry,1,43.14524944508075,-5.645050459050888
2023,Aller,Colombia,26-35,Unemployed/Seeking,1,43.16746516164519,-5.6528834871041
2023,Aller,Colombia,36-50,Services,1,43.16866716331353,-5.661941347725219
2023,Aller,Colombia,36-50,Agriculture,1,43.149065179270295,-5.659310140230731
2023,Aller,Colombia,36-50,Construction,1,43.14995613254517,-5.636857103664308
2023,Aller,Colombia,36-50,Industry,1,43.16944062574524,-5.666957910943123
2023,Aller,Colombia,36-50,Unemployed/Seeking,1,43.13176943396098,-5.638584004496907
2023,Aller,Colombia,51-65,Services,1,43.15275323062074,-5.6517731519127015
2023,Aller,Colombia,51-65,Agriculture,1,43.13061675734272,-5.632678473200831
2023,Aller,Colombia,51-65,Construction,1,43.167461087629725,-5.666488457813314
2023,Aller,Colombia,51-65,Industry,1,43.1659901596785,-5.663688976233537
2023,Aller,Colombia,51-65,Unemployed/Seeking,1,43.16440380219189,-5.640892543788191
2023,Aller,Colombia,65+,Services,1,43.13023167050691,-5.6498848212602955
2023,Aller,Colombia,65+,Agriculture,1,43.16561090115399,-5.641738289604215
2023,Aller,Colombia,65+,Construction,1,43.16713664834143,-5.652437985779447
2023,Aller,Colombia,65+,Industry,1,43.16373925269386,-5.638803713209161
2023,Aller,Colombia,65+,Unemployed/Seeking,1,43.13932057785257,-5.660651570195678
2023,Aller,Venezuela,18-25,Services,1,43.1555897895611,-5.652002940297121
2023,Aller,Venezuela,18-25,Agriculture,1,43.13226542128407,-5.655964687569229
2023,Aller,Venezuela,18-25,Construction,1,43.14256556760897,-5.659200900971699
2023,Aller,Venezuela,18-25,Industry,1,43.13263742309541,-5.6538125109200275
2023,Aller,Venezuela,18-25,Unemployed/Seeking,1,43.13971720097644,-5.648532927765209
2023,Aller,Venezuela,26-35,Services,1,43.13630104404615,-5.649668963367144
2023,Aller,Venezuela,26-35,Agriculture,1,43.13499434022296,-5.661619007352673
2023,Aller,Venezuela,26-35,Construction,1,43.1399468058073,-5.642013940199044
2023,Aller,Venezuela,26-35,Industry,1,43.141169784579404,-5.636241298740045
2023,Aller,Venezuela,26-35,Unemployed/Seeking,1,43.15070586325308,-5.644124466732191
2023,Aller,Venezuela,36-50,Services,1,43.1376844280688,-5.669739594684247
2023,Aller,Venezuela,36-50,Agriculture,1,43.144980578995465,-5.649137379956533
2023,Aller,Venezuela,36-50,Construction,1,43.161847620934104,-5.651612887771819
2023,Aller,Venezuela,36-50,Industry,1,43.1525520969616,-5.641873928696006
2023,Aller,Venezuela,36-50,Unemployed/Seeking,1,43.16967523056676,-5.6480430892245534
2023,Aller,Venezuela,51-65,Services,1,43.15045793138284,-5.659398675397635
2023,Aller,Venezuela,51-65,Agriculture,1,43.15444060660699,-5.667851649623934
2023,Aller,Venezuela,51-65,Construction,1,43.16463606285516,-5.66494102045374
2023,Aller,Venezuela,51-65,Industry,1,43.14028193976166,-5.664609729091852
2023,Aller,Venezuela,51-65,Unemployed/Seeking,1,43.152460848835005,-5.641143525764323
2023,Aller,Venezuela,65+,Services,1,43.13954253463555,-5.6668036976550695
2023,Aller,Venezuela,65+,Agriculture,1,43.16300031768892,-5.644754927759663
2023,Aller,Venezuela,65+,Construction,1,43.14877693835842,-5.659299063432047
2023,Aller,Venezuela,65+,Industry,1,43.164528254099096,-5.63712802052048
2023,Aller,Venezuela,65+,Unemployed/Seeking,1,43.14332343516843,-5.63688956058985
2023,Aller,Resto de España,18-25,Services,1,43.16596921453173,-5.630652354854939
2023,Aller,Resto de España,18-25,Agriculture,1,43.144597537354926,-5.630701646784851
2023,Aller,Resto de España,18-25,Construction,1,43.151385234015805,-5.667930150627921
2023,Aller,Resto de España,18-25,Industry,1,43.138975870858836,-5.665095921732644
2023,Aller,Resto de España,18-25,Unemployed/Seeking,1,43.13839421731519,-5.662950829362792
2023,Aller,Resto de España,26-35,Services,1,43.13031020890137,-5.65716403173757
2023,Aller,Resto de España,26-35,Agriculture,1,43.157410554601064,-5.633452118222784
2023,Aller,Resto de España,26-35,Construction,1,43.13979904662214,-5.638374285578813
2023,Aller,Resto de España,26-35,Industry,1,43.168588458198776,-5.641706748926045
2023,Aller,Resto de España,26-35,Unemployed/Seeking,1,43.1577039346325,-5.656266322494828
2023,Aller,Resto de España,36-50,Services,1,43.137926205115875,-5.656002399943272
2023,Aller,Resto de España,36-50,Agriculture,1,43.13134833169629,-5.64775735174792
2023,Aller,Resto de España,36-50,Construction,1,43.152718659111784,-5.641303597861553
2023,Aller,Resto de España,36-50,Industry,1,43.145707327907296,-5.632101373835535
2023,Aller,Resto de España,36-50,Unemployed/Seeking,1,43.13347027234435,-5.640468424212743
2023,Aller,Resto de España,51-65,Services,1,43.15653581619898,-5.661928235106036
2023,Aller,Resto de España,51-65,Agriculture,1,43.144996533347495,-5.661048932708344
2023,Aller,Resto de España,51-65,Construction,1,43.16704678338044,-5.652833185404394
2023,Aller,Resto de España,51-65,Industry,1,43.15786012710507,-5.663056319769893
2023,Aller,Resto de España,51-65,Unemployed/Seeking,1,43.13356243375336,-5.649562644365029
2023,Aller,Resto de España,65+,Services,1,43.16028750617822,-5.6367158414638485
2023,Aller,Resto de España,65+,Agriculture,1,43.14705587140465,-5.664513932966483
2023,Aller,Resto de España,65+,Construction,1,43.16248722043093,-5.632576757946233
2023,Aller,Resto de España,65+,Industry,1,43.150256457521365,-5.659300307061819
2023,Aller,Resto de España,65+,Unemployed/Seeking,1,43.16580158676132,-5.6580197596197275
2023,Aller,Otros,18-25,Services,1,43.13247300913637,-5.664881137102314
2023,Aller,Otros,18-25,Agriculture,1,43.15968261358611,-5.647207097436803
2023,Aller,Otros,18-25,Construction,1,43.144110083030924,-5.659435157367249
2023,Aller,Otros,18-25,Industry,1,43.15205537239776,-5.669811390123928
2023,Aller,Otros,18-25,Unemployed/Seeking,1,43.146812346232856,-5.651247119059115
2023,Aller,Otros,26-35,Services,1,43.130007319488875,-5.637107873430735
2023,Aller,Otros,26-35,Agriculture,1,43.16284966051508,-5.634990278118388
2023,Aller,Otros,26-35,Construction,1,43.1623578343129,-5.6611521612005555
2023,Aller,Otros,26-35,Industry,1,43.152291865646816,-5.659266071741136
2023,Aller,Otros,26-35,Unemployed/Seeking,1,43.16456383133461,-5.642383994305692
2023,Aller,Otros,36-50,Services,1,43.15031795033129,-5.6673783701407645
2023,Aller,Otros,36-50,Agriculture,1,43.156379725010886,-5.665307587050455
2023,Aller,Otros,36-50,Construction,1,43.16269173813832,-5.661567758446818
2023,Aller,Otros,36-50,Industry,1,43.133612877170975,-5.658251892267123
2023,Aller,Otros,36-50,Unemployed/Seeking,1,43.16743542679124,-5.648508795267351
2023,Aller,Otros,51-65,Services,1,43.1657290965601,-5.654428288265736
2023,Aller,Otros,51-65,Agriculture,1,43.14763341290593,-5.64205137374207
2023,Aller,Otros,51-65,Construction,1,43.14254888742506,-5.641325286955509
2023,Aller,Otros,51-65,Industry,1,43.15576581523293,-5.6408648702593736
2023,Aller,Otros,51-65,Unemployed/Seeking,1,43.15990090836601,-5.664731821969199
2023,Aller,Otros,65+,Services,1,43.14348787200803,-5.661009687331175
2023,Aller,Otros,65+,Agriculture,1,43.151016969818066,-5.657364421410325
2023,Aller,Otros,65+,Construction,1,43.13772682755229,-5.643722858848906
2023,Aller,Otros,65+,Industry,1,43.15113493231989,-5.634035878969081
2023,Aller,Otros,65+,Unemployed/Seeking,1,43.163327543886815,-5.631701364860725
2023,Mieres,Rumanía,18-25,Services,3,43.23791374323985,-5.758382357729646
2023,Mieres,Rumanía,18-25,Agriculture,4,43.24360602226704,-5.794074267138356
2023,Mieres,Rumanía,18-25,Construction,4,43.23669414745341,-5.77228916173099
2023,Mieres,Rumanía,18-25,Industry,3,43.23553347009285,-5.754798553298619
2023,Mieres,Rumanía,18-25,Unemployed/Seeking,2,43.23519908761098,-5.786543016485004
2023,Mieres,Rumanía,26-35,Services,2,43.254944879715964,-5.776856503769279
2023,Mieres,Rumanía,26-35,Agriculture,3,43.251775318614484,-5.790577788585847
2023,Mieres,Rumanía,26-35,Construction,2,43.25438967958797,-5.773333639322417
2023,Mieres,Rumanía,26-35,Industry,4,43.23760488267065,-5.775638038009977
2023,Mieres,Rumanía,26-35,Unemployed/Seeking,3,43.23985752862433,-5.779360777084631
2023,Mieres,Rumanía,36-50,Services,3,43.265871985089355,-5.770557544006975
2023,Mieres,Rumanía,36-50,Agriculture,2,43.23982597614153,-5.78699763620417
2023,Mieres,Rumanía,36-50,Construction,5,43.26607193101411,-5.760331110070009
2023,Mieres,Rumanía,36-50,Industry,4,43.25836596256865,-5.788197145811914
2023,Mieres,Rumanía,36-50,Unemployed/Seeking,3,43.261758508985025,-5.758648356036733
2023,Mieres,Rumanía,51-65,Services,1,43.26161881939277,-5.756758458857744
2023,Mieres,Rumanía,51-65,Agriculture,3,43.266074444942504,-5.787797637028778
2023,Mieres,Rumanía,51-65,Construction,2,43.24580925890658,-5.770738516502595
2023,Mieres,Rumanía,51-65,Industry,4,43.266339371818574,-5.775254050886794
2023,Mieres,Rumanía,51-65,Unemployed/Seeking,3,43.23337475749207,-5.771621971761525
2023,Mieres,Rumanía,65+,Services,4,43.26974560152038,-5.760924892310447
2023,Mieres,Rumanía,65+,Agriculture,3,43.2619971580704,-5.773993360811858
2023,Mieres,Rumanía,65+,Construction,1,43.25888161671591,-5.769853679945922
2023,Mieres,Rumanía,65+,Industry,2,43.242216124001814,-5.78392653752296
2023,Mieres,Rumanía,65+,Unemployed/Seeking,3,43.25284177170443,-5.781512182810218
2023,Mieres,Marruecos,18-25,Services,2,43.241668154866446,-5.7847272828932965
2023,Mieres,Marruecos,18-25,Agriculture,2,43.24879344829471,-5.790957077666729
2023,Mieres,Marruecos,18-25,Construction,4,43.24609986455848,-5.7921664745289165
2023,Mieres,Marruecos,18-25,Industry,4,43.264575296167436,-5.75894813956241
2023,Mieres,Marruecos,18-25,Unemployed/Seeking,4,43.24273425530504,-5.760039003602136
2023,Mieres,Marruecos,26-35,Services,2,43.24862737312046,-5.768666213881643
2023,Mieres,Marruecos,26-35,Agriculture,4,43.238880211937676,-5.775664379804687
2023,Mieres,Marruecos,26-35,Construction,2,43.23888344079055,-5.773141969962812
2023,Mieres,Marruecos,26-35,Industry,2,43.261930380703035,-5.770855122200057
2023,Mieres,Marruecos,26-35,Unemployed/Seeking,4,43.25000734312315,-5.780673959447881
2023,Mieres,Marruecos,36-50,Services,4,43.255331021641446,-5.767019678605794
2023,Mieres,Marruecos,36-50,Agriculture,2,43.24891401527763,-5.787910632247521
2023,Mieres,Marruecos,36-50,Construction,4,43.26904432269933,-5.7913484193756934
2023,Mieres,Marruecos,36-50,Industry,5,43.25767553097074,-5.7692646867768325
2023,Mieres,Marruecos,36-50,Unemployed/Seeking,3,43.25258823817983,-5.766522489202601
2023,Mieres,Marruecos,51-65,Services,2,43.266295057728826,-5.789020367709107
2023,Mieres,Marruecos,51-65,Agriculture,2,43.258414877705825,-5.771825954378883
2023,Mieres,Marruecos,51-65,Construction,2,43.24442816864566,-5.775761878246469
2023,Mieres,Marruecos,51-65,Industry,2,43.232973917195665,-5.762272665072093
2023,Mieres,Marruecos,51-65,Unemployed/Seeking,2,43.24253803402465,-5.7683342043017225
2023,Mieres,Marruecos,65+,Services,2,43.23061762066949,-5.759704913310572
2023,Mieres,Marruecos,65+,Agriculture,4,43.2587110939005,-5.759224125110562
2023,Mieres,Marruecos,65+,Construction,3,43.24386598163621,-5.791710416453527
2023,Mieres,Marruecos,65+,Industry,2,43.2680949091873,-5.784598462530212
2023,Mieres,Marruecos,65+,Unemployed/Seeking,1,43.23473918290214,-5.777189247645253
2023,Mieres,Colombia,18-25,Services,4,43.24833623163374,-5.784606694321288
2023,Mieres,Colombia,18-25,Agriculture,3,43.26677294367767,-5.784124773810941
2023,Mieres,Colombia,18-25,Construction,4,43.24515662870356,-5.787179805311777
2023,Mieres,Colombia,18-25,Industry,4,43.23405873465749,-5.762054595424488
2023,Mieres,Colombia,18-25,Unemployed/Seeking,2,43.25135424861137,-5.779676586869862
2023,Mieres,Colombia,26-35,Services,5,43.25089138010044,-5.776596580373122
2023,Mieres,Colombia,26-35,Agriculture,3,43.23379994942294,-5.7699434079295635
2023,Mieres,Colombia,26-35,Construction,2,43.23977943915508,-5.791367737593672
2023,Mieres,Colombia,26-35,Industry,4,43.255387632186235,-5.760730854189142
2023,Mieres,Colombia,26-35,Unemployed/Seeking,3,43.247017208833384,-5.760542008091864
2023,Mieres,Colombia,36-50,Services,3,43.23475173182706,-5.788351587861053
2023,Mieres,Colombia,36-50,Agriculture,2,43.26200039609417,-5.780358266815156
2023,Mieres,Colombia,36-50,Construction,4,43.262146051010035,-5.785260753891167
2023,Mieres,Colombia,36-50,Industry,3,43.25618656583649,-5.790309757382903
2023,Mieres,Colombia,36-50,Unemployed/Seeking,2,43.24613235130982,-5.764568281587415
2023,Mieres,Colombia,51-65,Services,3,43.267120725594765,-5.771402677477539
2023,Mieres,Colombia,51-65,Agriculture,2,43.25602474930883,-5.790482252431002
2023,Mieres,Colombia,51-65,Construction,3,43.25478847652027,-5.758117559809523
2023,Mieres,Colombia,51-65,Industry,2,43.258186339776366,-5.785274675060125
2023,Mieres,Colombia,51-65,Unemployed/Seeking,2,43.26183916131185,-5.776292205220006
2023,Mieres,Colombia,65+,Services,3,43.2484531460883,-5.757017401701546
2023,Mieres,Colombia,65+,Agriculture,1,43.260426930550125,-5.779088776777882
2023,Mieres,Colombia,65+,Construction,4,43.24496970400436,-5.761587726021808
2023,Mieres,Colombia,65+,Industry,3,43.25991102521246,-5.7804518864997645
2023,Mieres,Colombia,65+,Unemployed/Seeking,2,43.23952455507396,-5.78400917754714
2023,Mieres,Venezuela,18-25,Services,1,43.23197527837146,-5.760978587518617
2023,Mieres,Venezuela,18-25,Agriculture,3,43.25136872924489,-5.77814519631943
2023,Mieres,Venezuela,18-25,Construction,4,43.23429387838956,-5.774443214162003
2023,Mieres,Venezuela,18-25,Industry,2,43.261770333765575,-5.788042452281024
2023,Mieres,Venezuela,18-25,Unemployed/Seeking,3,43.25906701574074,-5.780892147224718
2023,Mieres,Venezuela,26-35,Services,5,43.250502144806944,-5.7740017732000855
2023,Mieres,Venezuela,26-35,Agriculture,4,43.261644682629914,-5.773728568998003
2023,Mieres,Venezuela,26-35,Construction,4,43.26252642862689,-5.760551395334878
2023,Mieres,Venezuela,26-35,Industry,2,43.23989659129968,-5.776991244300391
2023,Mieres,Venezuela,26-35,Unemployed/Seeking,3,43.236587655666696,-5.785214103356003
2023,Mieres,Venezuela,36-50,Services,4,43.26637509072852,-5.777646453661435
2023,Mieres,Venezuela,36-50,Agriculture,4,43.25064683582886,-5.783840815388198
2023,Mieres,Venezuela,36-50,Construction,2,43.26325495679134,-5.769340315351583
2023,Mieres,Venezuela,36-50,Industry,4,43.26028569706464,-5.765818743420564
2023,Mieres,Venezuela,36-50,Unemployed/Seeking,3,43.236969640567786,-5.777549256200644
2023,Mieres,Venezuela,51-65,Services,4,43.239149864753834,-5.758646163542957
2023,Mieres,Venezuela,51-65,Agriculture,2,43.269079097242546,-5.7894148129778
2023,Mieres,Venezuela,51-65,Construction,1,43.24975081628674,-5.779821599845201
2023,Mieres,Venezuela,51-65,Industry,4,43.26693678642692,-5.772755728366231
2023,Mieres,Venezuela,51-65,Unemployed/Seeking,3,43.26705307977185,-5.755174853281797
2023,Mieres,Venezuela,65+,Services,2,43.249797745523765,-5.7852949164779055
2023,Mieres,Venezuela,65+,Agriculture,3,43.25951202934619,-5.793188619120902
2023,Mieres,Venezuela,65+,Construction,2,43.24935432457594,-5.78949804958227
2023,Mieres,Venezuela,65+,Industry,2,43.24559902541385,-5.765551580049455
2023,Mieres,Venezuela,65+,Unemployed/Seeking,3,43.25823116940419,-5.788353314966009
2023,Mieres,Resto de España,18-25,Services,2,43.23432133455197,-5.758458995046797
2023,Mieres,Resto de España,18-25,Agriculture,4,43.26755200024052,-5.759864562758013
2023,Mieres,Resto de España,18-25,Construction,3,43.235147261536234,-5.781519601018932
2023,Mieres,Resto de España,18-25,Industry,2,43.267882095848876,-5.760456171758628
2023,Mieres,Resto de España,18-25,Unemployed/Seeking,1,43.270193577809245,-5.76332866972217
2023,Mieres,Resto de España,26-35,Services,3,43.24247339431253,-5.792585003808369
2023,Mieres,Resto de España,26-35,Agriculture,3,43.24627046415199,-5.771073192833557
2023,Mieres,Resto de España,26-35,Construction,3,43.258398907829644,-5.778862663162666
2023,Mieres,Resto de España,26-35,Industry,4,43.266194419699005,-5.785515474143765
2023,Mieres,Resto de España,26-35,Unemployed/Seeking,4,43.26076816154672,-5.79086323698483
2023,Mieres,Resto de España,36-50,Services,3,43.23215598722721,-5.770085549848053
2023,Mieres,Resto de España,36-50,Agriculture,4,43.25011114868388,-5.782248122861944
2023,Mieres,Resto de España,36-50,Construction,3,43.2553700561737,-5.766108361289384
2023,Mieres,Resto de España,36-50,Industry,3,43.24676350512736,-5.758933563947369
2023,Mieres,Resto de España,36-50,Unemployed/Seeking,3,43.25512587515726,-5.780795937001701
2023,Mieres,Resto de España,51-65,Services,3,43.25834041306813,-5.767837523009551
2023,Mieres,Resto de España,51-65,Agriculture,2,43.235021778750145,-5.789757085624646
2023,Mieres,Resto de España,51-65,Construction,3,43.25379991530049,-5.778220000623454
2023,Mieres,Resto de España,51-65,Industry,1,43.24691060855462,-5.772502603347312
2023,Mieres,Resto de España,51-65,Unemployed/Seeking,2,43.23188353304986,-5.7618526201831735
2023,Mieres,Resto de España,65+,Services,2,43.266269694651,-5.764436641623427
2023,Mieres,Resto de España,65+,Agriculture,2,43.2492525949776,-5.765400828951281
2023,Mieres,Resto de España,65+,Construction,1,43.24181204403798,-5.786358204663484
2023,Mieres,Resto de España,65+,Industry,2,43.23682569369036,-5.772831401838733
2023,Mieres,Resto de España,65+,Unemployed/Seeking,2,43.24280058940185,-5.768018458729876
2023,Mieres,Otros,18-25,Services,3,43.26982074586681,-5.791893532219645
2023,Mieres,Otros,18-25,Agriculture,2,43.24982211688445,-5.7875425988259
2023,Mieres,Otros,18-25,Construction,3,43.26221675457172,-5.7843197051237425
2023,Mieres,Otros,18-25,Industry,3,43.24409188680043,-5.79141447312694
2023,Mieres,Otros,18-25,Unemployed/Seeking,3,43.24547169639311,-5.770720923044336
2023,Mieres,Otros,26-35,Services,1,43.24557682131443,-5.7592462794472725
2023,Mieres,Otros,26-35,Agriculture,2,43.25762642058046,-5.774221618473367
2023,Mieres,Otros,26-35,Construction,4,43.23622787584888,-5.779680843310938
2023,Mieres,Otros,26-35,Industry,3,43.24909626363829,-5.755555732286121
2023,Mieres,Otros,26-35,Unemployed/Seeking,4,43.266975830284565,-5.7576198163644134
2023,Mieres,Otros,36-50,Services,4,43.26662482220368,-5.785457157051774
2023,Mieres,Otros,36-50,Agriculture,2,43.26467645282431,-5.7589610785355365
2023,Mieres,Otros,36-50,Construction,3,43.268042178041505,-5.775924025928677
2023,Mieres,Otros,36-50,Industry,3,43.25291952925314,-5.7712465174163485
2023,Mieres,Otros,36-50,Unemployed/Seeking,4,43.23698986674817,-5.783916443276899
2023,Mieres,Otros,51-65,Services,3,43.252127235037044,-5.7728066507999305
2023,Mieres,Otros,51-65,Agriculture,3,43.252737303047,-5.777411700821814
2023,Mieres,Otros,51-65,Construction,3,43.23616352413371,-5.772872866498273
2023,Mieres,Otros,51-65,Industry,2,43.238617114056694,-5.757692706769622
2023,Mieres,Otros,51-65,Unemployed/Seeking,2,43.26548379530238,-5.78571069160477
2023,Mieres,Otros,65+,Services,2,43.2653523404442,-5.76283516162422
2023,Mieres,Otros,65+,Agriculture,2,43.23747825230873,-5.7869859212348915
2023,Mieres,Otros,65+,Construction,4,43.23315901302518,-5.7937871811002974
2023,Mieres,Otros,65+,Industry,3,43.25166504424874,-5.767232148301437
2023,Mieres,Otros,65+,Unemployed/Seeking,1,43.24877046371232,-5.783180158085274
2023,Langreo,Rumanía,18-25,Services,1,43.28139849229621,-5.702022674927032
2023,Langreo,Rumanía,18-25,Agriculture,2,43.28709640360166,-5.692000624348824
2023,Langreo,Rumanía,18-25,Construction,2,43.304570549554796,-5.671970637468403
2023,Langreo,Rumanía,18-25,Industry,1,43.2955878644677,-5.698488858407625
2023,Langreo,Rumanía,18-25,Unemployed/Seeking,1,43.30190846755353,-5.669766700603101
2023,Langreo,Rumanía,26-35,Services,1,43.31530246703653,-5.701438357399825
2023,Langreo,Rumanía,26-35,Agriculture,1,43.27824100228762,-5.699259612765274
2023,Langreo,Rumanía,26-35,Construction,2,43.30437717350784,-5.690697672236578
2023,Langreo,Rumanía,26-35,Industry,1,43.30314330171528,-5.67796133677938
2023,Langreo,Rumanía,26-35,Unemployed/Seeking,2,43.27802038989179,-5.691754731418846
2023,Langreo,Rumanía,36-50,Services,2,43.30138412675443,-5.694055676207213
2023,Langreo,Rumanía,36-50,Agriculture,3,43.29362376019768,-5.694827991523236
2023,Langreo,Rumanía,36-50,Construction,1,43.29801760552874,-5.699207126447511
2023,Langreo,Rumanía,36-50,Industry,2,43.2880945769238,-5.698126785958509
2023,Langreo,Rumanía,36-50,Unemployed/Seeking,1,43.28600181177204,-5.696541924267997
2023,Langreo,Rumanía,51-65,Services,1,43.28395170542011,-5.667713434350051
2023,Langreo,Rumanía,51-65,Agriculture,2,43.30893838871002,-5.67885412316433
2023,Langreo,Rumanía,51-65,Construction,3,43.30375008559264,-5.699179071412803
2023,Langreo,Rumanía,51-65,Industry,1,43.3047481808379,-5.700796751059346
2023,Langreo,Rumanía,51-65,Unemployed/Seeking,1,43.2944552768707,-5.682137050154995
2023,Langreo,Rumanía,65+,Services,1,43.29630546096372,-5.697423666001606
2023,Langreo,Rumanía,65+,Agriculture,2,43.287690755481535,-5.697560358011117
2023,Langreo,Rumanía,65+,Construction,2,43.27672717695527,-5.697047228409222
2023,Langreo,Rumanía,65+,Industry,1,43.3101948680753,-5.689353057325814
2023,Langreo,Rumanía,65+,Unemployed/Seeking,1,43.28013302854202,-5.67433348409684
2023,Langreo,Marruecos,18-25,Services,1,43.30851964105597,-5.702755097525325
2023,Langreo,Marruecos,18-25,Agriculture,1,43.30613617903879,-5.665705878584488
2023,Langreo,Marruecos,18-25,Construction,1,43.29335678615208,-5.687162968389289
2023,Langreo,Marruecos,18-25,Industry,1,43.284221321311016,-5.664983429968723
2023,Langreo,Marruecos,18-25,Unemployed/Seeking,2,43.2845023828695,-5.687112216425867
2023,Langreo,Marruecos,26-35,Services,1,43.30803754262836,-5.691006635740932
2023,Langreo,Marruecos,26-35,Agriculture,1,43.28801123422117,-5.694040446206178
2023,Langreo,Marruecos,26-35,Construction,1,43.28521076338047,-5.673537373710755
2023,Langreo,Marruecos,26-35,Industry,1,43.279717274329144,-5.669105544640429
2023,Langreo,Marruecos,26-35,Unemployed/Seeking,1,43.31095970967731,-5.683063194501516
2023,Langreo,Marruecos,36-50,Services,1,43.28333013355214,-5.6777724730037065
2023,Langreo,Marruecos,36-50,Agriculture,1,43.297803450869054,-5.666544489422981
2023,Langreo,Marruecos,36-50,Construction,1,43.29829084288155,-5.674955648543303
2023,Langreo,Marruecos,36-50,Industry,1,43.29860524346647,-5.6938065993945335
2023,Langreo,Marruecos,36-50,Unemployed/Seeking,1,43.31014753263047,-5.678197654806508
2023,Langreo,Marruecos,51-65,Services,1,43.3079077157291,-5.686963363259866
2023,Langreo,Marruecos,51-65,Agriculture,1,43.30363246014518,-5.67228204626344
2023,Langreo,Marruecos,51-65,Construction,2,43.31069903477852,-5.673960516728292
2023,Langreo,Marruecos,51-65,Industry,1,43.27742529954309,-5.668772972113651
2023,Langreo,Marruecos,51-65,Unemployed/Seeking,1,43.27709335260004,-5.700410848058492
2023,Langreo,Marruecos,65+,Services,1,43.28625311883352,-5.689375425942368
2023,Langreo,Marruecos,65+,Agriculture,1,43.299784884435155,-5.683986836658992
2023,Langreo,Marruecos,65+,Construction,2,43.31268458396551,-5.695536911147838
2023,Langreo,Marruecos,65+,Industry,1,43.30863203753654,-5.697692947706698
2023,Langreo,Marruecos,65+,Unemployed/Seeking,1,43.301755730930644,-5.681767641366742
2023,Langreo,Colombia,18-25,Services,1,43.276788886629504,-5.696638673981191
2023,Langreo,Colombia,18-25,Agriculture,1,43.28097647351605,-5.685618675328761
2023,Langreo,Colombia,18-25,Construction,2,43.296488368730536,-5.7025255855710535
2023,Langreo,Colombia,18-25,Industry,1,43.297823149987416,-5.68254761382328
2023,Langreo,Colombia,18-25,Unemployed/Seeking,1,43.29019641566669,-5.7026753922423525
2023,Langreo,Colombia,26-35,Services,1,43.30491201802765,-5.70218456482914
2023,Langreo,Colombia,26-35,Agriculture,1,43.28493590995542,-5.6971956647043
2023,Langreo,Colombia,26-35,Construction,1,43.29364804954098,-5.66456666256916
2023,Langreo,Colombia,26-35,Industry,2,43.306892576663564,-5.694442879812845
2023,Langreo,Colombia,26-35,Unemployed/Seeking,1,43.29272025372608,-5.6664663329904625
2023,Langreo,Colombia,36-50,Services,3,43.28907151666377,-5.693339746785698
2023,Langreo,Colombia,36-50,Agriculture,2,43.284558553403016,-5.677799063709858
2023,Langreo,Colombia,36-50,Construction,2,43.28631433197106,-5.6848534051902275
2023,Langreo,Colombia,36-50,Industry,2,43.30915616915847,-5.684988230919781
2023,Langreo,Colombia,36-50,Unemployed/Seeking,1,43.30299986517984,-5.692912789249161
2023,Langreo,Colombia,51-65,Services,1,43.29817283759841,-5.686842156113325
2023,Langreo,Colombia,51-65,Agriculture,2,43.31554012007443,-5.691896385677899
2023,Langreo,Colombia,51-65,Construction,2,43.305241212247324,-5.67492414794371
2023,Langreo,Colombia,51-65,Industry,2,43.28434577573857,-5.683815258100136
2023,Langreo,Colombia,51-65,Unemployed/Seeking,2,43.31568304436406,-5.676307791454406
2023,Langreo,Colombia,65+,Services,2,43.28921241294463,-5.681306216204045
2023,Langreo,Colombia,65+,Agriculture,2,43.29305844984435,-5.701065940776672
2023,Langreo,Colombia,65+,Construction,1,43.28085877914873,-5.678385809904828
2023,Langreo,Colombia,65+,Industry,1,43.29662037138889,-5.665714052166321
2023,Langreo,Colombia,65+,Unemployed/Seeking,1,43.27986963137134,-5.69552698670173
2023,Langreo,Venezuela,18-25,Services,1,43.28772512741262,-5.665292846119128
2023,Langreo,Venezuela,18-25,Agriculture,1,43.293627198530636,-5.693921989353615
2023,Langreo,Venezuela,18-25,Construction,1,43.28859492716891,-5.700199440111091
2023,Langreo,Venezuela,18-25,Industry,1,43.31282325249372,-5.68359431144021
2023,Langreo,Venezuela,18-25,Unemployed/Seeking,1,43.29468443324675,-5.685032271997447
2023,Langreo,Venezuela,26-35,Services,2,43.31471671188054,-5.693007460182683
2023,Langreo,Venezuela,26-35,Agriculture,2,43.28301864419679,-5.701566856854024
2023,Langreo,Venezuela,26-35,Construction,1,43.27929929109717,-5.6947079881422935
2023,Langreo,Venezuela,26-35,Industry,1,43.287463140839456,-5.684051319108504
2023,Langreo,Venezuela,26-35,Unemployed/Seeking,1,43.285495521198435,-5.692821518083329
2023,Langreo,Venezuela,36-50,Services,2,43.29455777239544,-5.689623013394776
2023,Langreo,Venezuela,36-50,Agriculture,2,43.29003300114437,-5.686901788429821
2023,Langreo,Venezuela,36-50,Construction,1,43.28034528538146,-5.683436056944079
2023,Langreo,Venezuela,36-50,Industry,2,43.29779137290587,-5.673908870090401
2023,Langreo,Venezuela,36-50,Unemployed/Seeking,1,43.30914532496758,-5.666472609168994
2023,Langreo,Venezuela,51-65,Services,1,43.277687283744434,-5.682187236952113
2023,Langreo,Venezuela,51-65,Agriculture,1,43.285218250321876,-5.664667655070836
2023,Langreo,Venezuela,51-65,Construction,1,43.29775948243482,-5.679470851490088
2023,Langreo,Venezuela,51-65,Industry,2,43.28323185878383,-5.672372638330536
2023,Langreo,Venezuela,51-65,Unemployed/Seeking,1,43.29417476105713,-5.699253154109868
2023,Langreo,Venezuela,65+,Services,2,43.297066366476116,-5.688235213612485
2023,Langreo,Venezuela,65+,Agriculture,1,43.31233400878993,-5.674235616036364
2023,Langreo,Venezuela,65+,Construction,1,43.27785128525056,-5.6943845723797235
2023,Langreo,Venezuela,65+,Industry,1,43.307314382958175,-5.666749428016695
2023,Langreo,Venezuela,65+,Unemployed/Seeking,1,43.295364129304104,-5.688054183624646
2023,Langreo,Resto de España,18-25,Services,1,43.29431786293441,-5.700802400514571
2023,Langreo,Resto de España,18-25,Agriculture,1,43.292807973195615,-5.702178313752705
2023,Langreo,Resto de España,18-25,Construction,1,43.29681539416824,-5.69546916497582
2023,Langreo,Resto de España,18-25,Industry,1,43.2910320835124,-5.663599170317034
2023,Langreo,Resto de España,18-25,Unemployed/Seeking,2,43.30516194051264,-5.699506726351829
2023,Langreo,Resto de España,26-35,Services,1,43.28196900224849,-5.677813760556002
2023,Langreo,Resto de España,26-35,Agriculture,1,43.31641704403123,-5.671606842224956
2023,Langreo,Resto de España,26-35,Construction,2,43.28132219813236,-5.691129532997956
2023,Langreo,Resto de España,26-35,Industry,1,43.28109151876519,-5.702224579668365
2023,Langreo,Resto de España,26-35,Unemployed/Seeking,1,43.30175949361782,-5.684164800923849
2023,Langreo,Resto de España,36-50,Services,2,43.27863070425831,-5.689300856489545
2023,Langreo,Resto de España,36-50,Agriculture,1,43.28923663473842,-5.683409723113787
2023,Langreo,Resto de España,36-50,Construction,1,43.30267618798036,-5.687702981290566
2023,Langreo,Resto de España,36-50,Industry,1,43.29092886298913,-5.681337204545523
2023,Langreo,Resto de España,36-50,Unemployed/Seeking,2,43.29605273570389,-5.698555094167636
2023,Langreo,Resto de España,51-65,Services,1,43.31021721421958,-5.665631116085056
2023,Langreo,Resto de España,51-65,Agriculture,1,43.308179560870435,-5.66949463786128
2023,Langreo,Resto de España,51-65,Construction,1,43.295606824378126,-5.686081587513414
2023,Langreo,Resto de España,51-65,Industry,2,43.29695397917917,-5.684162670576641
2023,Langreo,Resto de España,51-65,Unemployed/Seeking,1,43.292252246014954,-5.664902524291464
2023,Langreo,Resto de España,65+,Services,1,43.30946584707476,-5.687215798852671
2023,Langreo,Resto de España,65+,Agriculture,1,43.31438269547455,-5.684664437215402
2023,Langreo,Resto de España,65+,Construction,1,43.28952354985397,-5.698579498128258
2023,Langreo,Resto de España,65+,Industry,1,43.292654717457886,-5.6743410562057
2023,Langreo,Resto de España,65+,Unemployed/Seeking,1,43.300509244887394,-5.696745185839198
2023,Langreo,Otros,18-25,Services,1,43.31299213648151,-5.700378216935885
2023,Langreo,Otros,18-25,Agriculture,1,43.30739168496727,-5.688015376963547
2023,Langreo,Otros,18-25,Construction,1,43.31619986908774,-5.6708172509288035
2023,Langreo,Otros,18-25,Industry,1,43.278708463636136,-5.677657344897362
2023,Langreo,Otros,18-25,Unemployed/Seeking,1,43.287179508256884,-5.677217463834211
2023,Langreo,Otros,26-35,Services,1,43.3063563767445,-5.680271741746943
2023,Langreo,Otros,26-35,Agriculture,2,43.303528358758655,-5.696491761865561
2023,Langreo,Otros,26-35,Construction,1,43.31025519669152,-5.69505953765709
2023,Langreo,Otros,26-35,Industry,1,43.305176437740066,-5.672270294280251
2023,Langreo,Otros,26-35,Unemployed/Seeking,2,43.28996768001715,-5.703320982085963
2023,Langreo,Otros,36-50,Services,1,43.29942324082317,-5.691393867335241
2023,Langreo,Otros,36-50,Agriculture,2,43.2811649675945,-5.66569273432121
2023,Langreo,Otros,36-50,Construction,2,43.31280766088769,-5.702518793954444
2023,Langreo,Otros,36-50,Industry,2,43.304862967648866,-5.687907143994393
2023,Langreo,Otros,36-50,Unemployed/Seeking,1,43.30591616712998,-5.6953968834459285
2023,Langreo,Otros,51-65,Services,1,43.28983839094644,-5.670007207619554
2023,Langreo,Otros,51-65,Agriculture,1,43.3107388508023,-5.6886084194514295
2023,Langreo,Otros,51-65,Construction,1,43.30390266593995,-5.68078512848089
2023,Langreo,Otros,51-65,Industry,1,43.29470580294286,-5.691432122018435
2023,Langreo,Otros,51-65,Unemployed/Seeking,1,43.31440158235214,-5.679245695077525
2023,Langreo,Otros,65+,Services,1,43.31627611715378,-5.664643631779469
2023,Langreo,Otros,65+,Agriculture,2,43.28766347955899,-5.702320159315943
2023,Langreo,Otros,65+,Construction,2,43.2846001501722,-5.694749616144748
2023,Langreo,Otros,65+,Industry,2,43.28137718841734,-5.701107468744979
2023,Langreo,Otros,65+,Unemployed/Seeking,1,43.3075222283149,-5.674454047765067
2023,Oviedo,Rumanía,18-25,Services,4,43.345532797009255,-5.8622707041202515
2023,Oviedo,Rumanía,18-25,Agriculture,7,43.34673571198862,-5.8328091546311045
2023,Oviedo,Rumanía,18-25,Construction,4,43.347979699751036,-5.86490019881661
2023,Oviedo,Rumanía,18-25,Industry,5,43.37031389433575,-5.852263133656601
2023,Oviedo,Rumanía,18-25,Unemployed/Seeking,6,43.35642570276986,-5.8605387070976125
2023,Oviedo,Rumanía,26-35,Services,3,43.34422968495085,-5.867352967203392
2023,Oviedo,Rumanía,26-35,Agriculture,11,43.34562899562411,-5.841201733835973
2023,Oviedo,Rumanía,26-35,Construction,4,43.375088518876105,-5.840308623963002
2023,Oviedo,Rumanía,26-35,Industry,8,43.375217023275745,-5.861408154973913
2023,Oviedo,Rumanía,26-35,Unemployed/Seeking,9,43.351274468323915,-5.852826549335089
2023,Oviedo,Rumanía,36-50,Services,9,43.37691394562326,-5.8502701185424435
2023,Oviedo,Rumanía,36-50,Agriculture,4,43.34243409193379,-5.843108861391571
2023,Oviedo,Rumanía,36-50,Construction,4,43.34473273713647,-5.84012247433636
2023,Oviedo,Rumanía,36-50,Industry,6,43.363442680927285,-5.83342739246954
2023,Oviedo,Rumanía,36-50,Unemployed/Seeking,4,43.3765780196336,-5.855186220353455
2023,Oviedo,Rumanía,51-65,Services,5,43.36679926391,-5.83270993981439
2023,Oviedo,Rumanía,51-65,Agriculture,5,43.37506304474608,-5.852020223048231
2023,Oviedo,Rumanía,51-65,Construction,9,43.35204986192784,-5.855703829004774
2023,Oviedo,Rumanía,51-65,Industry,4,43.36236753334163,-5.849474674147672
2023,Oviedo,Rumanía,51-65,Unemployed/Seeking,5,43.36945056710263,-5.852453620086267
2023,Oviedo,Rumanía,65+,Services,5,43.36881193727489,-5.845421093604843
2023,Oviedo,Rumanía,65+,Agriculture,3,43.35982702873129,-5.869110137247357
2023,Oviedo,Rumanía,65+,Construction,8,43.34952929896907,-5.857181462540063
2023,Oviedo,Rumanía,65+,Industry,3,43.35216599443194,-5.857079252719188
2023,Oviedo,Rumanía,65+,Unemployed/Seeking,5,43.353127231520475,-5.833355763109521
2023,Oviedo,Marruecos,18-25,Services,3,43.3430783857052,-5.854473597871126
2023,Oviedo,Marruecos,18-25,Agriculture,5,43.36366660497158,-5.84171131107876
2023,Oviedo,Marruecos,18-25,Construction,6,43.350940965144574,-5.840740608569767
2023,Oviedo,Marruecos,18-25,Industry,7,43.357051993022075,-5.838393039229475
2023,Oviedo,Marruecos,18-25,Unemployed/Seeking,3,43.358536823640044,-5.869267940065103
2023,Oviedo,Marruecos,26-35,Services,3,43.34197330289226,-5.8379971572059945
2023,Oviedo,Marruecos,26-35,Agriculture,4,43.3557460060954,-5.855328524980737
2023,Oviedo,Marruecos,26-35,Construction,4,43.36930565820061,-5.835167539573884
2023,Oviedo,Marruecos,26-35,Industry,3,43.34765452933878,-5.837827842550581
2023,Oviedo,Marruecos,26-35,Unemployed/Seeking,4,43.346950582056294,-5.864888937804429
2023,Oviedo,Marruecos,36-50,Services,3,43.359450518201534,-5.848850922396755
2023,Oviedo,Marruecos,36-50,Agriculture,4,43.37959094262734,-5.854396993571838
2023,Oviedo,Marruecos,36-50,Construction,3,43.34969995463465,-5.848596318365363
2023,Oviedo,Marruecos,36-50,Industry,4,43.36399581633775,-5.86108739199998
2023,Oviedo,Marruecos,36-50,Unemployed/Seeking,6,43.38092302568511,-5.849413518674358
2023,Oviedo,Marruecos,51-65,Services,7,43.34863323651878,-5.8443778484643865
2023,Oviedo,Marruecos,51-65,Agriculture,3,43.35119490201924,-5.854983931515316
2023,Oviedo,Marruecos,51-65,Construction,6,43.3718135495151,-5.855111632344917
2023,Oviedo,Marruecos,51-65,Industry,3,43.37972755219472,-5.837511490134805
2023,Oviedo,Marruecos,51-65,Unemployed/Seeking,3,43.37421855383275,-5.83650584307943
2023,Oviedo,Marruecos,65+,Services,4,43.35413616961317,-5.859860433980399
2023,Oviedo,Marruecos,65+,Agriculture,4,43.35905913738338,-5.861975818605596
2023,Oviedo,Marruecos,65+,Construction,5,43.36429520191659,-5.84314576603717
2023,Oviedo,Marruecos,65+,Industry,6,43.34845980489166,-5.845445485797996
2023,Oviedo,Marruecos,65+,Unemployed/Seeking,4,43.36435525814648,-5.846833864867193
2023,Oviedo,Colombia,18-25,Services,7,43.35498625431063,-5.8491808680003015
2023,Oviedo,Colombia,18-25,Agriculture,4,43.344053037311454,-5.848796642893794
2023,Oviedo,Colombia,18-25,Construction,6,43.362049366713414,-5.864585783746717
2023,Oviedo,Colombia,18-25,Industry,4,43.37246107484701,-5.868575185571383
2023,Oviedo,Colombia,18-25,Unemployed/Seeking,4,43.3517602373202,-5.846893161161675
2023,Oviedo,Colombia,26-35,Services,11,43.36867527436309,-5.842095456659164
2023,Oviedo,Colombia,26-35,Agriculture,4,43.35135885422423,-5.859569049073983
2023,Oviedo,Colombia,26-35,Construction,4,43.35791412158469,-5.838020872180991
2023,Oviedo,Colombia,26-35,Industry,8,43.35120200276171,-5.832555256637347
2023,Oviedo,Colombia,26-35,Unemployed/Seeking,5,43.3455080520162,-5.84844303004967
2023,Oviedo,Colombia,36-50,Services,4,43.374174106360314,-5.858233217219139
2023,Oviedo,Colombia,36-50,Agriculture,7,43.3753835907071,-5.861838882934972
2023,Oviedo,Colombia,36-50,Construction,7,43.36364247390747,-5.839026732930636
2023,Oviedo,Colombia,36-50,Industry,5,43.35039208268908,-5.865256264139713
2023,Oviedo,Colombia,36-50,Unemployed/Seeking,8,43.3684739383632,-5.865443015977715
2023,Oviedo,Colombia,51-65,Services,8,43.36290104690596,-5.853401322972533
2023,Oviedo,Colombia,51-65,Agriculture,6,43.342665344133394,-5.845823196740898
2023,Oviedo,Colombia,51-65,Construction,6,43.35392013005087,-5.865205811556822
2023,Oviedo,Colombia,51-65,Industry,6,43.35127054442551,-5.854866137596149
2023,Oviedo,Colombia,51-65,Unemployed/Seeking,6,43.35525119483749,-5.836782223860645
2023,Oviedo,Colombia,65+,Services,4,43.35960721234884,-5.861460239677697
2023,Oviedo,Colombia,65+,Agriculture,4,43.34777475246283,-5.8511886671884294
2023,Oviedo,Colombia,65+,Construction,3,43.36926534848652,-5.847546267384799
2023,Oviedo,Colombia,65+,Industry,6,43.37177910180605,-5.845271332316408
2023,Oviedo,Colombia,65+,Unemployed/Seeking,5,43.352494226270416,-5.863222446959146
2023,Oviedo,Venezuela,18-25,Services,5,43.3606061168348,-5.85047027344243
2023,Oviedo,Venezuela,18-25,Agriculture,7,43.368522305660726,-5.855226633858745
2023,Oviedo,Venezuela,18-25,Construction,7,43.3493541116244,-5.854784812441846
2023,Oviedo,Venezuela,18-25,Industry,6,43.374068486537986,-5.850553851459969
2023,Oviedo,Venezuela,18-25,Unemployed/Seeking,2,43.3429701923494,-5.844645430374176
2023,Oviedo,Venezuela,26-35,Services,6,43.38122908327458,-5.841190107521126
2023,Oviedo,Venezuela,26-35,Agriculture,5,43.374838328136455,-5.836495981005591
2023,Oviedo,Venezuela,26-35,Construction,7,43.37978415767375,-5.856890051979764
2023,Oviedo,Venezuela,26-35,Industry,3,43.380063964284446,-5.832575142388352
2023,Oviedo,Venezuela,26-35,Unemployed/Seeking,4,43.348197094702165,-5.839229403873868
2023,Oviedo,Venezuela,36-50,Services,6,43.36530150741243,-5.832200006671782
2023,Oviedo,Venezuela,36-50,Agriculture,4,43.375869859655275,-5.855751081237666
2023,Oviedo,Venezuela,36-50,Construction,9,43.36947594881016,-5.8585382780224515
2023,Oviedo,Venezuela,36-50,Industry,6,43.36853272075545,-5.851947770205613
2023,Oviedo,Venezuela,36-50,Unemployed/Seeking,5,43.35602325713251,-5.8368061734886485
2023,Oviedo,Venezuela,51-65,Services,5,43.35070723425691,-5.838758095414248
2023,Oviedo,Venezuela,51-65,Agriculture,6,43.37964653301812,-5.836219332469214
2023,Oviedo,Venezuela,51-65,Construction,6,43.35378938733301,-5.8645613952885265
2023,Oviedo,Venezuela,51-65,Industry,5,43.37130941542684,-5.859389639511229
2023,Oviedo,Venezuela,51-65,Unemployed/Seeking,7,43.37235275470688,-5.859128550665203
2023,Oviedo,Venezuela,65+,Services,8,43.349731263148655,-5.846685982155326
2023,Oviedo,Venezuela,65+,Agriculture,7,43.37700891883549,-5.843005229177353
2023,Oviedo,Venezuela,65+,Construction,5,43.38113503433011,-5.848099072967817
2023,Oviedo,Venezuela,65+,Industry,4,43.375720493391604,-5.865638745260117
2023,Oviedo,Venezuela,65+,Unemployed/Seeking,6,43.36856376996843,-5.860267538894694
2023,Oviedo,Resto de España,18-25,Services,3,43.3422128044869,-5.841573213064203
2023,Oviedo,Resto de España,18-25,Agriculture,6,43.3584750450049,-5.835729237603554
2023,Oviedo,Resto de España,18-25,Construction,6,43.34225041629327,-5.862351106980754
2023,Oviedo,Resto de España,18-25,Industry,6,43.36684666321809,-5.843890381628307
2023,Oviedo,Resto de España,18-25,Unemployed/Seeking,7,43.35604422860652,-5.8686630550710275
2023,Oviedo,Resto de España,26-35,Services,4,43.37508290751014,-5.844616224730514
2023,Oviedo,Resto de España,26-35,Agriculture,6,43.36159665880127,-5.832620836210612
2023,Oviedo,Resto de España,26-35,Construction,3,43.36185419511384,-5.852379722376426
2023,Oviedo,Resto de España,26-35,Industry,4,43.35948254712746,-5.833265432511728
2023,Oviedo,Resto de España,26-35,Unemployed/Seeking,5,43.35358419617075,-5.832146292941299
2023,Oviedo,Resto de España,36-50,Services,9,43.35723183447272,-5.848226264220212
2023,Oviedo,Resto de España,36-50,Agriculture,7,43.37455821673144,-5.832804718992537
2023,Oviedo,Resto de España,36-50,Construction,7,43.37784575288197,-5.829749502582393
2023,Oviedo,Resto de España,36-50,Industry,8,43.34497256975422,-5.862929596239007
2023,Oviedo,Resto de España,36-50,Unemployed/Seeking,6,43.380263460937115,-5.852496502059629
2023,Oviedo,Resto de España,51-65,Services,5,43.36500805603247,-5.832704730255565
2023,Oviedo,Resto de España,51-65,Agriculture,6,43.3642020833462,-5.833371234375718
2023,Oviedo,Resto de España,51-65,Construction,7,43.378828169828125,-5.8633231938428905
2023,Oviedo,Resto de España,51-65,Industry,7,43.34767096172473,-5.835695781150118
2023,Oviedo,Resto de España,51-65,Unemployed/Seeking,3,43.358696593376514,-5.8638828321289465
2023,Oviedo,Resto de España,65+,Services,3,43.370600721375645,-5.834840673883357
2023,Oviedo,Resto de España,65+,Agriculture,3,43.346148528714984,-5.842749305335566
2023,Oviedo,Resto de España,65+,Construction,7,43.3635348163169,-5.829481623863891
2023,Oviedo,Resto de España,65+,Industry,3,43.35045557656977,-5.859006267251536
2023,Oviedo,Resto de España,65+,Unemployed/Seeking,5,43.37098570249021,-5.850303278852651
2023,Oviedo,Otros,18-25,Services,5,43.34865167559503,-5.853177516740798
2023,Oviedo,Otros,18-25,Agriculture,6,43.3615632782563,-5.864311776710587
2023,Oviedo,Otros,18-25,Construction,3,43.36181120224155,-5.835816502360024
2023,Oviedo,Otros,18-25,Industry,3,43.35851186169782,-5.848876774839938
2023,Oviedo,Otros,18-25,Unemployed/Seeking,6,43.364071722399665,-5.856679033834567
2023,Oviedo,Otros,26-35,Services,9,43.34405645229327,-5.834431362036569
2023,Oviedo,Otros,26-35,Agriculture,7,43.36125154643474,-5.837132467787675
2023,Oviedo,Otros,26-35,Construction,6,43.362532840703615,-5.84452486709107
2023,Oviedo,Otros,26-35,Industry,4,43.36075399589276,-5.832427157067892
2023,Oviedo,Otros,26-35,Unemployed/Seeking,9,43.36141388115449,-5.850536460010865
2023,Oviedo,Otros,36-50,Services,8,43.37644303677456,-5.869131577911365
2023,Oviedo,Otros,36-50,Agriculture,5,43.37478131191999,-5.843509745254206
2023,Oviedo,Otros,36-50,Construction,7,43.343905188727845,-5.859362446439997
2023,Oviedo,Otros,36-50,Industry,9,43.37474537096222,-5.844852761387001
2023,Oviedo,Otros,36-50,Unemployed/Seeking,8,43.35519893176783,-5.85523832559683
2023,Oviedo,Otros,51-65,Services,5,43.34379452141572,-5.854276344893639
2023,Oviedo,Otros,51-65,Agriculture,6,43.35721158175984,-5.865332203820166
2023,Oviedo,Otros,51-65,Construction,6,43.37684023964454,-5.848803920016746
2023,Oviedo,Otros,51-65,Industry,4,43.35098765286349,-5.8482192532835064
2023,Oviedo,Otros,51-65,Unemployed/Seeking,6,43.36384640290582,-5.829876342038446
2023,Oviedo,Otros,65+,Services,5,43.35454435572985,-5.84020305520048
2023,Oviedo,Otros,65+,Agriculture,6,43.37209712399561,-5.865674064323445
2023,Oviedo,Otros,65+,Construction,2,43.34701754617512,-5.850932743928933
2023,Oviedo,Otros,65+,Industry,4,43.36892276243356,-5.8538491346100425
2023,Oviedo,Otros,65+,Unemployed/Seeking,5,43.34663579512575,-5.829909112367872
2023,Gijón,Rumanía,18-25,Services,2,43.52034936759881,-5.646768388965176
2023,Gijón,Rumanía,18-25,Agriculture,1,43.536531888589174,-5.652522934919038
2023,Gijón,Rumanía,18-25,Construction,2,43.544875115030656,-5.643614595105761
2023,Gijón,Rumanía,18-25,Industry,2,43.54719679159557,-5.6729148204658175
2023,Gijón,Rumanía,18-25,Unemployed/Seeking,2,43.518513197362786,-5.66571893292105
2023,Gijón,Rumanía,26-35,Services,2,43.528157804192716,-5.664176870966067
2023,Gijón,Rumanía,26-35,Agriculture,2,43.54981962681621,-5.676567401943727
2023,Gijón,Rumanía,26-35,Construction,1,43.53935322692551,-5.642347415831982
2023,Gijón,Rumanía,26-35,Industry,2,43.52150320020261,-5.670059339704037
2023,Gijón,Rumanía,26-35,Unemployed/Seeking,2,43.55031367439026,-5.665049185033136
2023,Gijón,Rumanía,36-50,Services,1,43.550775357051535,-5.673088658066674
2023,Gijón,Rumanía,36-50,Agriculture,1,43.527643164550774,-5.6728696891169115
2023,Gijón,Rumanía,36-50,Construction,2,43.54156364048307,-5.661541400826597
2023,Gijón,Rumanía,36-50,Industry,1,43.539896185677655,-5.6527687025258135
2023,Gijón,Rumanía,36-50,Unemployed/Seeking,2,43.51559444164168,-5.679156643364565
2023,Gijón,Rumanía,51-65,Services,2,43.51722033333354,-5.670223814153497
2023,Gijón,Rumanía,51-65,Agriculture,2,43.54871873986175,-5.6472851883717405
2023,Gijón,Rumanía,51-65,Construction,1,43.51440797863315,-5.6813201957336075
2023,Gijón,Rumanía,51-65,Industry,1,43.515116624952796,-5.660392329586316
2023,Gijón,Rumanía,51-65,Unemployed/Seeking,1,43.54895589143204,-5.670577878255494
2023,Gijón,Rumanía,65+,Services,1,43.5300212192824,-5.641983739691201
2023,Gijón,Rumanía,65+,Agriculture,1,43.54250629013612,-5.667744852485162
2023,Gijón,Rumanía,65+,Construction,1,43.52466183046384,-5.663108770229311
2023,Gijón,Rumanía,65+,Industry,2,43.51792618995758,-5.646617911822807
2023,Gijón,Rumanía,65+,Unemployed/Seeking,1,43.53825080497549,-5.677160696276242
2023,Gijón,Marruecos,18-25,Services,1,43.51416844389532,-5.678939552463793
2023,Gijón,Marruecos,18-25,Agriculture,1,43.513452718018705,-5.676118293725921
2023,Gijón,Marruecos,18-25,Construction,1,43.543570478468105,-5.679339079442876
2023,Gijón,Marruecos,18-25,Industry,2,43.536556707980886,-5.670473368613729
2023,Gijón,Marruecos,18-25,Unemployed/Seeking,1,43.52235896622199,-5.6700162070237425
2023,Gijón,Marruecos,26-35,Services,1,43.53172550181136,-5.664815720190876
2023,Gijón,Marruecos,26-35,Agriculture,1,43.54822175606869,-5.642983414105109
2023,Gijón,Marruecos,26-35,Construction,1,43.53149080468124,-5.661939755265354
2023,Gijón,Marruecos,26-35,Industry,1,43.54577939732297,-5.676524760728837
2023,Gijón,Marruecos,26-35,Unemployed/Seeking,1,43.538925040713856,-5.643071613598084
2023,Gijón,Marruecos,36-50,Services,1,43.5259615290469,-5.652777342629591
2023,Gijón,Marruecos,36-50,Agriculture,2,43.52146702802487,-5.67415369201584
2023,Gijón,Marruecos,36-50,Construction,2,43.521337862596326,-5.6667401187615285
2023,Gijón,Marruecos,36-50,Industry,2,43.53048832381898,-5.644144512143341
2023,Gijón,Marruecos,36-50,Unemployed/Seeking,1,43.53661108239897,-5.677063361303054
2023,Gijón,Marruecos,51-65,Services,1,43.527993478830446,-5.680412833397136
2023,Gijón,Marruecos,51-65,Agriculture,1,43.54508182497289,-5.669776067281766
2023,Gijón,Marruecos,51-65,Construction,1,43.5229985355692,-5.646566381199902
2023,Gijón,Marruecos,51-65,Industry,2,43.542848959238015,-5.657126646347046
2023,Gijón,Marruecos,51-65,Unemployed/Seeking,1,43.53989690943598,-5.643261088078393
2023,Gijón,Marruecos,65+,Services,1,43.513944786822925,-5.670076936793526
2023,Gijón,Marruecos,65+,Agriculture,2,43.516594151501145,-5.6543477276289815
2023,Gijón,Marruecos,65+,Construction,1,43.52702404684669,-5.654233776834606
2023,Gijón,Marruecos,65+,Industry,1,43.514678480013295,-5.659882857470903
2023,Gijón,Marruecos,65+,Unemployed/Seeking,1,43.530364437012175,-5.67447576251068
2023,Gijón,Colombia,18-25,Services,1,43.534773028595176,-5.664658942717742
2023,Gijón,Colombia,18-25,Agriculture,1,43.513991069416,-5.657460083446481
2023,Gijón,Colombia,18-25,Construction,1,43.524076695650244,-5.661908574223477
2023,Gijón,Colombia,18-25,Industry,1,43.54911713686781,-5.652790847590943
2023,Gijón,Colombia,18-25,Unemployed/Seeking,2,43.544712861479375,-5.64543465426787
2023,Gijón,Colombia,26-35,Services,1,43.54778673319388,-5.646794389024423
2023,Gijón,Colombia,26-35,Agriculture,1,43.52927303937051,-5.641939134592344
2023,Gijón,Colombia,26-35,Construction,1,43.51939511237082,-5.670429351457744
2023,Gijón,Colombia,26-35,Industry,1,43.54574084838428,-5.67512317611086
2023,Gijón,Colombia,26-35,Unemployed/Seeking,2,43.526882687041,-5.680432744465832
2023,Gijón,Colombia,36-50,Services,2,43.52922887287789,-5.666689911100496
2023,Gijón,Colombia,36-50,Agriculture,2,43.531489482810436,-5.676001062187122
2023,Gijón,Colombia,36-50,Construction,1,43.52169458384665,-5.656676835760325
2023,Gijón,Colombia,36-50,Industry,1,43.54034147052398,-5.6469672441704235
2023,Gijón,Colombia,36-50,Unemployed/Seeking,2,43.54912859875847,-5.641516311166012
2023,Gijón,Colombia,51-65,Services,2,43.528175637387456,-5.669163853589897
2023,Gijón,Colombia,51-65,Agriculture,1,43.52901124186925,-5.675075553219323
2023,Gijón,Colombia,51-65,Construction,2,43.52802328958842,-5.670713754044659
2023,Gijón,Colombia,51-65,Industry,1,43.515244840065435,-5.646222826476354
2023,Gijón,Colombia,51-65,Unemployed/Seeking,1,43.513690718959495,-5.643388124878431
2023,Gijón,Colombia,65+,Services,2,43.518293047298705,-5.656238922658342
2023,Gijón,Colombia,65+,Agriculture,1,43.51851498422608,-5.669361853858011
2023,Gijón,Colombia,65+,Construction,1,43.52313993336842,-5.6807344574631315
2023,Gijón,Colombia,65+,Industry,1,43.525597707609464,-5.663549397068723
2023,Gijón,Colombia,65+,Unemployed/Seeking,2,43.54405085466437,-5.679255649643118
2023,Gijón,Venezuela,18-25,Services,1,43.527896806204446,-5.675922305108983
2023,Gijón,Venezuela,18-25,Agriculture,1,43.52178056098109,-5.678602703852811
2023,Gijón,Venezuela,18-25,Construction,2,43.54890979629976,-5.642441977294172
2023,Gijón,Venezuela,18-25,Industry,1,43.51419687885931,-5.650324086476724
2023,Gijón,Venezuela,18-25,Unemployed/Seeking,1,43.540374099428355,-5.668219618648657
2023,Gijón,Venezuela,26-35,Services,1,43.52032346724118,-5.657585128952851
2023,Gijón,Venezuela,26-35,Agriculture,2,43.51660068180684,-5.6746646119976125
2023,Gijón,Venezuela,26-35,Construction,1,43.539224314925036,-5.652359876047404
2023,Gijón,Venezuela,26-35,Industry,2,43.52528334283893,-5.647667113391966
2023,Gijón,Venezuela,26-35,Unemployed/Seeking,1,43.53238660022248,-5.659787743368458
2023,Gijón,Venezuela,36-50,Services,1,43.518167822471426,-5.657005972066708
2023,Gijón,Venezuela,36-50,Agriculture,2,43.54018451288585,-5.671389048148146
2023,Gijón,Venezuela,36-50,Construction,2,43.525863447926454,-5.6571532675426655
2023,Gijón,Venezuela,36-50,Industry,1,43.549417983228615,-5.680246834442189
2023,Gijón,Venezuela,36-50,Unemployed/Seeking,1,43.54763183336368,-5.658165463712324
2023,Gijón,Venezuela,51-65,Services,2,43.53910601929801,-5.665364442225952
2023,Gijón,Venezuela,51-65,Agriculture,1,43.53264166984381,-5.6674009386448905
2023,Gijón,Venezuela,51-65,Construction,2,43.515621400889074,-5.673425566354745
2023,Gijón,Venezuela,51-65,Industry,1,43.53285767561774,-5.678189497827694
2023,Gijón,Venezuela,51-65,Unemployed/Seeking,1,43.53454462536164,-5.672472890643663
2023,Gijón,Venezuela,65+,Services,1,43.52749148108908,-5.675001071966423
2023,Gijón,Venezuela,65+,Agriculture,1,43.54041219898047,-5.669229377238635
2023,Gijón,Venezuela,65+,Construction,1,43.53627442757476,-5.676347883386095
2023,Gijón,Venezuela,65+,Industry,1,43.545376485261144,-5.678815095342153
2023,Gijón,Venezuela,65+,Unemployed/Seeking,1,43.545798836487386,-5.653372864907949
2023,Gijón,Resto de España,18-25,Services,1,43.52229680958688,-5.6496809445266365
2023,Gijón,Resto de España,18-25,Agriculture,2,43.541592464091245,-5.673746160230413
2023,Gijón,Resto de España,18-25,Construction,1,43.519980615952726,-5.641777478707854
2023,Gijón,Resto de España,18-25,Industry,1,43.54044028521892,-5.665122171436748
2023,Gijón,Resto de España,18-25,Unemployed/Seeking,2,43.5421995833021,-5.653818899373686
2023,Gijón,Resto de España,26-35,Services,1,43.51351836085215,-5.680666341715518
2023,Gijón,Resto de España,26-35,Agriculture,2,43.52582309832461,-5.671578673263813
2023,Gijón,Resto de España,26-35,Construction,2,43.53031216801988,-5.654995936524611
2023,Gijón,Resto de España,26-35,Industry,1,43.51221397080136,-5.659157868707654
2023,Gijón,Resto de España,26-35,Unemployed/Seeking,2,43.5312804210448,-5.669681742994758
2023,Gijón,Resto de España,36-50,Services,1,43.54427862370422,-5.660301686666596
2023,Gijón,Resto de España,36-50,Agriculture,2,43.52419311962194,-5.660405593939112
2023,Gijón,Resto de España,36-50,Construction,2,43.54273690696397,-5.646618066723962
2023,Gijón,Resto de España,36-50,Industry,1,43.51525895334951,-5.647861119232023
2023,Gijón,Resto de España,36-50,Unemployed/Seeking,2,43.513605117343,-5.646623004282575
2023,Gijón,Resto de España,51-65,Services,1,43.52161296945275,-5.6434669990123565
2023,Gijón,Resto de España,51-65,Agriculture,1,43.51512195606012,-5.665790973359837
2023,Gijón,Resto de España,51-65,Construction,1,43.52685230018833,-5.672599296039956
2023,Gijón,Resto de España,51-65,Industry,2,43.5470525788074,-5.650787918788218
2023,Gijón,Resto de España,51-65,Unemployed/Seeking,1,43.52113806061049,-5.660730259945253
2023,Gijón,Resto de España,65+,Services,1,43.5334022266171,-5.678834999626243
2023,Gijón,Resto de España,65+,Agriculture,1,43.52459278897668,-5.648315511348319
2023,Gijón,Resto de España,65+,Construction,1,43.5360277159682,-5.658881264008126
2023,Gijón,Resto de España,65+,Industry,1,43.53538169662861,-5.643479445039355
2023,Gijón,Resto de España,65+,Unemployed/Seeking,1,43.52557940194466,-5.655839421928163
2023,Gijón,Otros,18-25,Services,1,43.5293234403712,-5.665998778428831
2023,Gijón,Otros,18-25,Agriculture,2,43.53225472122039,-5.669242652908825
2023,Gijón,Otros,18-25,Construction,1,43.53247027036655,-5.6696497592053285
2023,Gijón,Otros,18-25,Industry,2,43.54871928801075,-5.669916780830472
2023,Gijón,Otros,18-25,Unemployed/Seeking,1,43.52225415326323,-5.675643618128637
2023,Gijón,Otros,26-35,Services,1,43.54531807211103,-5.679148025287999
2023,Gijón,Otros,26-35,Agriculture,1,43.54252606446258,-5.643200438632909
2023,Gijón,Otros,26-35,Construction,1,43.54468646278193,-5.658015018418529
2023,Gijón,Otros,26-35,Industry,1,43.51349138452414,-5.655037405081513
2023,Gijón,Otros,26-35,Unemployed/Seeking,2,43.525713432061494,-5.679230935112964
2023,Gijón,Otros,36-50,Services,1,43.52606532500056,-5.659834819337941
2023,Gijón,Otros,36-50,Agriculture,1,43.524337711992274,-5.663193011943602
2023,Gijón,Otros,36-50,Construction,2,43.544402148466006,-5.65440158961515
2023,Gijón,Otros,36-50,Industry,1,43.541183914973615,-5.657946601000627
2023,Gijón,Otros,36-50,Unemployed/Seeking,1,43.54760187193309,-5.642078721232142
2023,Gijón,Otros,51-65,Services,1,43.51782870786367,-5.653713932712975
2023,Gijón,Otros,51-65,Agriculture,1,43.536824504143574,-5.645247718984623
2023,Gijón,Otros,51-65,Construction,1,43.528594235976676,-5.66360076495131
2023,Gijón,Otros,51-65,Industry,1,43.53566656508345,-5.659032689699172
2023,Gijón,Otros,51-65,Unemployed/Seeking,1,43.55195845299933,-5.648338918020572
2023,Gijón,Otros,65+,Services,2,43.53468156314877,-5.662854506305601
2023,Gijón,Otros,65+,Agriculture,2,43.52994062377709,-5.67971418418862
2023,Gijón,Otros,65+,Construction,2,43.52248873250195,-5.67736342396049
2023,Gijón,Otros,65+,Industry,1,43.541238623315884,-5.680372504626984
2023,Gijón,Otros,65+,Unemployed/Seeking,1,43.52198189686353,-5.6525346238178775
2024,Aller,Rumanía,18-25,Services,1,43.145208705410106,-5.630349958502182
2024,Aller,Rumanía,18-25,Agriculture,1,43.15960256228102,-5.6642665827028615
2024,Aller,Rumanía,18-25,Construction,1,43.13979082933137,-5.669026843349237
2024,Aller,Rumanía,18-25,Industry,1,43.1607918114375,-5.665813292943794
2024,Aller,Rumanía,18-25,Unemployed/Seeking,1,43.13705002836148,-5.662451595832825
2024,Aller,Rumanía,26-35,Services,1,43.14894907149782,-5.657131203492355
2024,Aller,Rumanía,26-35,Agriculture,2,43.151910475763486,-5.659557841632572
2024,Aller,Rumanía,26-35,Construction,1,43.16020111763548,-5.635598327160864
2024,Aller,Rumanía,26-35,Industry,1,43.15509489174423,-5.652912565298914
2024,Aller,Rumanía,26-35,Unemployed/Seeking,1,43.169054080964806,-5.637368424815278
2024,Aller,Rumanía,36-50,Services,1,43.16988585446478,-5.6339010607806985
2024,Aller,Rumanía,36-50,Agriculture,1,43.157480788211785,-5.658317055693921
2024,Aller,Rumanía,36-50,Construction,1,43.167984741042936,-5.641575836711351
2024,Aller,Rumanía,36-50,Industry,1,43.16367955295876,-5.660244619382601
2024,Aller,Rumanía,36-50,Unemployed/Seeking,1,43.135686099307954,-5.66531482387093
2024,Aller,Rumanía,51-65,Services,1,43.16257963805829,-5.630731791039461
2024,Aller,Rumanía,51-65,Agriculture,1,43.137854036069555,-5.65787578929453
2024,Aller,Rumanía,51-65,Construction,1,43.13031929238542,-5.6570377259478475
2024,Aller,Rumanía,51-65,Industry,1,43.14658352321056,-5.630167444919448
2024,Aller,Rumanía,51-65,Unemployed/Seeking,1,43.14746380629205,-5.631195640466939
2024,Aller,Rumanía,65+,Services,1,43.16658930286813,-5.662208152616475
2024,Aller,Rumanía,65+,Agriculture,1,43.138789491098564,-5.630123545390342
2024,Aller,Rumanía,65+,Construction,1,43.14803719125329,-5.639796009095145
2024,Aller,Rumanía,65+,Industry,1,43.16862765667873,-5.660698390040182
2024,Aller,Rumanía,65+,Unemployed/Seeking,1,43.153045998278955,-5.631147506988035
2024,Aller,Marruecos,18-25,Services,1,43.160032079989165,-5.668669377249323
2024,Aller,Marruecos,18-25,Agriculture,1,43.161472110774014,-5.631944445996502
2024,Aller,Marruecos,18-25,Construction,1,43.149911584570255,-5.6327015960134394
2024,Aller,Marruecos,18-25,Industry,1,43.139085401927616,-5.662271809784402
2024,Aller,Marruecos,18-25,Unemployed/Seeking,1,43.13594160245315,-5.648188122549461
2024,Aller,Marruecos,26-35,Services,1,43.158594033504365,-5.653913102384428
2024,Aller,Marruecos,26-35,Agriculture,1,43.15645449320612,-5.655680130978116
2024,Aller,Marruecos,26-35,Construction,1,43.16058692754261,-5.647029760559451
2024,Aller,Marruecos,26-35,Industry,1,43.15534691326643,-5.66607244796505
2024,Aller,Marruecos,26-35,Unemployed/Seeking,1,43.16075337973541,-5.640104402697469
2024,Aller,Marruecos,36-50,Services,1,43.164165824035074,-5.652286969039198
2024,Aller,Marruecos,36-50,Agriculture,1,43.16380096055544,-5.636887407487881
2024,Aller,Marruecos,36-50,Construction,1,43.166526077319794,-5.632659909817486
2024,Aller,Marruecos,36-50,Industry,1,43.162176876771476,-5.650637002697828
2024,Aller,Marruecos,36-50,Unemployed/Seeking,1,43.16889140347326,-5.640629608911674
2024,Aller,Marruecos,51-65,Services,1,43.153526046780485,-5.63184998543319
2024,Aller,Marruecos,51-65,Agriculture,1,43.149565522213756,-5.631289924911114
2024,Aller,Marruecos,51-65,Construction,1,43.16024559206877,-5.633266409911638
2024,Aller,Marruecos,51-65,Industry,1,43.131971677249574,-5.636958967726294
2024,Aller,Marruecos,51-65,Unemployed/Seeking,1,43.140476213101735,-5.649518260193156
2024,Aller,Marruecos,65+,Services,1,43.137617595765526,-5.660858853405645
2024,Aller,Marruecos,65+,Agriculture,1,43.13806478614827,-5.631296190856926
2024,Aller,Marruecos,65+,Construction,1,43.15224687679595,-5.646157334971738
2024,Aller,Marruecos,65+,Industry,1,43.16492122272411,-5.642082331171841
2024,Aller,Marruecos,65+,Unemployed/Seeking,1,43.154932244172926,-5.653996607975889
2024,Aller,Colombia,18-25,Services,1,43.13650748055111,-5.654689068309018
2024,Aller,Colombia,18-25,Agriculture,1,43.157851415547896,-5.631341192582814
2024,Aller,Colombia,18-25,Construction,1,43.16783744863135,-5.653422185222726
2024,Aller,Colombia,18-25,Industry,1,43.16560406081084,-5.648418780118114
2024,Aller,Colombia,18-25,Unemployed/Seeking,1,43.14749434359871,-5.648953670221759
2024,Aller,Colombia,26-35,Services,1,43.161094877327734,-5.660679080241803
2024,Aller,Colombia,26-35,Agriculture,1,43.13801164651869,-5.64116873570543
2024,Aller,Colombia,26-35,Construction,1,43.131710514348605,-5.645962116325819
2024,Aller,Colombia,26-35,Industry,1,43.14129351789075,-5.631896556999006
2024,Aller,Colombia,26-35,Unemployed/Seeking,1,43.139631687813846,-5.642332070763418
2024,Aller,Colombia,36-50,Services,1,43.1423330526922,-5.639017812047206
2024,Aller,Colombia,36-50,Agriculture,1,43.14312198335749,-5.668993478730224
2024,Aller,Colombia,36-50,Construction,1,43.13630060495442,-5.649163662138518
2024,Aller,Colombia,36-50,Industry,1,43.165779860342276,-5.6430582789298365
2024,Aller,Colombia,36-50,Unemployed/Seeking,1,43.16671775581857,-5.636862080329609
2024,Aller,Colombia,51-65,Services,1,43.135945358170005,-5.646991701342838
2024,Aller,Colombia,51-65,Agriculture,1,43.14582482906098,-5.644837729511177
2024,Aller,Colombia,51-65,Construction,1,43.15930229889154,-5.660151470767135
2024,Aller,Colombia,51-65,Industry,1,43.149819203227004,-5.637870828558825
2024,Aller,Colombia,51-65,Unemployed/Seeking,1,43.145216054454764,-5.661024753508644
2024,Aller,Colombia,65+,Services,1,43.168752909831625,-5.6478397571904155
2024,Aller,Colombia,65+,Agriculture,1,43.13323550425439,-5.665948830230823
2024,Aller,Colombia,65+,Construction,1,43.16997383269745,-5.66265118560541
2024,Aller,Colombia,65+,Industry,1,43.13365830180617,-5.649193458062608
2024,Aller,Colombia,65+,Unemployed/Seeking,1,43.14727980443366,-5.64842716880233
2024,Aller,Venezuela,18-25,Services,1,43.15621881000569,-5.6432293446629895
2024,Aller,Venezuela,18-25,Agriculture,1,43.16557133751082,-5.635163774769748
2024,Aller,Venezuela,18-25,Construction,1,43.15452657812476,-5.659957266873011
2024,Aller,Venezuela,18-25,Industry,1,43.13752625182068,-5.636046350623607
2024,Aller,Venezuela,18-25,Unemployed/Seeking,1,43.14445079165109,-5.664311012350977
2024,Aller,Venezuela,26-35,Services,1,43.14423779393654,-5.6445239582225435
2024,Aller,Venezuela,26-35,Agriculture,1,43.13317808717968,-5.6631378708670255
2024,Aller,Venezuela,26-35,Construction,1,43.15654051666795,-5.643147333198282
2024,Aller,Venezuela,26-35,Industry,1,43.15748378284049,-5.656983642075243
2024,Aller,Venezuela,26-35,Unemployed/Seeking,1,43.151208481579395,-5.658382603601107
2024,Aller,Venezuela,36-50,Services,1,43.1660997838394,-5.661535905168184
2024,Aller,Venezuela,36-50,Agriculture,1,43.149372927379,-5.636243476512177
2024,Aller,Venezuela,36-50,Construction,1,43.153893298024315,-5.6480530703871645
2024,Aller,Venezuela,36-50,Industry,1,43.16975203786446,-5.6316601850978
2024,Aller,Venezuela,36-50,Unemployed/Seeking,1,43.16683230863477,-5.664122625879444
2024,Aller,Venezuela,51-65,Services,1,43.14018711398424,-5.635383683105293
2024,Aller,Venezuela,51-65,Agriculture,1,43.149588727268984,-5.636293287958687
2024,Aller,Venezuela,51-65,Construction,1,43.13545764139482,-5.647146351506973
2024,Aller,Venezuela,51-65,Industry,1,43.133292780665926,-5.664868258532805
2024,Aller,Venezuela,51-65,Unemployed/Seeking,1,43.15909627294709,-5.65131685093366
2024,Aller,Venezuela,65+,Services,1,43.1355179922145,-5.63232494955769
2024,Aller,Venezuela,65+,Agriculture,1,43.15869617329247,-5.659936106826024
2024,Aller,Venezuela,65+,Construction,1,43.139966759208804,-5.633965816895191
2024,Aller,Venezuela,65+,Industry,1,43.15167163932946,-5.654243252288814
2024,Aller,Venezuela,65+,Unemployed/Seeking,1,43.16176043775145,-5.631412498976072
2024,Aller,Resto de España,18-25,Services,1,43.167527360587535,-5.6495329497154465
2024,Aller,Resto de España,18-25,Agriculture,1,43.16010947536443,-5.66436947444844
2024,Aller,Resto de España,18-25,Construction,1,43.15061896777216,-5.646541905578596
2024,Aller,Resto de España,18-25,Industry,1,43.147300358977525,-5.649543353443949
2024,Aller,Resto de España,18-25,Unemployed/Seeking,1,43.15944637470022,-5.644235750816516
2024,Aller,Resto de España,26-35,Services,1,43.16762101763833,-5.66479592137045
2024,Aller,Resto de España,26-35,Agriculture,1,43.16030092858953,-5.633020325521806
2024,Aller,Resto de España,26-35,Construction,1,43.15175490646134,-5.662293614674505
2024,Aller,Resto de España,26-35,Industry,1,43.150426847463216,-5.649627096589042
2024,Aller,Resto de España,26-35,Unemployed/Seeking,1,43.15794402265588,-5.648297618852139
2024,Aller,Resto de España,36-50,Services,1,43.14065902293101,-5.669693967379245
2024,Aller,Resto de España,36-50,Agriculture,1,43.16214567873693,-5.6492724080502645
2024,Aller,Resto de España,36-50,Construction,1,43.15754488049606,-5.630511341117625
2024,Aller,Resto de España,36-50,Industry,1,43.1394844484191,-5.664244965062763
2024,Aller,Resto de España,36-50,Unemployed/Seeking,1,43.16545961448609,-5.663916439795804
2024,Aller,Resto de España,51-65,Services,1,43.140589477329364,-5.667688338891406
2024,Aller,Resto de España,51-65,Agriculture,1,43.16820925064963,-5.656390344522173
2024,Aller,Resto de España,51-65,Construction,1,43.15509452304796,-5.653941864520408
2024,Aller,Resto de España,51-65,Industry,1,43.15117845764922,-5.667458739176718
2024,Aller,Resto de España,51-65,Unemployed/Seeking,1,43.1332118532866,-5.663086869138668
2024,Aller,Resto de España,65+,Services,1,43.13161921676974,-5.662699218051631
2024,Aller,Resto de España,65+,Agriculture,1,43.15254184338901,-5.634266247103462
2024,Aller,Resto de España,65+,Construction,1,43.155523737004636,-5.649330899693684
2024,Aller,Resto de España,65+,Industry,1,43.131904702356884,-5.645590546419774
2024,Aller,Resto de España,65+,Unemployed/Seeking,1,43.137318055592885,-5.634492242271934
2024,Aller,Otros,18-25,Services,1,43.15847512316999,-5.630480846720355
2024,Aller,Otros,18-25,Agriculture,1,43.1656985712919,-5.668925811944786
2024,Aller,Otros,18-25,Construction,1,43.16073490539559,-5.665519522547897
2024,Aller,Otros,18-25,Industry,1,43.140720997193476,-5.64649425702925
2024,Aller,Otros,18-25,Unemployed/Seeking,1,43.15481240686796,-5.641851916282522
2024,Aller,Otros,26-35,Services,1,43.15604216969272,-5.645064339963027
2024,Aller,Otros,26-35,Agriculture,1,43.159239909336875,-5.658574319176536
2024,Aller,Otros,26-35,Construction,1,43.14977542686875,-5.634296062649588
2024,Aller,Otros,26-35,Industry,1,43.14912484040088,-5.640771568423643
2024,Aller,Otros,26-35,Unemployed/Seeking,1,43.13921412519224,-5.647728506791739
2024,Aller,Otros,36-50,Services,1,43.13363648233104,-5.636978013025186
2024,Aller,Otros,36-50,Agriculture,1,43.13004348761262,-5.662909139934416
2024,Aller,Otros,36-50,Construction,1,43.16301952026434,-5.640718592352999
2024,Aller,Otros,36-50,Industry,1,43.15340141316674,-5.631307279564956
2024,Aller,Otros,36-50,Unemployed/Seeking,1,43.14543481954759,-5.651136930190099
2024,Aller,Otros,51-65,Services,1,43.14168862668995,-5.649449845792809
2024,Aller,Otros,51-65,Agriculture,1,43.15264621018853,-5.664377281251978
2024,Aller,Otros,51-65,Construction,1,43.13360134468596,-5.6374771959717265
2024,Aller,Otros,51-65,Industry,1,43.13594131157522,-5.630841680573456
2024,Aller,Otros,51-65,Unemployed/Seeking,1,43.168898003587,-5.666585792802783
2024,Aller,Otros,65+,Services,1,43.14923619499587,-5.630594701539094
2024,Aller,Otros,65+,Agriculture,1,43.1501851030466,-5.63234238427078
2024,Aller,Otros,65+,Construction,1,43.15715351308452,-5.662252409059238
2024,Aller,Otros,65+,Industry,1,43.13404626586484,-5.633583321288123
2024,Aller,Otros,65+,Unemployed/Seeking,1,43.146279769612114,-5.641336787316566
2024,Mieres,Rumanía,18-25,Services,7,43.23569974348066,-5.7917724596128775
2024,Mieres,Rumanía,18-25,Agriculture,7,43.26616882897694,-5.766229230103315
2024,Mieres,Rumanía,18-25,Construction,5,43.26386734618775,-5.776470600742942
2024,Mieres,Rumanía,18-25,Industry,7,43.24517497623923,-5.787899700092738
2024,Mieres,Rumanía,18-25,Unemployed/Seeking,7,43.24575485146187,-5.769400917738484
2024,Mieres,Rumanía,26-35,Services,9,43.24604203607547,-5.764144066273489
2024,Mieres,Rumanía,26-35,Agriculture,4,43.23624194257209,-5.760198930717451
2024,Mieres,Rumanía,26-35,Construction,6,43.25863019513447,-5.7574192044215975
2024,Mieres,Rumanía,26-35,Industry,3,43.26322399379189,-5.760499082776024
2024,Mieres,Rumanía,26-35,Unemployed/Seeking,8,43.25566419955621,-5.783077239718701
2024,Mieres,Rumanía,36-50,Services,5,43.25198004439817,-5.772885712762899
2024,Mieres,Rumanía,36-50,Agriculture,11,43.25760565579688,-5.773729958024662
2024,Mieres,Rumanía,36-50,Construction,11,43.25452868245919,-5.75692735710946
2024,Mieres,Rumanía,36-50,Industry,8,43.26937913737876,-5.789615139060527
2024,Mieres,Rumanía,36-50,Unemployed/Seeking,5,43.25764989560391,-5.789385295671848
2024,Mieres,Rumanía,51-65,Services,7,43.26276641578396,-5.769244986656759
2024,Mieres,Rumanía,51-65,Agriculture,5,43.259355708769654,-5.782725213217939
2024,Mieres,Rumanía,51-65,Construction,9,43.257638552285236,-5.757229973301375
2024,Mieres,Rumanía,51-65,Industry,7,43.25278722445096,-5.76897624580716
2024,Mieres,Rumanía,51-65,Unemployed/Seeking,4,43.23749338818676,-5.770321625314845
2024,Mieres,Rumanía,65+,Services,4,43.23147034151868,-5.764867427124797
2024,Mieres,Rumanía,65+,Agriculture,8,43.265215785994755,-5.759303583304105
2024,Mieres,Rumanía,65+,Construction,6,43.26281956996734,-5.778929393240411
2024,Mieres,Rumanía,65+,Industry,6,43.23291760444829,-5.793911858206295
2024,Mieres,Rumanía,65+,Unemployed/Seeking,7,43.23127077569371,-5.7908705814165105
2024,Mieres,Marruecos,18-25,Services,6,43.252476542459966,-5.777950202544384
2024,Mieres,Marruecos,18-25,Agriculture,3,43.24196450674308,-5.785497287767356
2024,Mieres,Marruecos,18-25,Construction,4,43.24166804886136,-5.770005854987928
2024,Mieres,Marruecos,18-25,Industry,7,43.2347190636417,-5.757735323667942
2024,Mieres,Marruecos,18-25,Unemployed/Seeking,5,43.23448747523877,-5.766192038942975
2024,Mieres,Marruecos,26-35,Services,3,43.25674731632737,-5.754796444030046
2024,Mieres,Marruecos,26-35,Agriculture,5,43.24941583607283,-5.778064399964369
2024,Mieres,Marruecos,26-35,Construction,3,43.262218613416174,-5.754873749751023
2024,Mieres,Marruecos,26-35,Industry,7,43.269357687782744,-5.772154110349052
2024,Mieres,Marruecos,26-35,Unemployed/Seeking,5,43.25527482426436,-5.762494431293993
2024,Mieres,Marruecos,36-50,Services,4,43.260392254916795,-5.785753426257037
2024,Mieres,Marruecos,36-50,Agriculture,4,43.269753309647186,-5.791677217616115
2024,Mieres,Marruecos,36-50,Construction,7,43.25689467787649,-5.791409131533817
2024,Mieres,Marruecos,36-50,Industry,8,43.241560310980155,-5.767186037980564
2024,Mieres,Marruecos,36-50,Unemployed/Seeking,5,43.24580223618023,-5.790103951659651
2024,Mieres,Marruecos,51-65,Services,5,43.238439131451706,-5.767161081361404
2024,Mieres,Marruecos,51-65,Agriculture,6,43.26173990066756,-5.761319186001391
2024,Mieres,Marruecos,51-65,Construction,4,43.23276376649912,-5.76298955716029
2024,Mieres,Marruecos,51-65,Industry,7,43.26294185365317,-5.774600565508434
2024,Mieres,Marruecos,51-65,Unemployed/Seeking,7,43.26974743316746,-5.791490694871492
2024,Mieres,Marruecos,65+,Services,3,43.23735071162429,-5.781098477886945
2024,Mieres,Marruecos,65+,Agriculture,3,43.23813372778522,-5.769643846088814
2024,Mieres,Marruecos,65+,Construction,3,43.253043946155536,-5.771296390554043
2024,Mieres,Marruecos,65+,Industry,4,43.24597408764686,-5.782438804883152
2024,Mieres,Marruecos,65+,Unemployed/Seeking,5,43.24415995553278,-5.765268810503935
2024,Mieres,Colombia,18-25,Services,5,43.239423171918865,-5.759280526369837
2024,Mieres,Colombia,18-25,Agriculture,5,43.24197518661913,-5.785391623640748
2024,Mieres,Colombia,18-25,Construction,6,43.246376525671046,-5.770792242246115
2024,Mieres,Colombia,18-25,Industry,4,43.24869966064752,-5.785515745358504
2024,Mieres,Colombia,18-25,Unemployed/Seeking,3,43.23561640033527,-5.754503779371199
2024,Mieres,Colombia,26-35,Services,7,43.23156379913853,-5.7803294749511105
2024,Mieres,Colombia,26-35,Agriculture,7,43.25006680575924,-5.775854724740969
2024,Mieres,Colombia,26-35,Construction,3,43.250035029346456,-5.778311440760006
2024,Mieres,Colombia,26-35,Industry,8,43.243080008767095,-5.77153958819425
2024,Mieres,Colombia,26-35,Unemployed/Seeking,6,43.238466004660076,-5.763254252011493
2024,Mieres,Colombia,36-50,Services,10,43.26193737926076,-5.767650309850616
2024,Mieres,Colombia,36-50,Agriculture,8,43.23676968586171,-5.773673672018427
2024,Mieres,Colombia,36-50,Construction,3,43.25969605728166,-5.762323597560519
2024,Mieres,Colombia,36-50,Industry,8,43.2703315722462,-5.763389242174752
2024,Mieres,Colombia,36-50,Unemployed/Seeking,8,43.235183624360985,-5.759329969786107
2024,Mieres,Colombia,51-65,Services,8,43.268109340268744,-5.778594028960106
2024,Mieres,Colombia,51-65,Agriculture,5,43.25867331361837,-5.765411450097144
2024,Mieres,Colombia,51-65,Construction,3,43.244953950726554,-5.757589763414699
2024,Mieres,Colombia,51-65,Industry,5,43.231886563365684,-5.7640691078370825
2024,Mieres,Colombia,51-65,Unemployed/Seeking,4,43.246190928533835,-5.756076987925782
2024,Mieres,Colombia,65+,Services,5,43.25054956673596,-5.761206719429833
2024,Mieres,Colombia,65+,Agriculture,7,43.24466826865022,-5.768718586075504
2024,Mieres,Colombia,65+,Construction,4,43.26161695257685,-5.755943971302095
2024,Mieres,Colombia,65+,Industry,2,43.24238124565813,-5.773010793457159
2024,Mieres,Colombia,65+,Unemployed/Seeking,4,43.25211297212938,-5.7753365250384565
2024,Mieres,Venezuela,18-25,Services,3,43.250071698416555,-5.7683137000012215
2024,Mieres,Venezuela,18-25,Agriculture,6,43.25234317244404,-5.772680305636207
2024,Mieres,Venezuela,18-25,Construction,6,43.25207831184639,-5.793755872079869
2024,Mieres,Venezuela,18-25,Industry,7,43.25135658016036,-5.767847841552104
2024,Mieres,Venezuela,18-25,Unemployed/Seeking,6,43.23055815968393,-5.777712013244868
2024,Mieres,Venezuela,26-35,Services,8,43.23987724878429,-5.790021666279641
2024,Mieres,Venezuela,26-35,Agriculture,6,43.23226004831983,-5.771104262565429
2024,Mieres,Venezuela,26-35,Construction,3,43.25782042388498,-5.770776599232449
2024,Mieres,Venezuela,26-35,Industry,9,43.265364790423405,-5.7558626321274025
2024,Mieres,Venezuela,26-35,Unemployed/Seeking,6,43.240332611773546,-5.768000548646033
2024,Mieres,Venezuela,36-50,Services,8,43.2473661363756,-5.785777006770549
2024,Mieres,Venezuela,36-50,Agriculture,6,43.25196261622435,-5.788340564499593
2024,Mieres,Venezuela,36-50,Construction,5,43.23337448513616,-5.7691714244865295
2024,Mieres,Venezuela,36-50,Industry,3,43.25448473687192,-5.779077762582122
2024,Mieres,Venezuela,36-50,Unemployed/Seeking,3,43.24716964013248,-5.7559706089303875
2024,Mieres,Venezuela,51-65,Services,6,43.25224823847775,-5.788852388596101
2024,Mieres,Venezuela,51-65,Agriculture,7,43.262317790139434,-5.78790646130821
2024,Mieres,Venezuela,51-65,Construction,5,43.2467895069576,-5.776754194755794
2024,Mieres,Venezuela,51-65,Industry,4,43.23668607258322,-5.765749533254827
2024,Mieres,Venezuela,51-65,Unemployed/Seeking,2,43.24975721831464,-5.754589093484334
2024,Mieres,Venezuela,65+,Services,8,43.232247790651826,-5.771413646081086
2024,Mieres,Venezuela,65+,Agriculture,5,43.26103361911394,-5.76802757582077
2024,Mieres,Venezuela,65+,Construction,3,43.264292141303926,-5.773180723941331
2024,Mieres,Venezuela,65+,Industry,2,43.25486369563448,-5.7719599557784615
2024,Mieres,Venezuela,65+,Unemployed/Seeking,3,43.2576617650549,-5.774571777549151
2024,Mieres,Resto de España,18-25,Services,6,43.26917168187432,-5.760870559945366
2024,Mieres,Resto de España,18-25,Agriculture,3,43.261371208880725,-5.760013430640961
2024,Mieres,Resto de España,18-25,Construction,4,43.23194251845071,-5.766836230442586
2024,Mieres,Resto de España,18-25,Industry,4,43.231121820371094,-5.758664348013185
2024,Mieres,Resto de España,18-25,Unemployed/Seeking,6,43.259000215499725,-5.766581519087906
2024,Mieres,Resto de España,26-35,Services,6,43.23513846333857,-5.791921349074395
2024,Mieres,Resto de España,26-35,Agriculture,7,43.266382823782266,-5.790144666540047
2024,Mieres,Resto de España,26-35,Construction,8,43.24355357470594,-5.792952791274221
2024,Mieres,Resto de España,26-35,Industry,6,43.26464532899731,-5.7836279856951505
2024,Mieres,Resto de España,26-35,Unemployed/Seeking,7,43.231686160478205,-5.78165437178122
2024,Mieres,Resto de España,36-50,Services,5,43.23613197879035,-5.78003552389309
2024,Mieres,Resto de España,36-50,Agriculture,9,43.24358522633578,-5.764635911390446
2024,Mieres,Resto de España,36-50,Construction,3,43.267141594600766,-5.775694421244192
2024,Mieres,Resto de España,36-50,Industry,8,43.24460117093006,-5.77479567723484
2024,Mieres,Resto de España,36-50,Unemployed/Seeking,7,43.24702144505331,-5.774383476013823
2024,Mieres,Resto de España,51-65,Services,7,43.249056095606335,-5.770480515181772
2024,Mieres,Resto de España,51-65,Agriculture,4,43.230806058981955,-5.776030358492342
2024,Mieres,Resto de España,51-65,Construction,3,43.239007168536666,-5.781537543239374
2024,Mieres,Resto de España,51-65,Industry,3,43.26196416385551,-5.771794330763275
2024,Mieres,Resto de España,51-65,Unemployed/Seeking,4,43.24873443750358,-5.778495341626627
2024,Mieres,Resto de España,65+,Services,6,43.23260595375702,-5.791571256723145
2024,Mieres,Resto de España,65+,Agriculture,4,43.23954072851739,-5.761144458220269
2024,Mieres,Resto de España,65+,Construction,4,43.249468241551845,-5.765991204121783
2024,Mieres,Resto de España,65+,Industry,5,43.23149465483945,-5.786543901062569
2024,Mieres,Resto de España,65+,Unemployed/Seeking,7,43.253380725102026,-5.786080818044292
2024,Mieres,Otros,18-25,Services,4,43.236274922523435,-5.782373805921027
2024,Mieres,Otros,18-25,Agriculture,3,43.25394236576966,-5.760547090565762
2024,Mieres,Otros,18-25,Construction,5,43.26939291299893,-5.790047548460031
2024,Mieres,Otros,18-25,Industry,3,43.248109836217154,-5.786242472257411
2024,Mieres,Otros,18-25,Unemployed/Seeking,2,43.23979673901718,-5.776126778089075
2024,Mieres,Otros,26-35,Services,5,43.245696900354176,-5.7912729217700125
2024,Mieres,Otros,26-35,Agriculture,4,43.23556450482274,-5.781856737646738
2024,Mieres,Otros,26-35,Construction,8,43.24909497135516,-5.76638045499882
2024,Mieres,Otros,26-35,Industry,4,43.26167299021738,-5.775459070473441
2024,Mieres,Otros,26-35,Unemployed/Seeking,4,43.24376769677825,-5.791747676034419
2024,Mieres,Otros,36-50,Services,7,43.26146693975421,-5.782750004403295
2024,Mieres,Otros,36-50,Agriculture,7,43.23065266627209,-5.7728456302703455
2024,Mieres,Otros,36-50,Construction,7,43.253732924992654,-5.766453826691071
2024,Mieres,Otros,36-50,Industry,3,43.23880843596057,-5.771542169505261
2024,Mieres,Otros,36-50,Unemployed/Seeking,8,43.26585126102568,-5.779004040308249
2024,Mieres,Otros,51-65,Services,3,43.25520095614777,-5.776890838634326
2024,Mieres,Otros,51-65,Agriculture,6,43.26685562059308,-5.7735639291200505
2024,Mieres,Otros,51-65,Construction,5,43.24930660359899,-5.770302170401319
2024,Mieres,Otros,51-65,Industry,7,43.249472350116775,-5.757523434157489
2024,Mieres,Otros,51-65,Unemployed/Seeking,3,43.26920083457942,-5.793391012183259
2024,Mieres,Otros,65+,Services,3,43.262457899087345,-5.762728414112568
2024,Mieres,Otros,65+,Agriculture,5,43.23288802005503,-5.776878216041906
2024,Mieres,Otros,65+,Construction,7,43.24833190248395,-5.794039006811158
2024,Mieres,Otros,65+,Industry,3,43.261016343758754,-5.770010211409848
2024,Mieres,Otros,65+,Unemployed/Seeking,7,43.23858715086082,-5.763639857258783
2024,Langreo,Rumanía,18-25,Services,2,43.27834352445017,-5.691544779498641
2024,Langreo,Rumanía,18-25,Agriculture,3,43.31075516793609,-5.663751581821915
2024,Langreo,Rumanía,18-25,Construction,3,43.2804501604915,-5.667972358356753
2024,Langreo,Rumanía,18-25,Industry,5,43.31585271075065,-5.66904121330975
2024,Langreo,Rumanía,18-25,Unemployed/Seeking,4,43.30130303806207,-5.696471258938078
2024,Langreo,Rumanía,26-35,Services,5,43.28277513193716,-5.67525747358862
2024,Langreo,Rumanía,26-35,Agriculture,10,43.29723471657963,-5.70201438909285
2024,Langreo,Rumanía,26-35,Construction,10,43.2838923697152,-5.668380746928793
2024,Langreo,Rumanía,26-35,Industry,3,43.28293567462261,-5.671755866458673
2024,Langreo,Rumanía,26-35,Unemployed/Seeking,8,43.28030027390551,-5.681356673910442
2024,Langreo,Rumanía,36-50,Services,3,43.30688479652775,-5.689854323750775
2024,Langreo,Rumanía,36-50,Agriculture,3,43.284033671843034,-5.6698991148501365
2024,Langreo,Rumanía,36-50,Construction,6,43.29606174541367,-5.679669018324467
2024,Langreo,Rumanía,36-50,Industry,3,43.28772560560777,-5.7029144999385615
2024,Langreo,Rumanía,36-50,Unemployed/Seeking,3,43.306280762603656,-5.671332991860593
2024,Langreo,Rumanía,51-65,Services,5,43.28992834278214,-5.69975456612753
2024,Langreo,Rumanía,51-65,Agriculture,5,43.29833657228181,-5.679406511495218
2024,Langreo,Rumanía,51-65,Construction,3,43.28700840273322,-5.69161825186019
2024,Langreo,Rumanía,51-65,Industry,3,43.29372756677569,-5.676495031994977
2024,Langreo,Rumanía,51-65,Unemployed/Seeking,4,43.301533132648686,-5.693711177265894
2024,Langreo,Rumanía,65+,Services,6,43.29610060233656,-5.678876865227329
2024,Langreo,Rumanía,65+,Agriculture,4,43.278407123177345,-5.68316183031796
2024,Langreo,Rumanía,65+,Construction,5,43.27789438282826,-5.674876298657346
2024,Langreo,Rumanía,65+,Industry,4,43.31014154099132,-5.674906529620457
2024,Langreo,Rumanía,65+,Unemployed/Seeking,5,43.295459019851236,-5.697719511525239
2024,Langreo,Marruecos,18-25,Services,2,43.28228016130088,-5.688404946622429
2024,Langreo,Marruecos,18-25,Agriculture,2,43.2875331182536,-5.697583788557991
2024,Langreo,Marruecos,18-25,Construction,6,43.2908542562079,-5.671205572653865
2024,Langreo,Marruecos,18-25,Industry,5,43.30056659266708,-5.667990742860609
2024,Langreo,Marruecos,18-25,Unemployed/Seeking,3,43.28325899990134,-5.6709985057671854
2024,Langreo,Marruecos,26-35,Services,8,43.304098682227476,-5.694644580887588
2024,Langreo,Marruecos,26-35,Agriculture,6,43.313075745453,-5.700026597982617
2024,Langreo,Marruecos,26-35,Construction,6,43.301666723269015,-5.67299745572055
2024,Langreo,Marruecos,26-35,Industry,5,43.287446688234404,-5.695239135850439
2024,Langreo,Marruecos,26-35,Unemployed/Seeking,7,43.31541034372005,-5.671915323015034
2024,Langreo,Marruecos,36-50,Services,2,43.31408303476805,-5.680337758668034
2024,Langreo,Marruecos,36-50,Agriculture,7,43.29095758013607,-5.686508611229907
2024,Langreo,Marruecos,36-50,Construction,5,43.29068728040548,-5.667180815804696
2024,Langreo,Marruecos,36-50,Industry,3,43.31541397368598,-5.683937994203578
2024,Langreo,Marruecos,36-50,Unemployed/Seeking,7,43.28296906589362,-5.679896192409122
2024,Langreo,Marruecos,51-65,Services,3,43.30315675025685,-5.675476665784836
2024,Langreo,Marruecos,51-65,Agriculture,3,43.28924295606019,-5.682911175854074
2024,Langreo,Marruecos,51-65,Construction,4,43.292514198617006,-5.689961468935291
2024,Langreo,Marruecos,51-65,Industry,5,43.313010058008295,-5.693325753170218
2024,Langreo,Marruecos,51-65,Unemployed/Seeking,6,43.29608879230829,-5.691158081146148
2024,Langreo,Marruecos,65+,Services,4,43.28124438435558,-5.679114688770931
2024,Langreo,Marruecos,65+,Agriculture,3,43.291236992415705,-5.683576661420496
2024,Langreo,Marruecos,65+,Construction,2,43.27694320529865,-5.698928415952043
2024,Langreo,Marruecos,65+,Industry,5,43.308319777517795,-5.687655056312178
2024,Langreo,Marruecos,65+,Unemployed/Seeking,7,43.28622594784404,-5.68293037430602
2024,Langreo,Colombia,18-25,Services,3,43.31171919789461,-5.69531600458614
2024,Langreo,Colombia,18-25,Agriculture,3,43.28620710597295,-5.672367675173287
2024,Langreo,Colombia,18-25,Construction,6,43.298549631607756,-5.673404458705151
2024,Langreo,Colombia,18-25,Industry,5,43.30272712555203,-5.680204649228811
2024,Langreo,Colombia,18-25,Unemployed/Seeking,5,43.30107968689223,-5.701297567759374
2024,Langreo,Colombia,26-35,Services,3,43.27877326189826,-5.697074514390209
2024,Langreo,Colombia,26-35,Agriculture,4,43.30250481306859,-5.685913358224003
2024,Langreo,Colombia,26-35,Construction,6,43.30466168987368,-5.68699002886002
2024,Langreo,Colombia,26-35,Industry,3,43.2963659579964,-5.678770829755346
2024,Langreo,Colombia,26-35,Unemployed/Seeking,8,43.28689960791455,-5.685681461894073
2024,Langreo,Colombia,36-50,Services,3,43.30263437154587,-5.674950628160185
2024,Langreo,Colombia,36-50,Agriculture,5,43.31452100060209,-5.699637118218261
2024,Langreo,Colombia,36-50,Construction,8,43.30468686536538,-5.690754455386745
2024,Langreo,Colombia,36-50,Industry,7,43.31610027190611,-5.672698385108661
2024,Langreo,Colombia,36-50,Unemployed/Seeking,8,43.28125552618175,-5.683969544540764
2024,Langreo,Colombia,51-65,Services,4,43.30715713087626,-5.670986403162267
2024,Langreo,Colombia,51-65,Agriculture,5,43.30979136698444,-5.677515259026073
2024,Langreo,Colombia,51-65,Construction,6,43.27821765761248,-5.6843853760132035
2024,Langreo,Colombia,51-65,Industry,4,43.31355486345912,-5.677807337594558
2024,Langreo,Colombia,51-65,Unemployed/Seeking,4,43.27730726926527,-5.664068159280947
2024,Langreo,Colombia,65+,Services,7,43.30321415329263,-5.687870297016617
2024,Langreo,Colombia,65+,Agriculture,4,43.29972789906348,-5.695856483291958
2024,Langreo,Colombia,65+,Construction,3,43.312957492784456,-5.666770363013238
2024,Langreo,Colombia,65+,Industry,6,43.29110404934496,-5.666229000797529
2024,Langreo,Colombia,65+,Unemployed/Seeking,2,43.28390618782434,-5.670869546070106
2024,Langreo,Venezuela,18-25,Services,7,43.28732505557271,-5.665428002399976
2024,Langreo,Venezuela,18-25,Agriculture,6,43.289159927899334,-5.684400928083226
2024,Langreo,Venezuela,18-25,Construction,3,43.27913135310117,-5.684685719534526
2024,Langreo,Venezuela,18-25,Industry,4,43.282860854241456,-5.68275974029441
2024,Langreo,Venezuela,18-25,Unemployed/Seeking,5,43.30252654678243,-5.670941540069447
2024,Langreo,Venezuela,26-35,Services,8,43.31425621325278,-5.681037801005905
2024,Langreo,Venezuela,26-35,Agriculture,8,43.29705311400353,-5.663738208058026
2024,Langreo,Venezuela,26-35,Construction,7,43.282223555401785,-5.686373979740178
2024,Langreo,Venezuela,26-35,Industry,5,43.29358701930461,-5.6788170656891825
2024,Langreo,Venezuela,26-35,Unemployed/Seeking,3,43.285826164723716,-5.68282131270277
2024,Langreo,Venezuela,36-50,Services,9,43.30074490894616,-5.666300608590359
2024,Langreo,Venezuela,36-50,Agriculture,7,43.30096536668886,-5.673578924579537
2024,Langreo,Venezuela,36-50,Construction,4,43.31182097069695,-5.668335621279604
2024,Langreo,Venezuela,36-50,Industry,3,43.31151599743939,-5.674715603262204
2024,Langreo,Venezuela,36-50,Unemployed/Seeking,5,43.30520869326821,-5.665132486002784
2024,Langreo,Venezuela,51-65,Services,8,43.31279062507432,-5.6957684917603455
2024,Langreo,Venezuela,51-65,Agriculture,5,43.298991468943136,-5.688594574673791
2024,Langreo,Venezuela,51-65,Construction,5,43.28022208226292,-5.699492017722887
2024,Langreo,Venezuela,51-65,Industry,6,43.29804405506976,-5.679924326129337
2024,Langreo,Venezuela,51-65,Unemployed/Seeking,2,43.280439161371,-5.6732715770192526
2024,Langreo,Venezuela,65+,Services,4,43.28233246744873,-5.684699389999461
2024,Langreo,Venezuela,65+,Agriculture,4,43.2914096389743,-5.689207326856602
2024,Langreo,Venezuela,65+,Construction,6,43.28723943949429,-5.6964859172934705
2024,Langreo,Venezuela,65+,Industry,3,43.315041334261274,-5.700169513693179
2024,Langreo,Venezuela,65+,Unemployed/Seeking,4,43.30977377136938,-5.69111080731147
2024,Langreo,Resto de España,18-25,Services,4,43.30258372494564,-5.672947925194347
2024,Langreo,Resto de España,18-25,Agriculture,3,43.28572494267168,-5.691573726605821
2024,Langreo,Resto de España,18-25,Construction,3,43.281189268777005,-5.698540973245077
2024,Langreo,Resto de España,18-25,Industry,4,43.30021919059236,-5.69883169721031
2024,Langreo,Resto de España,18-25,Unemployed/Seeking,6,43.280549151029,-5.681494027957207
2024,Langreo,Resto de España,26-35,Services,3,43.29491923415358,-5.6915557077592425
2024,Langreo,Resto de España,26-35,Agriculture,6,43.285591770272845,-5.703321108444856
2024,Langreo,Resto de España,26-35,Construction,4,43.29556034536,-5.686474583564791
2024,Langreo,Resto de España,26-35,Industry,7,43.28013817299536,-5.678732459901394
2024,Langreo,Resto de España,26-35,Unemployed/Seeking,4,43.295389018690344,-5.677694658978394
2024,Langreo,Resto de España,36-50,Services,5,43.278152801228984,-5.686860767622307
2024,Langreo,Resto de España,36-50,Agriculture,3,43.28296535664449,-5.701170333492278
2024,Langreo,Resto de España,36-50,Construction,8,43.28346261724082,-5.702304702509091
2024,Langreo,Resto de España,36-50,Industry,7,43.296094297887386,-5.678591627520304
2024,Langreo,Resto de España,36-50,Unemployed/Seeking,5,43.277453075327855,-5.686499239670655
2024,Langreo,Resto de España,51-65,Services,6,43.29328118211306,-5.6928033221302385
2024,Langreo,Resto de España,51-65,Agriculture,5,43.27678536203395,-5.679071110872153
2024,Langreo,Resto de España,51-65,Construction,3,43.30298531000249,-5.678390736872309
2024,Langreo,Resto de España,51-65,Industry,5,43.288710032475,-5.668652141592668
2024,Langreo,Resto de España,51-65,Unemployed/Seeking,6,43.29144404326033,-5.700919695740171
2024,Langreo,Resto de España,65+,Services,3,43.279761008429475,-5.677693619735921
2024,Langreo,Resto de España,65+,Agriculture,6,43.291724134748065,-5.6812323829149065
2024,Langreo,Resto de España,65+,Construction,3,43.29424861161735,-5.6672275725386205
2024,Langreo,Resto de España,65+,Industry,4,43.29128797117937,-5.672873926963878
2024,Langreo,Resto de España,65+,Unemployed/Seeking,5,43.282567028932284,-5.685276345419961
2024,Langreo,Otros,18-25,Services,4,43.282961959897435,-5.6990442781907555
2024,Langreo,Otros,18-25,Agriculture,7,43.29309934198833,-5.680148086240387
2024,Langreo,Otros,18-25,Construction,4,43.27819352627753,-5.675001995102014
2024,Langreo,Otros,18-25,Industry,5,43.28708338069207,-5.673390460564968
2024,Langreo,Otros,18-25,Unemployed/Seeking,4,43.27776282323936,-5.666351474843015
2024,Langreo,Otros,26-35,Services,5,43.30195698614292,-5.669969098893733
2024,Langreo,Otros,26-35,Agriculture,2,43.285259222949406,-5.679272260318812
2024,Langreo,Otros,26-35,Construction,5,43.31221723436955,-5.667550101344635
2024,Langreo,Otros,26-35,Industry,6,43.285824288895206,-5.666991384160479
2024,Langreo,Otros,26-35,Unemployed/Seeking,7,43.280706198607405,-5.689795678936167
2024,Langreo,Otros,36-50,Services,7,43.28324379944502,-5.685743204986489
2024,Langreo,Otros,36-50,Agriculture,8,43.29673438692055,-5.685253275123708
2024,Langreo,Otros,36-50,Construction,8,43.28877163688512,-5.687248606308099
2024,Langreo,Otros,36-50,Industry,6,43.29703184742782,-5.683033234737857
2024,Langreo,Otros,36-50,Unemployed/Seeking,4,43.29217233562561,-5.67540000878958
2024,Langreo,Otros,51-65,Services,3,43.30166716968911,-5.672872793360625
2024,Langreo,Otros,51-65,Agriculture,3,43.293699053967174,-5.691929398532642
2024,Langreo,Otros,51-65,Construction,6,43.31116477172184,-5.6899186218901265
2024,Langreo,Otros,51-65,Industry,3,43.27748165257185,-5.689288050777669
2024,Langreo,Otros,51-65,Unemployed/Seeking,5,43.29906050291594,-5.686420050172662
2024,Langreo,Otros,65+,Services,4,43.28536538361604,-5.667218826269199
2024,Langreo,Otros,65+,Agriculture,4,43.3056911342683,-5.672431120252446
2024,Langreo,Otros,65+,Construction,4,43.31501640583863,-5.692306860653487
2024,Langreo,Otros,65+,Industry,6,43.28933911838659,-5.673129831210311
2024,Langreo,Otros,65+,Unemployed/Seeking,3,43.30017921278139,-5.6678381961199875
2024,Oviedo,Rumanía,18-25,Services,2,43.36272853256287,-5.864786703848927
2024,Oviedo,Rumanía,18-25,Agriculture,3,43.354769287592866,-5.83610108073766
2024,Oviedo,Rumanía,18-25,Construction,2,43.35617642172447,-5.855845710331148
2024,Oviedo,Rumanía,18-25,Industry,4,43.372166632567705,-5.852732077381034
2024,Oviedo,Rumanía,18-25,Unemployed/Seeking,2,43.378592082639464,-5.8633929270544085
2024,Oviedo,Rumanía,26-35,Services,2,43.38078249134927,-5.853716094470436
2024,Oviedo,Rumanía,26-35,Agriculture,2,43.35255843079841,-5.848289269028852
2024,Oviedo,Rumanía,26-35,Construction,5,43.36079162853429,-5.841212480616747
2024,Oviedo,Rumanía,26-35,Industry,5,43.34956436381043,-5.862747046508117
2024,Oviedo,Rumanía,26-35,Unemployed/Seeking,5,43.37250845239194,-5.832232144191768
2024,Oviedo,Rumanía,36-50,Services,2,43.34823562873665,-5.832297183289387
2024,Oviedo,Rumanía,36-50,Agriculture,4,43.376846533623926,-5.83362628040047
2024,Oviedo,Rumanía,36-50,Construction,3,43.354844178326424,-5.86465887134603
2024,Oviedo,Rumanía,36-50,Industry,2,43.36220739955945,-5.855355571569316
2024,Oviedo,Rumanía,36-50,Unemployed/Seeking,4,43.3566619605429,-5.83750025911996
2024,Oviedo,Rumanía,51-65,Services,4,43.35652770790601,-5.858796459254749
2024,Oviedo,Rumanía,51-65,Agriculture,3,43.35079592799309,-5.862707194711184
2024,Oviedo,Rumanía,51-65,Construction,3,43.35767957718357,-5.860406782029025
2024,Oviedo,Rumanía,51-65,Industry,1,43.345125395938325,-5.835941269072259
2024,Oviedo,Rumanía,51-65,Unemployed/Seeking,4,43.34722664180527,-5.866974379666206
2024,Oviedo,Rumanía,65+,Services,3,43.355797552103645,-5.863941133132837
2024,Oviedo,Rumanía,65+,Agriculture,5,43.347246894088926,-5.856744421225096
2024,Oviedo,Rumanía,65+,Construction,5,43.360233168438164,-5.844429515358217
2024,Oviedo,Rumanía,65+,Industry,3,43.375848809595944,-5.848841385114547
2024,Oviedo,Rumanía,65+,Unemployed/Seeking,3,43.36498931653683,-5.838192086404474
2024,Oviedo,Marruecos,18-25,Services,4,43.347703540161106,-5.8593707059887
2024,Oviedo,Marruecos,18-25,Agriculture,1,43.37988772305597,-5.838540552677862
2024,Oviedo,Marruecos,18-25,Construction,1,43.352962810020315,-5.867320980453134
2024,Oviedo,Marruecos,18-25,Industry,2,43.34234837789896,-5.86085960456186
2024,Oviedo,Marruecos,18-25,Unemployed/Seeking,2,43.371177601211734,-5.869026570767477
2024,Oviedo,Marruecos,26-35,Services,4,43.3647336242331,-5.831628422535729
2024,Oviedo,Marruecos,26-35,Agriculture,2,43.361834007264186,-5.868364446497572
2024,Oviedo,Marruecos,26-35,Construction,5,43.366659786854655,-5.829482608434752
2024,Oviedo,Marruecos,26-35,Industry,2,43.35534171422937,-5.856831847573013
2024,Oviedo,Marruecos,26-35,Unemployed/Seeking,4,43.378503654114105,-5.8522859874511655
2024,Oviedo,Marruecos,36-50,Services,4,43.343679403264936,-5.85364292836552
2024,Oviedo,Marruecos,36-50,Agriculture,5,43.37118414622652,-5.848832793215471
2024,Oviedo,Marruecos,36-50,Construction,3,43.38048811777253,-5.83438856501141
2024,Oviedo,Marruecos,36-50,Industry,2,43.36736628008897,-5.857988265593216
2024,Oviedo,Marruecos,36-50,Unemployed/Seeking,3,43.376533844612666,-5.844198004674078
2024,Oviedo,Marruecos,51-65,Services,2,43.36474589247459,-5.8552656750845475
2024,Oviedo,Marruecos,51-65,Agriculture,2,43.37912050978401,-5.8601785165280456
2024,Oviedo,Marruecos,51-65,Construction,2,43.34763215791523,-5.84986662473387
2024,Oviedo,Marruecos,51-65,Industry,3,43.36419798640806,-5.860277790333723
2024,Oviedo,Marruecos,51-65,Unemployed/Seeking,3,43.374793331641364,-5.8363888515434965
2024,Oviedo,Marruecos,65+,Services,2,43.37519818853146,-5.858854297195536
2024,Oviedo,Marruecos,65+,Agriculture,2,43.37308105938792,-5.830889936936319
2024,Oviedo,Marruecos,65+,Construction,3,43.37322210069247,-5.859353302461452
2024,Oviedo,Marruecos,65+,Industry,2,43.37174418427428,-5.8374383156192815
2024,Oviedo,Marruecos,65+,Unemployed/Seeking,3,43.3711503745157,-5.859291801920509
2024,Oviedo,Colombia,18-25,Services,4,43.34253334177355,-5.843703828260025
2024,Oviedo,Colombia,18-25,Agriculture,3,43.35761036123423,-5.835337518562041
2024,Oviedo,Colombia,18-25,Construction,2,43.36687263079393,-5.836928846747131
2024,Oviedo,Colombia,18-25,Industry,4,43.376100040408275,-5.840591527643677
2024,Oviedo,Colombia,18-25,Unemployed/Seeking,3,43.369424078802446,-5.851874917527635
2024,Oviedo,Colombia,26-35,Services,5,43.364701173989914,-5.835267322683957
2024,Oviedo,Colombia,26-35,Agriculture,4,43.34667525837042,-5.857192307975092
2024,Oviedo,Colombia,26-35,Construction,3,43.34339222592446,-5.847309062217333
2024,Oviedo,Colombia,26-35,Industry,1,43.34152099314978,-5.838504771546876
2024,Oviedo,Colombia,26-35,Unemployed/Seeking,5,43.37381122908783,-5.866068979406485
2024,Oviedo,Colombia,36-50,Services,4,43.363040104158536,-5.852339286129955
2024,Oviedo,Colombia,36-50,Agriculture,5,43.35140927657679,-5.831469515373993
2024,Oviedo,Colombia,36-50,Construction,2,43.34902812244109,-5.852645640602285
2024,Oviedo,Colombia,36-50,Industry,4,43.360487763238034,-5.852182328353841
2024,Oviedo,Colombia,36-50,Unemployed/Seeking,3,43.36880505508306,-5.849804252678242
2024,Oviedo,Colombia,51-65,Services,2,43.378323127700114,-5.866073051932308
2024,Oviedo,Colombia,51-65,Agriculture,3,43.34994852762971,-5.855615076397925
2024,Oviedo,Colombia,51-65,Construction,2,43.34581478627092,-5.860125279979924
2024,Oviedo,Colombia,51-65,Industry,4,43.349188172835944,-5.849285864846062
2024,Oviedo,Colombia,51-65,Unemployed/Seeking,2,43.3693692302719,-5.859567602713516
2024,Oviedo,Colombia,65+,Services,2,43.371007212126294,-5.856876803522842
2024,Oviedo,Colombia,65+,Agriculture,2,43.3769177056087,-5.855237854011728
2024,Oviedo,Colombia,65+,Construction,3,43.34197377321262,-5.855844943947293
2024,Oviedo,Colombia,65+,Industry,4,43.35566253738012,-5.834378496950569
2024,Oviedo,Colombia,65+,Unemployed/Seeking,2,43.34147250896219,-5.847780048392047
2024,Oviedo,Venezuela,18-25,Services,4,43.346446401335555,-5.863159658441218
2024,Oviedo,Venezuela,18-25,Agriculture,2,43.350169472279084,-5.852496131923886
2024,Oviedo,Venezuela,18-25,Construction,4,43.354426267800974,-5.850850169774052
2024,Oviedo,Venezuela,18-25,Industry,2,43.34856287705125,-5.862486235920198
2024,Oviedo,Venezuela,18-25,Unemployed/Seeking,2,43.36473416996046,-5.8377652570719585
2024,Oviedo,Venezuela,26-35,Services,4,43.35586135860064,-5.83156184483268
2024,Oviedo,Venezuela,26-35,Agriculture,3,43.37663886985267,-5.8541203624918525
2024,Oviedo,Venezuela,26-35,Construction,4,43.35380528666217,-5.857047753209228
2024,Oviedo,Venezuela,26-35,Industry,3,43.36865001565343,-5.864585207659065
2024,Oviedo,Venezuela,26-35,Unemployed/Seeking,4,43.37588432785566,-5.850209089369154
2024,Oviedo,Venezuela,36-50,Services,3,43.35269580281102,-5.849769796359883
2024,Oviedo,Venezuela,36-50,Agriculture,2,43.36701069633009,-5.837099213897116
2024,Oviedo,Venezuela,36-50,Construction,2,43.349044707844605,-5.847580531820429
2024,Oviedo,Venezuela,36-50,Industry,5,43.36915635557468,-5.856395185139935
2024,Oviedo,Venezuela,36-50,Unemployed/Seeking,3,43.37716085201443,-5.847749886071418
2024,Oviedo,Venezuela,51-65,Services,4,43.366315107742714,-5.83570097086197
2024,Oviedo,Venezuela,51-65,Agriculture,2,43.3531946711938,-5.831029439952979
2024,Oviedo,Venezuela,51-65,Construction,1,43.378677513690405,-5.836348810479368
2024,Oviedo,Venezuela,51-65,Industry,2,43.36759060683142,-5.848909984944908
2024,Oviedo,Venezuela,51-65,Unemployed/Seeking,2,43.37725278182446,-5.843602182658075
2024,Oviedo,Venezuela,65+,Services,2,43.348217337674434,-5.830164709371826
2024,Oviedo,Venezuela,65+,Agriculture,1,43.34418171125146,-5.866911371496585
2024,Oviedo,Venezuela,65+,Construction,1,43.34305865467546,-5.8408030893585385
2024,Oviedo,Venezuela,65+,Industry,1,43.36719226738746,-5.846160419838887
2024,Oviedo,Venezuela,65+,Unemployed/Seeking,2,43.371316109289204,-5.855729378060532
2024,Oviedo,Resto de España,18-25,Services,3,43.37852953500625,-5.867198278434583
2024,Oviedo,Resto de España,18-25,Agriculture,1,43.361887827000594,-5.844959193867948
2024,Oviedo,Resto de España,18-25,Construction,2,43.35325830645579,-5.83861446290573
2024,Oviedo,Resto de España,18-25,Industry,3,43.350187422398626,-5.852659167160316
2024,Oviedo,Resto de España,18-25,Unemployed/Seeking,2,43.37390838549762,-5.837479096460823
2024,Oviedo,Resto de España,26-35,Services,3,43.358513322626834,-5.841699053737898
2024,Oviedo,Resto de España,26-35,Agriculture,5,43.37307074886769,-5.841045324595285
2024,Oviedo,Resto de España,26-35,Construction,2,43.35909868448667,-5.849560015476482
2024,Oviedo,Resto de España,26-35,Industry,4,43.35902422855638,-5.86323712119595
2024,Oviedo,Resto de España,26-35,Unemployed/Seeking,2,43.37416778399635,-5.852849225839979
2024,Oviedo,Resto de España,36-50,Services,4,43.343411083059024,-5.841714977822774
2024,Oviedo,Resto de España,36-50,Agriculture,2,43.36556067837528,-5.845685369998708
2024,Oviedo,Resto de España,36-50,Construction,4,43.35247934977632,-5.84796247971231
2024,Oviedo,Resto de España,36-50,Industry,3,43.35405372347525,-5.868251286065814
2024,Oviedo,Resto de España,36-50,Unemployed/Seeking,2,43.373091261654785,-5.840772032700335
2024,Oviedo,Resto de España,51-65,Services,2,43.35613288760067,-5.840923700540065
2024,Oviedo,Resto de España,51-65,Agriculture,4,43.37430438548346,-5.849528282938351
2024,Oviedo,Resto de España,51-65,Construction,2,43.35918729942516,-5.868241926136932
2024,Oviedo,Resto de España,51-65,Industry,4,43.351719325964396,-5.856216821047895
2024,Oviedo,Resto de España,51-65,Unemployed/Seeking,3,43.34555892565267,-5.857795911353311
2024,Oviedo,Resto de España,65+,Services,2,43.372054009587515,-5.830826929395872
2024,Oviedo,Resto de España,65+,Agriculture,3,43.37925999642222,-5.8306485816472415
2024,Oviedo,Resto de España,65+,Construction,4,43.34226940366529,-5.849341801101411
2024,Oviedo,Resto de España,65+,Industry,3,43.359198484215334,-5.8567467304717615
2024,Oviedo,Resto de España,65+,Unemployed/Seeking,3,43.36321865629726,-5.863796504764245
2024,Oviedo,Otros,18-25,Services,3,43.3553025541796,-5.848841550238777
2024,Oviedo,Otros,18-25,Agriculture,1,43.343442456188114,-5.844274206822083
2024,Oviedo,Otros,18-25,Construction,3,43.343765242858325,-5.861430465086489
2024,Oviedo,Otros,18-25,Industry,4,43.358615125693056,-5.853604182550023
2024,Oviedo,Otros,18-25,Unemployed/Seeking,3,43.356887338254516,-5.864758640609827
2024,Oviedo,Otros,26-35,Services,3,43.347526722590814,-5.861224306796737
2024,Oviedo,Otros,26-35,Agriculture,4,43.37127760762516,-5.863896994613982
2024,Oviedo,Otros,26-35,Construction,5,43.353878602047004,-5.868008753026038
2024,Oviedo,Otros,26-35,Industry,3,43.348823942799534,-5.867674263261201
2024,Oviedo,Otros,26-35,Unemployed/Seeking,1,43.36189249869858,-5.832375439525003
2024,Oviedo,Otros,36-50,Services,4,43.38093108478654,-5.860732324161631
2024,Oviedo,Otros,36-50,Agriculture,4,43.37021665089246,-5.851937800393791
2024,Oviedo,Otros,36-50,Construction,2,43.37542255080949,-5.8680969665752025
2024,Oviedo,Otros,36-50,Industry,3,43.34993085810167,-5.852955713658228
2024,Oviedo,Otros,36-50,Unemployed/Seeking,2,43.34683725851367,-5.8429965063766085
2024,Oviedo,Otros,51-65,Services,2,43.360149826929245,-5.835369667775387
2024,Oviedo,Otros,51-65,Agriculture,3,43.342406036588294,-5.866467149527379
2024,Oviedo,Otros,51-65,Construction,3,43.34967459858661,-5.855329586313251
2024,Oviedo,Otros,51-65,Industry,4,43.350658018371156,-5.840281909458662
2024,Oviedo,Otros,51-65,Unemployed/Seeking,3,43.37503033625373,-5.830215194737289
2024,Oviedo,Otros,65+,Services,1,43.36788323961846,-5.852567085175286
2024,Oviedo,Otros,65+,Agriculture,1,43.358423740717164,-5.851341317132576
2024,Oviedo,Otros,65+,Construction,3,43.368133813020414,-5.855242275584303
2024,Oviedo,Otros,65+,Industry,1,43.37242251138963,-5.859591597499351
2024,Oviedo,Otros,65+,Unemployed/Seeking,4,43.345522708051604,-5.844087948142801
2024,Gijón,Rumanía,18-25,Services,2,43.5466273292913,-5.655312304960893
2024,Gijón,Rumanía,18-25,Agriculture,4,43.541580721426364,-5.671579400800003
2024,Gijón,Rumanía,18-25,Construction,8,43.52270083598483,-5.666654079456632
2024,Gijón,Rumanía,18-25,Industry,6,43.54447820543295,-5.666489026337423
2024,Gijón,Rumanía,18-25,Unemployed/Seeking,4,43.53634818553274,-5.6593412317023
2024,Gijón,Rumanía,26-35,Services,3,43.536252282347874,-5.656526851137627
2024,Gijón,Rumanía,26-35,Agriculture,4,43.53260553388911,-5.65413500120018
2024,Gijón,Rumanía,26-35,Construction,10,43.531850112744124,-5.673306122285123
2024,Gijón,Rumanía,26-35,Industry,6,43.521890120040595,-5.646747376134912
2024,Gijón,Rumanía,26-35,Unemployed/Seeking,4,43.53371135846784,-5.672255749684487
2024,Gijón,Rumanía,36-50,Services,6,43.51433623889122,-5.6708570970778345
2024,Gijón,Rumanía,36-50,Agriculture,11,43.51577134081519,-5.67972879428573
2024,Gijón,Rumanía,36-50,Construction,11,43.549379436371524,-5.678765624624988
2024,Gijón,Rumanía,36-50,Industry,3,43.53690044072552,-5.648089446953848
2024,Gijón,Rumanía,36-50,Unemployed/Seeking,3,43.5352589265076,-5.675133117178723
2024,Gijón,Rumanía,51-65,Services,6,43.545953638287905,-5.655399151225406
2024,Gijón,Rumanía,51-65,Agriculture,8,43.52575924985434,-5.65191324432637
2024,Gijón,Rumanía,51-65,Construction,9,43.538056547893845,-5.643753254960252
2024,Gijón,Rumanía,51-65,Industry,5,43.522021570136765,-5.647663001332078
2024,Gijón,Rumanía,51-65,Unemployed/Seeking,3,43.52718322572284,-5.681238706359141
2024,Gijón,Rumanía,65+,Services,2,43.525819524195626,-5.668464165134438
2024,Gijón,Rumanía,65+,Agriculture,3,43.516654985232314,-5.643525198915247
2024,Gijón,Rumanía,65+,Construction,8,43.521207486375516,-5.67556285883231
2024,Gijón,Rumanía,65+,Industry,7,43.527660250161865,-5.646990878039814
2024,Gijón,Rumanía,65+,Unemployed/Seeking,5,43.535929555596645,-5.67739939933512
2024,Gijón,Marruecos,18-25,Services,2,43.54073235815183,-5.645284474098196
2024,Gijón,Marruecos,18-25,Agriculture,7,43.54391601286396,-5.665059328459122
2024,Gijón,Marruecos,18-25,Construction,4,43.54261341178741,-5.6422870791596305
2024,Gijón,Marruecos,18-25,Industry,3,43.543018150127885,-5.65015794810608
2024,Gijón,Marruecos,18-25,Unemployed/Seeking,3,43.542306568042214,-5.672003105431385
2024,Gijón,Marruecos,26-35,Services,3,43.52787256857132,-5.668911571734424
2024,Gijón,Marruecos,26-35,Agriculture,6,43.538339745899535,-5.659332952747167
2024,Gijón,Marruecos,26-35,Construction,7,43.54872475296769,-5.671936164992951
2024,Gijón,Marruecos,26-35,Industry,6,43.52382059540587,-5.661861853088475
2024,Gijón,Marruecos,26-35,Unemployed/Seeking,6,43.53314146727709,-5.657163930341358
2024,Gijón,Marruecos,36-50,Services,3,43.54440942007194,-5.65098352920864
2024,Gijón,Marruecos,36-50,Agriculture,5,43.54155798440023,-5.675467495386695
2024,Gijón,Marruecos,36-50,Construction,8,43.533386724045826,-5.646834644288705
2024,Gijón,Marruecos,36-50,Industry,3,43.541287351433105,-5.660462947023636
2024,Gijón,Marruecos,36-50,Unemployed/Seeking,7,43.540730981303376,-5.667806880741204
2024,Gijón,Marruecos,51-65,Services,2,43.5463354923903,-5.6727345240142935
2024,Gijón,Marruecos,51-65,Agriculture,5,43.514179554878794,-5.646868976735377
2024,Gijón,Marruecos,51-65,Construction,7,43.53555329513939,-5.658649764092296
2024,Gijón,Marruecos,51-65,Industry,5,43.5179183333933,-5.650221166930585
2024,Gijón,Marruecos,51-65,Unemployed/Seeking,2,43.522791854877084,-5.655065488069225
2024,Gijón,Marruecos,65+,Services,4,43.529885617670224,-5.6765227019941875
2024,Gijón,Marruecos,65+,Agriculture,4,43.53922235005574,-5.644651215603389
2024,Gijón,Marruecos,65+,Construction,3,43.546172999786364,-5.669178208838471
2024,Gijón,Marruecos,65+,Industry,3,43.547344807104714,-5.665235282200085
2024,Gijón,Marruecos,65+,Unemployed/Seeking,2,43.52752753745797,-5.674199280373817
2024,Gijón,Colombia,18-25,Services,5,43.54242295990302,-5.6442461938239905
2024,Gijón,Colombia,18-25,Agriculture,7,43.54088346351168,-5.668723361447848
2024,Gijón,Colombia,18-25,Construction,5,43.52292036495751,-5.663561096350447
2024,Gijón,Colombia,18-25,Industry,6,43.54216062861158,-5.678805199139918
2024,Gijón,Colombia,18-25,Unemployed/Seeking,5,43.52282878834464,-5.658958690848344
2024,Gijón,Colombia,26-35,Services,4,43.54068950314208,-5.647912078323065
2024,Gijón,Colombia,26-35,Agriculture,6,43.52134695548237,-5.661503105103248
2024,Gijón,Colombia,26-35,Construction,5,43.53178580397999,-5.677642259134679
2024,Gijón,Colombia,26-35,Industry,5,43.51705273761199,-5.673059833879058
2024,Gijón,Colombia,26-35,Unemployed/Seeking,4,43.53215731102868,-5.670386178198194
2024,Gijón,Colombia,36-50,Services,7,43.529891654359766,-5.67755223292549
2024,Gijón,Colombia,36-50,Agriculture,6,43.53640692076379,-5.674541809549159
2024,Gijón,Colombia,36-50,Construction,6,43.52401150246787,-5.649585351447294
2024,Gijón,Colombia,36-50,Industry,6,43.51685619880556,-5.658543629006146
2024,Gijón,Colombia,36-50,Unemployed/Seeking,6,43.548393997880865,-5.657953628586427
2024,Gijón,Colombia,51-65,Services,4,43.522510013008,-5.649790903912158
2024,Gijón,Colombia,51-65,Agriculture,6,43.534477490314366,-5.660939188764359
2024,Gijón,Colombia,51-65,Construction,7,43.538426955654934,-5.65082667072175
2024,Gijón,Colombia,51-65,Industry,3,43.550398993450834,-5.668098946568032
2024,Gijón,Colombia,51-65,Unemployed/Seeking,4,43.53992753821459,-5.650407935327274
2024,Gijón,Colombia,65+,Services,6,43.5355531013249,-5.654669155544438
2024,Gijón,Colombia,65+,Agriculture,5,43.533488619314504,-5.653850332065699
2024,Gijón,Colombia,65+,Construction,5,43.53394844495936,-5.65340115332435
2024,Gijón,Colombia,65+,Industry,5,43.51471401688395,-5.658896700375543
2024,Gijón,Colombia,65+,Unemployed/Seeking,4,43.512635326390395,-5.666968575688262
2024,Gijón,Venezuela,18-25,Services,3,43.54803128868806,-5.676730842616876
2024,Gijón,Venezuela,18-25,Agriculture,4,43.51513295553704,-5.645254757027275
2024,Gijón,Venezuela,18-25,Construction,5,43.52457517473028,-5.67145263957957
2024,Gijón,Venezuela,18-25,Industry,3,43.53808667471312,-5.648776312724615
2024,Gijón,Venezuela,18-25,Unemployed/Seeking,5,43.51641224310508,-5.667095626595453
2024,Gijón,Venezuela,26-35,Services,7,43.55212196734356,-5.678773108265841
2024,Gijón,Venezuela,26-35,Agriculture,4,43.51589149314628,-5.6584700687974925
2024,Gijón,Venezuela,26-35,Construction,6,43.53724143547039,-5.6617338106115564
2024,Gijón,Venezuela,26-35,Industry,5,43.54518847651178,-5.678051135892178
2024,Gijón,Venezuela,26-35,Unemployed/Seeking,7,43.54753703270227,-5.668118779062443
2024,Gijón,Venezuela,36-50,Services,9,43.535784186955595,-5.651957209082382
2024,Gijón,Venezuela,36-50,Agriculture,5,43.526208958444535,-5.658915496996108
2024,Gijón,Venezuela,36-50,Construction,3,43.53695654455891,-5.673938289189336
2024,Gijón,Venezuela,36-50,Industry,8,43.54215338852219,-5.658382733660001
2024,Gijón,Venezuela,36-50,Unemployed/Seeking,8,43.514478948551265,-5.67036220026532
2024,Gijón,Venezuela,51-65,Services,8,43.54133229853936,-5.654715141952421
2024,Gijón,Venezuela,51-65,Agriculture,4,43.531964036420405,-5.64253428300687
2024,Gijón,Venezuela,51-65,Construction,3,43.51383236960193,-5.658482773999456
2024,Gijón,Venezuela,51-65,Industry,7,43.54313571270444,-5.664831595845232
2024,Gijón,Venezuela,51-65,Unemployed/Seeking,3,43.51250124574536,-5.6458961882938885
2024,Gijón,Venezuela,65+,Services,3,43.524953372958386,-5.6460367899791315
2024,Gijón,Venezuela,65+,Agriculture,3,43.518559660120125,-5.654163357602772
2024,Gijón,Venezuela,65+,Construction,5,43.53443670353887,-5.651499991022583
2024,Gijón,Venezuela,65+,Industry,5,43.54571771315352,-5.672996977955616
2024,Gijón,Venezuela,65+,Unemployed/Seeking,3,43.51267040802153,-5.6590151809542775
2024,Gijón,Resto de España,18-25,Services,5,43.55140398015734,-5.661153169501984
2024,Gijón,Resto de España,18-25,Agriculture,4,43.53807508966104,-5.67829389918263
2024,Gijón,Resto de España,18-25,Construction,6,43.518682929902916,-5.646589534935991
2024,Gijón,Resto de España,18-25,Industry,6,43.54790865944303,-5.652001127205422
2024,Gijón,Resto de España,18-25,Unemployed/Seeking,6,43.526054484056424,-5.658090451620045
2024,Gijón,Resto de España,26-35,Services,7,43.53509844774801,-5.659508579049237
2024,Gijón,Resto de España,26-35,Agriculture,3,43.53231524497193,-5.658524663469593
2024,Gijón,Resto de España,26-35,Construction,7,43.51526740232328,-5.660862251679261
2024,Gijón,Resto de España,26-35,Industry,7,43.52687722940919,-5.673051082096242
2024,Gijón,Resto de España,26-35,Unemployed/Seeking,4,43.54420227749306,-5.645578443827902
2024,Gijón,Resto de España,36-50,Services,7,43.52903459178986,-5.677383708994599
2024,Gijón,Resto de España,36-50,Agriculture,8,43.53502280921406,-5.676972764223779
2024,Gijón,Resto de España,36-50,Construction,6,43.5464083528053,-5.677188439374391
2024,Gijón,Resto de España,36-50,Industry,7,43.52744447046017,-5.6797905605406545
2024,Gijón,Resto de España,36-50,Unemployed/Seeking,6,43.52582920780827,-5.645782332152879
2024,Gijón,Resto de España,51-65,Services,2,43.517546485785005,-5.649822221692558
2024,Gijón,Resto de España,51-65,Agriculture,3,43.541263260158445,-5.6786981812536235
2024,Gijón,Resto de España,51-65,Construction,5,43.52569688741699,-5.659520858142615
2024,Gijón,Resto de España,51-65,Industry,3,43.53776482509666,-5.671124330214319
2024,Gijón,Resto de España,51-65,Unemployed/Seeking,7,43.53337727997416,-5.643527230899947
2024,Gijón,Resto de España,65+,Services,4,43.51718945834665,-5.659117964391916
2024,Gijón,Resto de España,65+,Agriculture,6,43.54703380786098,-5.679934876469544
2024,Gijón,Resto de España,65+,Construction,4,43.53554273791609,-5.656729819689127
2024,Gijón,Resto de España,65+,Industry,4,43.51606681333165,-5.675515901799154
2024,Gijón,Resto de España,65+,Unemployed/Seeking,2,43.518901052853195,-5.663283741704823
2024,Gijón,Otros,18-25,Services,2,43.514795824524136,-5.66703427877706
2024,Gijón,Otros,18-25,Agriculture,5,43.53588747303005,-5.644439547383432
2024,Gijón,Otros,18-25,Construction,7,43.51827923568214,-5.679824889219466
2024,Gijón,Otros,18-25,Industry,4,43.54158005625381,-5.67141300995184
2024,Gijón,Otros,18-25,Unemployed/Seeking,7,43.516409721460256,-5.642547463693708
2024,Gijón,Otros,26-35,Services,7,43.533430147152814,-5.673607010079928
2024,Gijón,Otros,26-35,Agriculture,5,43.51288191717806,-5.664011932592063
2024,Gijón,Otros,26-35,Construction,4,43.54447842553447,-5.642343010642935
2024,Gijón,Otros,26-35,Industry,4,43.520905488732055,-5.66985736380248
2024,Gijón,Otros,26-35,Unemployed/Seeking,4,43.54014851282866,-5.669773995805319
2024,Gijón,Otros,36-50,Services,7,43.51238750690532,-5.650513436239258
2024,Gijón,Otros,36-50,Agriculture,7,43.55153309511217,-5.680064278858166
2024,Gijón,Otros,36-50,Construction,5,43.51787769621792,-5.673368086473058
2024,Gijón,Otros,36-50,Industry,7,43.52509906362699,-5.6764568740536445
2024,Gijón,Otros,36-50,Unemployed/Seeking,7,43.546437631920476,-5.658114195718261
2024,Gijón,Otros,51-65,Services,4,43.52825911610685,-5.669618144829024
2024,Gijón,Otros,51-65,Agriculture,5,43.53221083889978,-5.651675067710087
2024,Gijón,Otros,51-65,Construction,6,43.534002950610954,-5.665290432456473
2024,Gijón,Otros,51-65,Industry,5,43.534961127199225,-5.681149636651496
2024,Gijón,Otros,51-65,Unemployed/Seeking,6,43.535625726223316,-5.653162499311221
2024,Gijón,Otros,65+,Services,5,43.53186663455502,-5.655073240683972
2024,Gijón,Otros,65+,Agriculture,2,43.53438625218193,-5.657521981045821
2024,Gijón,Otros,65+,Construction,5,43.51305618945383,-5.676004084489483
2024,Gijón,Otros,65+,Industry,2,43.543860104948905,-5.649565041103735
2024,Gijón,Otros,65+,Unemployed/Seeking,5,43.536516388910236,-5.665043608018665
2025,Aller,Rumanía,18-25,Services,1,43.164610263980386,-5.647786786468754
2025,Aller,Rumanía,18-25,Agriculture,1,43.13125028894288,-5.643653161874402
2025,Aller,Rumanía,18-25,Construction,2,43.14852765250944,-5.664462233019645
2025,Aller,Rumanía,18-25,Industry,1,43.168163161677384,-5.635726203879986
2025,Aller,Rumanía,18-25,Unemployed/Seeking,1,43.16519328101453,-5.645668731484526
2025,Aller,Rumanía,26-35,Services,1,43.13405150696519,-5.653507984608573
2025,Aller,Rumanía,26-35,Agriculture,2,43.14786340720318,-5.64254797538382
2025,Aller,Rumanía,26-35,Construction,2,43.152704752435326,-5.658160929835455
2025,Aller,Rumanía,26-35,Industry,1,43.145036394018305,-5.636018738040213
2025,Aller,Rumanía,26-35,Unemployed/Seeking,1,43.13095255284291,-5.65889345283744
2025,Aller,Rumanía,36-50,Services,1,43.144700301793335,-5.63193076390305
2025,Aller,Rumanía,36-50,Agriculture,2,43.156498765914314,-5.651562286910988
2025,Aller,Rumanía,36-50,Construction,1,43.14076595456336,-5.6475201000966875
2025,Aller,Rumanía,36-50,Industry,1,43.138395647665284,-5.667574947259697
2025,Aller,Rumanía,36-50,Unemployed/Seeking,1,43.13156040481868,-5.6418630465895925
2025,Aller,Rumanía,51-65,Services,1,43.169302261465,-5.645329453611965
2025,Aller,Rumanía,51-65,Agriculture,1,43.14885001716955,-5.6569644834834705
2025,Aller,Rumanía,51-65,Construction,1,43.16132960425398,-5.667419475191109
2025,Aller,Rumanía,51-65,Industry,1,43.14372206643718,-5.661929558786193
2025,Aller,Rumanía,51-65,Unemployed/Seeking,1,43.166299861096505,-5.667713424795711
2025,Aller,Rumanía,65+,Services,1,43.14718942782067,-5.638576495665133
2025,Aller,Rumanía,65+,Agriculture,1,43.16949541122394,-5.66452576686818
2025,Aller,Rumanía,65+,Construction,1,43.14331798219891,-5.632518980503286
2025,Aller,Rumanía,65+,Industry,1,43.13402781161276,-5.668727007501674
2025,Aller,Rumanía,65+,Unemployed/Seeking,1,43.15938830859406,-5.664841335235345
2025,Aller,Marruecos,18-25,Services,1,43.133041715233766,-5.660235715939663
2025,Aller,Marruecos,18-25,Agriculture,1,43.13608350103405,-5.656380596092444
2025,Aller,Marruecos,18-25,Construction,1,43.13982697291947,-5.664197711265733
2025,Aller,Marruecos,18-25,Industry,1,43.160986295276494,-5.6574521123328525
2025,Aller,Marruecos,18-25,Unemployed/Seeking,1,43.155125672915204,-5.65019322116856
2025,Aller,Marruecos,26-35,Services,1,43.164148152432915,-5.659214579933245
2025,Aller,Marruecos,26-35,Agriculture,1,43.14104504587218,-5.648783344377954
2025,Aller,Marruecos,26-35,Construction,1,43.168664703523596,-5.6642008070383545
2025,Aller,Marruecos,26-35,Industry,1,43.13327827051906,-5.642280275142501
2025,Aller,Marruecos,26-35,Unemployed/Seeking,1,43.13357717851014,-5.649153629532222
2025,Aller,Marruecos,36-50,Services,1,43.14816355288059,-5.63961138604453
2025,Aller,Marruecos,36-50,Agriculture,1,43.14805961352262,-5.649008317934151
2025,Aller,Marruecos,36-50,Construction,1,43.1338702643526,-5.653660360494787
2025,Aller,Marruecos,36-50,Industry,1,43.133991055273285,-5.660360823297211
2025,Aller,Marruecos,36-50,Unemployed/Seeking,1,43.16892508650247,-5.665525817346462
2025,Aller,Marruecos,51-65,Services,1,43.14506450016119,-5.660291175253389
2025,Aller,Marruecos,51-65,Agriculture,1,43.152012140767766,-5.66042626908793
2025,Aller,Marruecos,51-65,Construction,1,43.14431554235336,-5.65048502868504
2025,Aller,Marruecos,51-65,Industry,1,43.13897280888162,-5.660139789523111
2025,Aller,Marruecos,51-65,Unemployed/Seeking,1,43.138237205005126,-5.650727289448642
2025,Aller,Marruecos,65+,Services,1,43.146961875020274,-5.644052957430069
2025,Aller,Marruecos,65+,Agriculture,1,43.14355419207772,-5.654989619774198
2025,Aller,Marruecos,65+,Construction,1,43.1511477276577,-5.651443733190445
2025,Aller,Marruecos,65+,Industry,1,43.16853511897279,-5.653472507890154
2025,Aller,Marruecos,65+,Unemployed/Seeking,1,43.141367019964285,-5.64277237808344
2025,Aller,Colombia,18-25,Services,1,43.13172621994857,-5.634017577387865
2025,Aller,Colombia,18-25,Agriculture,1,43.15837405913107,-5.639195314705082
2025,Aller,Colombia,18-25,Construction,1,43.13735019168209,-5.6650388921829755
2025,Aller,Colombia,18-25,Industry,1,43.1599763103267,-5.662972425769042
2025,Aller,Colombia,18-25,Unemployed/Seeking,1,43.16685511252221,-5.645226659320252
2025,Aller,Colombia,26-35,Services,2,43.1305507573716,-5.6490539981603725
2025,Aller,Colombia,26-35,Agriculture,1,43.15324214385553,-5.649655124193241
2025,Aller,Colombia,26-35,Construction,1,43.15689428925362,-5.660970599703562
2025,Aller,Colombia,26-35,Industry,1,43.13084569573002,-5.64725807739626
2025,Aller,Colombia,26-35,Unemployed/Seeking,1,43.14709366996493,-5.667264717183754
2025,Aller,Colombia,36-50,Services,1,43.156284142489966,-5.634654452987705
2025,Aller,Colombia,36-50,Agriculture,1,43.16117175065324,-5.6359002357219605
2025,Aller,Colombia,36-50,Construction,1,43.150676679822084,-5.641390229879321
2025,Aller,Colombia,36-50,Industry,1,43.16013684985937,-5.650323819513689
2025,Aller,Colombia,36-50,Unemployed/Seeking,1,43.135304866119114,-5.640920512253187
2025,Aller,Colombia,51-65,Services,1,43.144020089811264,-5.661224114517684
2025,Aller,Colombia,51-65,Agriculture,1,43.14485173723194,-5.6571403119833965
2025,Aller,Colombia,51-65,Construction,1,43.139055810003995,-5.657897571120972
2025,Aller,Colombia,51-65,Industry,1,43.165961710273486,-5.631899456530325
2025,Aller,Colombia,51-65,Unemployed/Seeking,1,43.144466347623286,-5.647395842980827
2025,Aller,Colombia,65+,Services,1,43.16807458283687,-5.644232946530252
2025,Aller,Colombia,65+,Agriculture,1,43.13361599545855,-5.643747936461679
2025,Aller,Colombia,65+,Construction,1,43.15396291714284,-5.667849217135183
2025,Aller,Colombia,65+,Industry,1,43.16589145410595,-5.63169730067501
2025,Aller,Colombia,65+,Unemployed/Seeking,1,43.13614479019926,-5.634329027433129
2025,Aller,Venezuela,18-25,Services,1,43.140449489036264,-5.634885485630142
2025,Aller,Venezuela,18-25,Agriculture,1,43.15068095000091,-5.665535320840272
2025,Aller,Venezuela,18-25,Construction,1,43.13465248118536,-5.644009419528367
2025,Aller,Venezuela,18-25,Industry,1,43.16344136462347,-5.63014242767447
2025,Aller,Venezuela,18-25,Unemployed/Seeking,1,43.1626841057489,-5.632592086463553
2025,Aller,Venezuela,26-35,Services,1,43.14164520633413,-5.6360028081783
2025,Aller,Venezuela,26-35,Agriculture,1,43.14674594868932,-5.641710984108067
2025,Aller,Venezuela,26-35,Construction,1,43.14669486284482,-5.649430103301214
2025,Aller,Venezuela,26-35,Industry,1,43.16814291668107,-5.653907730749069
2025,Aller,Venezuela,26-35,Unemployed/Seeking,1,43.16890267919434,-5.642066466278604
2025,Aller,Venezuela,36-50,Services,1,43.15702063597053,-5.652787108568389
2025,Aller,Venezuela,36-50,Agriculture,1,43.15685690097851,-5.631218796092734
2025,Aller,Venezuela,36-50,Construction,1,43.16052777832808,-5.655106429102282
2025,Aller,Venezuela,36-50,Industry,1,43.16750795849914,-5.661425412731606
2025,Aller,Venezuela,36-50,Unemployed/Seeking,1,43.16850397612082,-5.657876355426042
2025,Aller,Venezuela,51-65,Services,1,43.14219951201544,-5.638537238795403
2025,Aller,Venezuela,51-65,Agriculture,1,43.151086572476004,-5.65258417808568
2025,Aller,Venezuela,51-65,Construction,1,43.138202720771886,-5.6421312769280485
2025,Aller,Venezuela,51-65,Industry,1,43.138295348583995,-5.646243327454178
2025,Aller,Venezuela,51-65,Unemployed/Seeking,1,43.15631863329684,-5.662242603535953
2025,Aller,Venezuela,65+,Services,1,43.163202548793635,-5.666241292179574
2025,Aller,Venezuela,65+,Agriculture,1,43.141617508758294,-5.6369000100986195
2025,Aller,Venezuela,65+,Construction,1,43.163195759437755,-5.640973116605065
2025,Aller,Venezuela,65+,Industry,1,43.16736460811393,-5.6487189421159645
2025,Aller,Venezuela,65+,Unemployed/Seeking,1,43.13746759599507,-5.652225197433338
2025,Aller,Resto de España,18-25,Services,1,43.13717450544127,-5.630670483988122
2025,Aller,Resto de España,18-25,Agriculture,1,43.135595921282835,-5.663122104154987
2025,Aller,Resto de España,18-25,Construction,1,43.16189008934649,-5.631603633363333
2025,Aller,Resto de España,18-25,Industry,1,43.139473227984965,-5.660984883656416
2025,Aller,Resto de España,18-25,Unemployed/Seeking,1,43.13088701941531,-5.630268588150765
2025,Aller,Resto de España,26-35,Services,1,43.13453253903309,-5.63538810877861
2025,Aller,Resto de España,26-35,Agriculture,1,43.1525123168754,-5.6574058842537385
2025,Aller,Resto de España,26-35,Construction,1,43.13934732957248,-5.653448451907444
2025,Aller,Resto de España,26-35,Industry,1,43.14994719545848,-5.634518634595306
2025,Aller,Resto de España,26-35,Unemployed/Seeking,1,43.158872075903446,-5.650791923832999
2025,Aller,Resto de España,36-50,Services,1,43.13448917656534,-5.632618981949754
2025,Aller,Resto de España,36-50,Agriculture,1,43.15295009764067,-5.660201185721542
2025,Aller,Resto de España,36-50,Construction,1,43.13129154546634,-5.662454074723605
2025,Aller,Resto de España,36-50,Industry,1,43.1666083411602,-5.631484213531827
2025,Aller,Resto de España,36-50,Unemployed/Seeking,1,43.16541675928629,-5.64563968045132
2025,Aller,Resto de España,51-65,Services,1,43.155503548707564,-5.633673915826542
2025,Aller,Resto de España,51-65,Agriculture,1,43.143532248576285,-5.641574840212987
2025,Aller,Resto de España,51-65,Construction,1,43.13815559163768,-5.668068674697609
2025,Aller,Resto de España,51-65,Industry,1,43.15032103645763,-5.664268655149672
2025,Aller,Resto de España,51-65,Unemployed/Seeking,1,43.16277488093415,-5.658365063535495
2025,Aller,Resto de España,65+,Services,1,43.15005050934597,-5.650151924972372
2025,Aller,Resto de España,65+,Agriculture,1,43.14234519761781,-5.6678413810614074
2025,Aller,Resto de España,65+,Construction,1,43.15762705526528,-5.649186153879182
2025,Aller,Resto de España,65+,Industry,1,43.16049627604666,-5.635109795168038
2025,Aller,Resto de España,65+,Unemployed/Seeking,1,43.13925700696595,-5.65206141373052
2025,Aller,Otros,18-25,Services,1,43.16909399291719,-5.6574476731904735
2025,Aller,Otros,18-25,Agriculture,1,43.15214512695374,-5.661124445048729
2025,Aller,Otros,18-25,Construction,1,43.13077287160217,-5.637168218225755
2025,Aller,Otros,18-25,Industry,1,43.15481165451212,-5.637837217288781
2025,Aller,Otros,18-25,Unemployed/Seeking,1,43.15927535026145,-5.648192561409117
2025,Aller,Otros,26-35,Services,1,43.148099377350256,-5.642024255820337
2025,Aller,Otros,26-35,Agriculture,1,43.16149622580536,-5.635312496230775
2025,Aller,Otros,26-35,Construction,1,43.15188534658915,-5.649675977153897
2025,Aller,Otros,26-35,Industry,1,43.16037171944457,-5.642614845001219
2025,Aller,Otros,26-35,Unemployed/Seeking,1,43.15972451286441,-5.64989092308256
2025,Aller,Otros,36-50,Services,1,43.13320059872536,-5.669718084383011
2025,Aller,Otros,36-50,Agriculture,1,43.13640354973768,-5.665004813625555
2025,Aller,Otros,36-50,Construction,1,43.13476440758859,-5.634650880990293
2025,Aller,Otros,36-50,Industry,1,43.1415853821368,-5.6572727790910555
2025,Aller,Otros,36-50,Unemployed/Seeking,1,43.14354771535936,-5.638573125931859
2025,Aller,Otros,51-65,Services,1,43.16514273590634,-5.6501665340280125
2025,Aller,Otros,51-65,Agriculture,1,43.15835844499571,-5.6438438834932
2025,Aller,Otros,51-65,Construction,1,43.13710462646918,-5.640302822510107
2025,Aller,Otros,51-65,Industry,1,43.13827716709662,-5.642510947141988
2025,Aller,Otros,51-65,Unemployed/Seeking,1,43.15740929257625,-5.653604025144909
2025,Aller,Otros,65+,Services,1,43.15264251010095,-5.6543879100944014
2025,Aller,Otros,65+,Agriculture,1,43.155113730425036,-5.667452061663048
2025,Aller,Otros,65+,Construction,1,43.14499029108088,-5.667360506168452
2025,Aller,Otros,65+,Industry,1,43.13751366970171,-5.661069746423888
2025,Aller,Otros,65+,Unemployed/Seeking,1,43.15263820568232,-5.653729581331759
2025,Mieres,Rumanía,18-25,Services,6,43.236121752607225,-5.787217361668811
2025,Mieres,Rumanía,18-25,Agriculture,5,43.246902297117664,-5.7919137323480845
2025,Mieres,Rumanía,18-25,Construction,7,43.25140938852696,-5.754442942134057
2025,Mieres,Rumanía,18-25,Industry,4,43.243076633225364,-5.760547143616676
2025,Mieres,Rumanía,18-25,Unemployed/Seeking,4,43.2510077672579,-5.781183241785001
2025,Mieres,Rumanía,26-35,Services,5,43.24032661411102,-5.770897965092785
2025,Mieres,Rumanía,26-35,Agriculture,3,43.269084914110394,-5.789994019273898
2025,Mieres,Rumanía,26-35,Construction,5,43.24878324372351,-5.7740950395851
2025,Mieres,Rumanía,26-35,Industry,4,43.270264589423086,-5.762464304127944
2025,Mieres,Rumanía,26-35,Unemployed/Seeking,5,43.24281392145652,-5.755136708785844
2025,Mieres,Rumanía,36-50,Services,4,43.25546654069932,-5.782478425724167
2025,Mieres,Rumanía,36-50,Agriculture,10,43.252263590163906,-5.762843475184251
2025,Mieres,Rumanía,36-50,Construction,4,43.23226312178493,-5.783784056533751
2025,Mieres,Rumanía,36-50,Industry,5,43.240371382446604,-5.77373455001158
2025,Mieres,Rumanía,36-50,Unemployed/Seeking,6,43.23768443828672,-5.757101101709328
2025,Mieres,Rumanía,51-65,Services,4,43.25224493025446,-5.771899621875634
2025,Mieres,Rumanía,51-65,Agriculture,5,43.24310906475307,-5.791728705233477
2025,Mieres,Rumanía,51-65,Construction,8,43.26639175234357,-5.779528485377131
2025,Mieres,Rumanía,51-65,Industry,3,43.2400078507462,-5.760682721586336
2025,Mieres,Rumanía,51-65,Unemployed/Seeking,4,43.24700354485111,-5.76854682185351
2025,Mieres,Rumanía,65+,Services,2,43.23633167546892,-5.773538992068351
2025,Mieres,Rumanía,65+,Agriculture,7,43.2476903296036,-5.78111821113469
2025,Mieres,Rumanía,65+,Construction,8,43.262579027508544,-5.767032384610518
2025,Mieres,Rumanía,65+,Industry,2,43.25435763744358,-5.790861960977753
2025,Mieres,Rumanía,65+,Unemployed/Seeking,3,43.23719419941154,-5.793722193958804
2025,Mieres,Marruecos,18-25,Services,6,43.25105254079289,-5.765216449886213
2025,Mieres,Marruecos,18-25,Agriculture,6,43.23599037846369,-5.769808480731703
2025,Mieres,Marruecos,18-25,Construction,6,43.244670240899836,-5.788938564564359
2025,Mieres,Marruecos,18-25,Industry,6,43.23623374030817,-5.778434409898599
2025,Mieres,Marruecos,18-25,Unemployed/Seeking,5,43.25023859812001,-5.763549638797719
2025,Mieres,Marruecos,26-35,Services,5,43.26990726919012,-5.755739337797375
2025,Mieres,Marruecos,26-35,Agriculture,6,43.23932878355283,-5.786120481496382
2025,Mieres,Marruecos,26-35,Construction,4,43.2625519665464,-5.793274645775994
2025,Mieres,Marruecos,26-35,Industry,5,43.253481738148594,-5.788410656270785
2025,Mieres,Marruecos,26-35,Unemployed/Seeking,7,43.26746999508943,-5.7920550150318535
2025,Mieres,Marruecos,36-50,Services,3,43.25844992468904,-5.772057651750675
2025,Mieres,Marruecos,36-50,Agriculture,4,43.24345211274788,-5.762709556091378
2025,Mieres,Marruecos,36-50,Construction,6,43.233447194073825,-5.777589006103469
2025,Mieres,Marruecos,36-50,Industry,3,43.23070482509776,-5.788260639820251
2025,Mieres,Marruecos,36-50,Unemployed/Seeking,6,43.25894814001774,-5.782189283203103
2025,Mieres,Marruecos,51-65,Services,2,43.27007953111937,-5.765282701823097
2025,Mieres,Marruecos,51-65,Agriculture,5,43.26948799133885,-5.766775073439671
2025,Mieres,Marruecos,51-65,Construction,5,43.25170889051912,-5.762762298428251
2025,Mieres,Marruecos,51-65,Industry,2,43.242738833021534,-5.777850474813825
2025,Mieres,Marruecos,51-65,Unemployed/Seeking,5,43.24549891311407,-5.765545876740599
2025,Mieres,Marruecos,65+,Services,6,43.24309022970203,-5.7614911016708685
2025,Mieres,Marruecos,65+,Agriculture,2,43.26134116879382,-5.780909992066181
2025,Mieres,Marruecos,65+,Construction,4,43.24510943183194,-5.776837795416477
2025,Mieres,Marruecos,65+,Industry,3,43.24239140315589,-5.755929748938456
2025,Mieres,Marruecos,65+,Unemployed/Seeking,4,43.2605464732738,-5.763645403366839
2025,Mieres,Colombia,18-25,Services,3,43.2698736409898,-5.772199583000901
2025,Mieres,Colombia,18-25,Agriculture,4,43.232198986631424,-5.765316591264828
2025,Mieres,Colombia,18-25,Construction,6,43.26109959664948,-5.77884390307405
2025,Mieres,Colombia,18-25,Industry,2,43.25046269641845,-5.771838953580232
2025,Mieres,Colombia,18-25,Unemployed/Seeking,3,43.25735180179351,-5.779847127732538
2025,Mieres,Colombia,26-35,Services,8,43.25940975882373,-5.754612263637911
2025,Mieres,Colombia,26-35,Agriculture,4,43.269041971519904,-5.765990401514235
2025,Mieres,Colombia,26-35,Construction,6,43.23078946175217,-5.756913902581103
2025,Mieres,Colombia,26-35,Industry,3,43.25030143962253,-5.77496247932262
2025,Mieres,Colombia,26-35,Unemployed/Seeking,5,43.257767820856024,-5.758052500674146
2025,Mieres,Colombia,36-50,Services,9,43.23791708120347,-5.781037599001083
2025,Mieres,Colombia,36-50,Agriculture,7,43.25897150020893,-5.789886444600491
2025,Mieres,Colombia,36-50,Construction,4,43.255092512135995,-5.77930964366117
2025,Mieres,Colombia,36-50,Industry,6,43.24896180992167,-5.756291419787089
2025,Mieres,Colombia,36-50,Unemployed/Seeking,4,43.24606090345039,-5.771514546277473
2025,Mieres,Colombia,51-65,Services,4,43.24652003134004,-5.759988093339657
2025,Mieres,Colombia,51-65,Agriculture,2,43.23215007286208,-5.778656468898088
2025,Mieres,Colombia,51-65,Construction,3,43.26934027003762,-5.763968807713967
2025,Mieres,Colombia,51-65,Industry,3,43.25258651691869,-5.777730866360676
2025,Mieres,Colombia,51-65,Unemployed/Seeking,5,43.262782016556024,-5.757122667907181
2025,Mieres,Colombia,65+,Services,4,43.23228166777812,-5.756528080240769
2025,Mieres,Colombia,65+,Agriculture,5,43.23961015644412,-5.784979709475912
2025,Mieres,Colombia,65+,Construction,2,43.25612634729237,-5.78002977754845
2025,Mieres,Colombia,65+,Industry,6,43.23520403021668,-5.791733092969429
2025,Mieres,Colombia,65+,Unemployed/Seeking,5,43.247813661601555,-5.780799118856366
2025,Mieres,Venezuela,18-25,Services,2,43.238029451436475,-5.772349594252201
2025,Mieres,Venezuela,18-25,Agriculture,4,43.2535335776905,-5.785456651320595
2025,Mieres,Venezuela,18-25,Construction,2,43.264218004806445,-5.7813549409094
2025,Mieres,Venezuela,18-25,Industry,4,43.26191443685692,-5.777826724652347
2025,Mieres,Venezuela,18-25,Unemployed/Seeking,4,43.247337381737225,-5.782400311537536
2025,Mieres,Venezuela,26-35,Services,9,43.25303496719815,-5.784113757650446
2025,Mieres,Venezuela,26-35,Agriculture,6,43.25103923401456,-5.7940303728508304
2025,Mieres,Venezuela,26-35,Construction,6,43.25227726991647,-5.75509212937935
2025,Mieres,Venezuela,26-35,Industry,3,43.26775662038354,-5.7667894858213815
2025,Mieres,Venezuela,26-35,Unemployed/Seeking,8,43.24209107986403,-5.7661031054285505
2025,Mieres,Venezuela,36-50,Services,7,43.23550736416505,-5.793001417362069
2025,Mieres,Venezuela,36-50,Agriculture,4,43.25639595094078,-5.756763035021485
2025,Mieres,Venezuela,36-50,Construction,6,43.249608532629246,-5.793737732299258
2025,Mieres,Venezuela,36-50,Industry,6,43.257014677873,-5.780188188504825
2025,Mieres,Venezuela,36-50,Unemployed/Seeking,5,43.257255470244736,-5.765442856526045
2025,Mieres,Venezuela,51-65,Services,7,43.244218275069656,-5.769270160607506
2025,Mieres,Venezuela,51-65,Agriculture,2,43.23269851035306,-5.756275264352191
2025,Mieres,Venezuela,51-65,Construction,5,43.25428815712836,-5.789725665721991
2025,Mieres,Venezuela,51-65,Industry,4,43.25791688542909,-5.7609849997280085
2025,Mieres,Venezuela,51-65,Unemployed/Seeking,5,43.25124866998738,-5.785444486668828
2025,Mieres,Venezuela,65+,Services,4,43.265607130093116,-5.785542875179493
2025,Mieres,Venezuela,65+,Agriculture,4,43.26459287656312,-5.769712728553837
2025,Mieres,Venezuela,65+,Construction,5,43.23911862330244,-5.782680819211195
2025,Mieres,Venezuela,65+,Industry,2,43.26215670574317,-5.794298558601347
2025,Mieres,Venezuela,65+,Unemployed/Seeking,2,43.25700069172746,-5.762742380296166
2025,Mieres,Resto de España,18-25,Services,2,43.23910876037987,-5.787380186025221
2025,Mieres,Resto de España,18-25,Agriculture,5,43.26481359525331,-5.76556489778922
2025,Mieres,Resto de España,18-25,Construction,3,43.23130470844433,-5.767374309758169
2025,Mieres,Resto de España,18-25,Industry,5,43.23281786471346,-5.765660017864909
2025,Mieres,Resto de España,18-25,Unemployed/Seeking,4,43.26108633188637,-5.771730707264602
2025,Mieres,Resto de España,26-35,Services,2,43.26144435604861,-5.7743503245707535
2025,Mieres,Resto de España,26-35,Agriculture,3,43.24999361437442,-5.768375587922424
2025,Mieres,Resto de España,26-35,Construction,7,43.2624340683274,-5.756438727739013
2025,Mieres,Resto de España,26-35,Industry,5,43.246090715650986,-5.760035320913914
2025,Mieres,Resto de España,26-35,Unemployed/Seeking,5,43.24871242796443,-5.774789208227552
2025,Mieres,Resto de España,36-50,Services,5,43.23375939905987,-5.757978195224987
2025,Mieres,Resto de España,36-50,Agriculture,3,43.256293747080555,-5.759066151205378
2025,Mieres,Resto de España,36-50,Construction,7,43.24054526603049,-5.762672038233361
2025,Mieres,Resto de España,36-50,Industry,4,43.247059087165304,-5.772769599713164
2025,Mieres,Resto de España,36-50,Unemployed/Seeking,6,43.237988228655865,-5.763155555176291
2025,Mieres,Resto de España,51-65,Services,4,43.26309788473714,-5.777662901619468
2025,Mieres,Resto de España,51-65,Agriculture,6,43.241068292705336,-5.771912472249179
2025,Mieres,Resto de España,51-65,Construction,5,43.26763951687331,-5.781529365602426
2025,Mieres,Resto de España,51-65,Industry,2,43.262232505025835,-5.771482663572746
2025,Mieres,Resto de España,51-65,Unemployed/Seeking,5,43.269452126184596,-5.781077287105647
2025,Mieres,Resto de España,65+,Services,5,43.25509664656022,-5.762591538091755
2025,Mieres,Resto de España,65+,Agriculture,2,43.260001992366874,-5.780149871350657
2025,Mieres,Resto de España,65+,Construction,3,43.24972190273209,-5.787643788868657
2025,Mieres,Resto de España,65+,Industry,3,43.261451123800214,-5.792029923856744
2025,Mieres,Resto de España,65+,Unemployed/Seeking,5,43.26080578829779,-5.783249102853918
2025,Mieres,Otros,18-25,Services,5,43.25721951007332,-5.7667271230438395
2025,Mieres,Otros,18-25,Agriculture,3,43.23323705735007,-5.782554464969488
2025,Mieres,Otros,18-25,Construction,6,43.26136561428484,-5.792036859430562
2025,Mieres,Otros,18-25,Industry,3,43.244321893440635,-5.786022256153111
2025,Mieres,Otros,18-25,Unemployed/Seeking,5,43.255579318972885,-5.757446449586211
2025,Mieres,Otros,26-35,Services,6,43.25506394149757,-5.782795630033461
2025,Mieres,Otros,26-35,Agriculture,2,43.23517020728601,-5.783066954785683
2025,Mieres,Otros,26-35,Construction,6,43.26830726999491,-5.754508352488909
2025,Mieres,Otros,26-35,Industry,7,43.24368098708009,-5.774353310396837
2025,Mieres,Otros,26-35,Unemployed/Seeking,6,43.263672833347364,-5.780628694892934
2025,Mieres,Otros,36-50,Services,7,43.26548363527355,-5.761680025259293
2025,Mieres,Otros,36-50,Agriculture,5,43.24991064263061,-5.755301360703551
2025,Mieres,Otros,36-50,Construction,3,43.24854174103575,-5.7803466788335855
2025,Mieres,Otros,36-50,Industry,3,43.25721162514006,-5.75941358393271
2025,Mieres,Otros,36-50,Unemployed/Seeking,4,43.236178922938684,-5.775995064943329
2025,Mieres,Otros,51-65,Services,5,43.23335578542647,-5.762877129635408
2025,Mieres,Otros,51-65,Agriculture,6,43.26119064935316,-5.766434744176926
2025,Mieres,Otros,51-65,Construction,3,43.23766938001732,-5.777847147767947
2025,Mieres,Otros,51-65,Industry,2,43.24329329100633,-5.7572621189912665
2025,Mieres,Otros,51-65,Unemployed/Seeking,3,43.265248642631654,-5.7598114589335045
2025,Mieres,Otros,65+,Services,6,43.239561312154834,-5.758739387455967
2025,Mieres,Otros,65+,Agriculture,6,43.263927724606305,-5.788390918412127
2025,Mieres,Otros,65+,Construction,5,43.24608831761871,-5.773308149198304
2025,Mieres,Otros,65+,Industry,5,43.23292661042825,-5.778346400862985
2025,Mieres,Otros,65+,Unemployed/Seeking,5,43.26873802321447,-5.789385981843233
2025,Langreo,Rumanía,18-25,Services,3,43.30335072531539,-5.67137225311557
2025,Langreo,Rumanía,18-25,Agriculture,2,43.30899884712985,-5.69668759642578
2025,Langreo,Rumanía,18-25,Construction,4,43.28337725121469,-5.683547820665712
2025,Langreo,Rumanía,18-25,Industry,1,43.27725419375468,-5.693828240336222
2025,Langreo,Rumanía,18-25,Unemployed/Seeking,2,43.3053237601817,-5.698533162540808
2025,Langreo,Rumanía,26-35,Services,2,43.31537227553032,-5.6729516794517885
2025,Langreo,Rumanía,26-35,Agriculture,5,43.305622915855494,-5.6769270844259445
2025,Langreo,Rumanía,26-35,Construction,2,43.28997768371268,-5.6875920212450986
2025,Langreo,Rumanía,26-35,Industry,3,43.30779792207322,-5.675107636755942
2025,Langreo,Rumanía,26-35,Unemployed/Seeking,1,43.279781995507484,-5.66626357930865
2025,Langreo,Rumanía,36-50,Services,2,43.31557550770161,-5.665388367705241
2025,Langreo,Rumanía,36-50,Agriculture,3,43.29802826688791,-5.6637817373604475
2025,Langreo,Rumanía,36-50,Construction,2,43.30413824687856,-5.683179570189772
2025,Langreo,Rumanía,36-50,Industry,1,43.29579152577416,-5.692335932940604
2025,Langreo,Rumanía,36-50,Unemployed/Seeking,3,43.28418907520119,-5.701297985666229
2025,Langreo,Rumanía,51-65,Services,1,43.307350814773784,-5.69260590892931
2025,Langreo,Rumanía,51-65,Agriculture,4,43.2977239001066,-5.686339443766325
2025,Langreo,Rumanía,51-65,Construction,3,43.30466790281766,-5.694869572590231
2025,Langreo,Rumanía,51-65,Industry,3,43.28300586184343,-5.694912866669104
2025,Langreo,Rumanía,51-65,Unemployed/Seeking,3,43.27902249173619,-5.683429396843248
2025,Langreo,Rumanía,65+,Services,1,43.28677423747502,-5.667614212982743
2025,Langreo,Rumanía,65+,Agriculture,4,43.30342308032882,-5.673104500515086
2025,Langreo,Rumanía,65+,Construction,2,43.310979928625564,-5.681482307212825
2025,Langreo,Rumanía,65+,Industry,2,43.30052629166085,-5.694311992755897
2025,Langreo,Rumanía,65+,Unemployed/Seeking,2,43.28011725047249,-5.666516721145411
2025,Langreo,Marruecos,18-25,Services,1,43.28557882446286,-5.682580545278106
2025,Langreo,Marruecos,18-25,Agriculture,1,43.298487501469886,-5.680615611742016
2025,Langreo,Marruecos,18-25,Construction,3,43.31364447575343,-5.674576969750639
2025,Langreo,Marruecos,18-25,Industry,1,43.31504061257516,-5.6965648575189975
2025,Langreo,Marruecos,18-25,Unemployed/Seeking,2,43.28080518154875,-5.685096425990131
2025,Langreo,Marruecos,26-35,Services,2,43.30155028750528,-5.666924404167192
2025,Langreo,Marruecos,26-35,Agriculture,4,43.29582055607832,-5.674444686906327
2025,Langreo,Marruecos,26-35,Construction,4,43.28714590576479,-5.698420034988622
2025,Langreo,Marruecos,26-35,Industry,4,43.29212687389775,-5.6839825302258165
2025,Langreo,Marruecos,26-35,Unemployed/Seeking,3,43.30373568407934,-5.696571152100193
2025,Langreo,Marruecos,36-50,Services,2,43.31145187896375,-5.686729231754325
2025,Langreo,Marruecos,36-50,Agriculture,3,43.29856024927971,-5.696496360890838
2025,Langreo,Marruecos,36-50,Construction,1,43.289175239263756,-5.698166600626989
2025,Langreo,Marruecos,36-50,Industry,3,43.2910154463556,-5.700866199943574
2025,Langreo,Marruecos,36-50,Unemployed/Seeking,2,43.28293022750883,-5.692776960466936
2025,Langreo,Marruecos,51-65,Services,1,43.28659759481527,-5.673611050635957
2025,Langreo,Marruecos,51-65,Agriculture,2,43.28793632895638,-5.674744591893462
2025,Langreo,Marruecos,51-65,Construction,3,43.277700593216835,-5.676342025395734
2025,Langreo,Marruecos,51-65,Industry,3,43.30622077267816,-5.679723124864412
2025,Langreo,Marruecos,51-65,Unemployed/Seeking,2,43.3134977964057,-5.689058760425098
2025,Langreo,Marruecos,65+,Services,1,43.314966306616725,-5.668651951912348
2025,Langreo,Marruecos,65+,Agriculture,3,43.300791859319745,-5.687945263393227
2025,Langreo,Marruecos,65+,Construction,2,43.28429006198795,-5.7012391882528775
2025,Langreo,Marruecos,65+,Industry,2,43.29703970944464,-5.6708356332156455
2025,Langreo,Marruecos,65+,Unemployed/Seeking,2,43.284743629966066,-5.6833890876176065
2025,Langreo,Colombia,18-25,Services,1,43.297224194869024,-5.678227179295749
2025,Langreo,Colombia,18-25,Agriculture,3,43.29206538398472,-5.692938446013225
2025,Langreo,Colombia,18-25,Construction,1,43.29222509819023,-5.68770765548519
2025,Langreo,Colombia,18-25,Industry,2,43.29519362748286,-5.6850597206963975
2025,Langreo,Colombia,18-25,Unemployed/Seeking,2,43.289959279044645,-5.692104591697438
2025,Langreo,Colombia,26-35,Services,5,43.30451814345302,-5.671711646118657
2025,Langreo,Colombia,26-35,Agriculture,3,43.279657846123435,-5.6702209875070055
2025,Langreo,Colombia,26-35,Construction,1,43.297159187589756,-5.693237613804353
2025,Langreo,Colombia,26-35,Industry,4,43.29790480233762,-5.674180032432268
2025,Langreo,Colombia,26-35,Unemployed/Seeking,3,43.28194293323444,-5.700309288724929
2025,Langreo,Colombia,36-50,Services,2,43.2884620632246,-5.687567025623649
2025,Langreo,Colombia,36-50,Agriculture,2,43.2841589814742,-5.693457903246443
2025,Langreo,Colombia,36-50,Construction,2,43.3148855099035,-5.67951622895432
2025,Langreo,Colombia,36-50,Industry,2,43.28862600516691,-5.68389180689943
2025,Langreo,Colombia,36-50,Unemployed/Seeking,3,43.291004261725234,-5.681745901795974
2025,Langreo,Colombia,51-65,Services,3,43.28990912105675,-5.678835503191748
2025,Langreo,Colombia,51-65,Agriculture,3,43.28026893797127,-5.6907461179398275
2025,Langreo,Colombia,51-65,Construction,3,43.31483298803894,-5.690345428860269
2025,Langreo,Colombia,51-65,Industry,2,43.316230905501165,-5.693174447347508
2025,Langreo,Colombia,51-65,Unemployed/Seeking,1,43.30351327853409,-5.666977986694766
2025,Langreo,Colombia,65+,Services,3,43.3117331171356,-5.667470004644376
2025,Langreo,Colombia,65+,Agriculture,3,43.28504444530089,-5.691195128333392
2025,Langreo,Colombia,65+,Construction,1,43.29651636686458,-5.669285089547726
2025,Langreo,Colombia,65+,Industry,2,43.31453266072197,-5.690723826306249
2025,Langreo,Colombia,65+,Unemployed/Seeking,3,43.31536117587145,-5.672720826248809
2025,Langreo,Venezuela,18-25,Services,2,43.303714292707554,-5.677597034292571
2025,Langreo,Venezuela,18-25,Agriculture,3,43.3118023544034,-5.666594495351909
2025,Langreo,Venezuela,18-25,Construction,2,43.291874837732124,-5.703245025305031
2025,Langreo,Venezuela,18-25,Industry,3,43.29482636541457,-5.6780348538960315
2025,Langreo,Venezuela,18-25,Unemployed/Seeking,1,43.28972765286174,-5.678251682044106
2025,Langreo,Venezuela,26-35,Services,4,43.27998043735885,-5.7025065114226905
2025,Langreo,Venezuela,26-35,Agriculture,3,43.28119902080146,-5.668709001677008
2025,Langreo,Venezuela,26-35,Construction,3,43.29243909048039,-5.6745123665221
2025,Langreo,Venezuela,26-35,Industry,4,43.289923683194765,-5.669745626920222
2025,Langreo,Venezuela,26-35,Unemployed/Seeking,3,43.30680391362432,-5.70037127391069
2025,Langreo,Venezuela,36-50,Services,5,43.28382278670494,-5.666829436303978
2025,Langreo,Venezuela,36-50,Agriculture,2,43.292810587555834,-5.692621456201485
2025,Langreo,Venezuela,36-50,Construction,4,43.29612847656437,-5.671360171292395
2025,Langreo,Venezuela,36-50,Industry,3,43.30839356760611,-5.678958065810078
2025,Langreo,Venezuela,36-50,Unemployed/Seeking,2,43.277071145989346,-5.699301365824359
2025,Langreo,Venezuela,51-65,Services,3,43.31136894748817,-5.691246937190109
2025,Langreo,Venezuela,51-65,Agriculture,3,43.28930027330946,-5.694933839505807
2025,Langreo,Venezuela,51-65,Construction,3,43.28331021245255,-5.701270377182935
2025,Langreo,Venezuela,51-65,Industry,3,43.30491696937653,-5.692105932474288
2025,Langreo,Venezuela,51-65,Unemployed/Seeking,1,43.29312479561259,-5.670821010156329
2025,Langreo,Venezuela,65+,Services,2,43.307825428219395,-5.681658749064429
2025,Langreo,Venezuela,65+,Agriculture,2,43.3076340377282,-5.686940387660908
2025,Langreo,Venezuela,65+,Construction,1,43.31272364364023,-5.668724775377455
2025,Langreo,Venezuela,65+,Industry,2,43.31462586751665,-5.701600069394953
2025,Langreo,Venezuela,65+,Unemployed/Seeking,3,43.301005355225115,-5.691697337403416
2025,Langreo,Resto de España,18-25,Services,3,43.301016385677535,-5.669712708650825
2025,Langreo,Resto de España,18-25,Agriculture,2,43.31452780389582,-5.69455660386079
2025,Langreo,Resto de España,18-25,Construction,2,43.290401038548666,-5.699345240857082
2025,Langreo,Resto de España,18-25,Industry,3,43.30284171969493,-5.696544756837619
2025,Langreo,Resto de España,18-25,Unemployed/Seeking,2,43.284832858102405,-5.678575870187657
2025,Langreo,Resto de España,26-35,Services,2,43.30146384948158,-5.671451359008417
2025,Langreo,Resto de España,26-35,Agriculture,3,43.28214486320746,-5.675112874756676
2025,Langreo,Resto de España,26-35,Construction,3,43.30739141250479,-5.702370398556807
2025,Langreo,Resto de España,26-35,Industry,4,43.29850740380366,-5.682121990334205
2025,Langreo,Resto de España,26-35,Unemployed/Seeking,3,43.27896411153573,-5.6997989591765865
2025,Langreo,Resto de España,36-50,Services,3,43.31391039087045,-5.678766342265927
2025,Langreo,Resto de España,36-50,Agriculture,4,43.28126064659153,-5.692978196427592
2025,Langreo,Resto de España,36-50,Construction,3,43.27886334820487,-5.701157823962047
2025,Langreo,Resto de España,36-50,Industry,2,43.28393362349112,-5.683775869150068
2025,Langreo,Resto de España,36-50,Unemployed/Seeking,3,43.30194190450696,-5.69036544755194
2025,Langreo,Resto de España,51-65,Services,1,43.301361107868175,-5.677002982151284
2025,Langreo,Resto de España,51-65,Agriculture,3,43.30485900264918,-5.682027751209142
2025,Langreo,Resto de España,51-65,Construction,2,43.29748853713734,-5.696227153312195
2025,Langreo,Resto de España,51-65,Industry,2,43.28082365545806,-5.698607438551548
2025,Langreo,Resto de España,51-65,Unemployed/Seeking,2,43.30232635680737,-5.67609385453833
2025,Langreo,Resto de España,65+,Services,3,43.28066573900819,-5.676057593086759
2025,Langreo,Resto de España,65+,Agriculture,1,43.29595684335706,-5.697453548089477
2025,Langreo,Resto de España,65+,Construction,1,43.30551828235231,-5.676224573868181
2025,Langreo,Resto de España,65+,Industry,3,43.29029848632001,-5.668302785922188
2025,Langreo,Resto de España,65+,Unemployed/Seeking,1,43.306173204971195,-5.702960284251288
2025,Langreo,Otros,18-25,Services,2,43.302639759975364,-5.696842591509119
2025,Langreo,Otros,18-25,Agriculture,3,43.31552439425322,-5.667450650027003
2025,Langreo,Otros,18-25,Construction,2,43.28885970875227,-5.699722070472622
2025,Langreo,Otros,18-25,Industry,2,43.295919238300705,-5.682384372022044
2025,Langreo,Otros,18-25,Unemployed/Seeking,2,43.29358913391431,-5.693435919818124
2025,Langreo,Otros,26-35,Services,3,43.27784612674319,-5.687797496938284
2025,Langreo,Otros,26-35,Agriculture,2,43.30733172413909,-5.68114875969025
2025,Langreo,Otros,26-35,Construction,4,43.2878966649781,-5.677919372069093
2025,Langreo,Otros,26-35,Industry,1,43.31038187079051,-5.66355842806474
2025,Langreo,Otros,26-35,Unemployed/Seeking,2,43.2981892987635,-5.671274710250355
2025,Langreo,Otros,36-50,Services,3,43.276893883328356,-5.700365046643072
2025,Langreo,Otros,36-50,Agriculture,3,43.27995417262802,-5.668062421122599
2025,Langreo,Otros,36-50,Construction,2,43.304464127020836,-5.681742356217532
2025,Langreo,Otros,36-50,Industry,2,43.299522307920476,-5.6637169268973695
2025,Langreo,Otros,36-50,Unemployed/Seeking,3,43.3155852290846,-5.674400303326315
2025,Langreo,Otros,51-65,Services,1,43.28479515426084,-5.664376501701988
2025,Langreo,Otros,51-65,Agriculture,1,43.29492092882622,-5.675810795769754
2025,Langreo,Otros,51-65,Construction,1,43.28187126468633,-5.685112723928366
2025,Langreo,Otros,51-65,Industry,3,43.288862698847076,-5.698485437930859
2025,Langreo,Otros,51-65,Unemployed/Seeking,2,43.281400062603765,-5.667674518655088
2025,Langreo,Otros,65+,Services,2,43.31235055971869,-5.677887827153384
2025,Langreo,Otros,65+,Agriculture,3,43.313492114127214,-5.6944549478190245
2025,Langreo,Otros,65+,Construction,1,43.28487732374017,-5.688167062242918
2025,Langreo,Otros,65+,Industry,2,43.288891908556955,-5.701883175232772
2025,Langreo,Otros,65+,Unemployed/Seeking,1,43.28884904683322,-5.690011264055663
2025,Oviedo,Rumanía,18-25,Services,2,43.37004322532352,-5.855560220050832
2025,Oviedo,Rumanía,18-25,Agriculture,3,43.34456368112832,-5.840997865805395
2025,Oviedo,Rumanía,18-25,Construction,3,43.354067893122625,-5.835880180975884
2025,Oviedo,Rumanía,18-25,Industry,2,43.37732540916003,-5.832032150989592
2025,Oviedo,Rumanía,18-25,Unemployed/Seeking,1,43.37673021842623,-5.842501642160966
2025,Oviedo,Rumanía,26-35,Services,2,43.36144534221423,-5.851580801289874
2025,Oviedo,Rumanía,26-35,Agriculture,3,43.372498864557514,-5.829518793323993
2025,Oviedo,Rumanía,26-35,Construction,4,43.35385828624497,-5.836420684060354
2025,Oviedo,Rumanía,26-35,Industry,2,43.36389172006514,-5.832832320369466
2025,Oviedo,Rumanía,26-35,Unemployed/Seeking,3,43.366586945310615,-5.832430166979385
2025,Oviedo,Rumanía,36-50,Services,1,43.34872142373616,-5.833658308419335
2025,Oviedo,Rumanía,36-50,Agriculture,3,43.36040700374618,-5.854747567773931
2025,Oviedo,Rumanía,36-50,Construction,1,43.35192829600544,-5.832348915974077
2025,Oviedo,Rumanía,36-50,Industry,1,43.349772452652836,-5.852242483807953
2025,Oviedo,Rumanía,36-50,Unemployed/Seeking,1,43.34240560544004,-5.846432185700163
2025,Oviedo,Rumanía,51-65,Services,2,43.36995994549648,-5.83592573079333
2025,Oviedo,Rumanía,51-65,Agriculture,2,43.36816500501421,-5.82983452736008
2025,Oviedo,Rumanía,51-65,Construction,3,43.377137206131444,-5.85140112211757
2025,Oviedo,Rumanía,51-65,Industry,2,43.35718033884733,-5.839252469769737
2025,Oviedo,Rumanía,51-65,Unemployed/Seeking,2,43.34481487547456,-5.83135604644354
2025,Oviedo,Rumanía,65+,Services,1,43.34222657894329,-5.861912403672146
2025,Oviedo,Rumanía,65+,Agriculture,2,43.36905646544376,-5.839225160722163
2025,Oviedo,Rumanía,65+,Construction,2,43.371615161236456,-5.8596013367169935
2025,Oviedo,Rumanía,65+,Industry,2,43.36153906165039,-5.837154550118389
2025,Oviedo,Rumanía,65+,Unemployed/Seeking,1,43.36721454531513,-5.864997282254019
2025,Oviedo,Marruecos,18-25,Services,2,43.380330331109846,-5.836013644422781
2025,Oviedo,Marruecos,18-25,Agriculture,2,43.36646083807293,-5.8627062049866
2025,Oviedo,Marruecos,18-25,Construction,1,43.37027674001177,-5.83776832960215
2025,Oviedo,Marruecos,18-25,Industry,1,43.3734721280382,-5.841741422952316
2025,Oviedo,Marruecos,18-25,Unemployed/Seeking,2,43.351976624280056,-5.829955044472207
2025,Oviedo,Marruecos,26-35,Services,2,43.36766074248244,-5.832359740542464
2025,Oviedo,Marruecos,26-35,Agriculture,2,43.3700288909048,-5.8354655333593195
2025,Oviedo,Marruecos,26-35,Construction,1,43.38107971451291,-5.83846541808886
2025,Oviedo,Marruecos,26-35,Industry,2,43.37943900197662,-5.85944092635112
2025,Oviedo,Marruecos,26-35,Unemployed/Seeking,1,43.35071326979973,-5.868368294348951
2025,Oviedo,Marruecos,36-50,Services,2,43.35411567194861,-5.858673420031138
2025,Oviedo,Marruecos,36-50,Agriculture,1,43.34654277689635,-5.8405678600664475
2025,Oviedo,Marruecos,36-50,Construction,2,43.37474671274979,-5.839504923537539
2025,Oviedo,Marruecos,36-50,Industry,2,43.37951632960976,-5.839597222837666
2025,Oviedo,Marruecos,36-50,Unemployed/Seeking,2,43.349722368268296,-5.862817871574975
2025,Oviedo,Marruecos,51-65,Services,2,43.36574156558221,-5.847775424745022
2025,Oviedo,Marruecos,51-65,Agriculture,2,43.36617910709855,-5.851359320575681
2025,Oviedo,Marruecos,51-65,Construction,2,43.3779125987516,-5.837592498417242
2025,Oviedo,Marruecos,51-65,Industry,1,43.35416282053268,-5.838419902228065
2025,Oviedo,Marruecos,51-65,Unemployed/Seeking,2,43.371480054799534,-5.8482689163824775
2025,Oviedo,Marruecos,65+,Services,2,43.369074878969016,-5.840808239724696
2025,Oviedo,Marruecos,65+,Agriculture,1,43.3440536089461,-5.85624288966118
2025,Oviedo,Marruecos,65+,Construction,2,43.35967422031049,-5.8628416605182005
2025,Oviedo,Marruecos,65+,Industry,2,43.358518054810915,-5.868035245450785
2025,Oviedo,Marruecos,65+,Unemployed/Seeking,1,43.359958357225736,-5.847745886647711
2025,Oviedo,Colombia,18-25,Services,2,43.380029173189655,-5.839348181033259
2025,Oviedo,Colombia,18-25,Agriculture,1,43.380684536205806,-5.866773573003489
2025,Oviedo,Colombia,18-25,Construction,1,43.3523777673776,-5.848565829259627
2025,Oviedo,Colombia,18-25,Industry,1,43.343112709851546,-5.865513753525604
2025,Oviedo,Colombia,18-25,Unemployed/Seeking,2,43.34551409997014,-5.837975303542814
2025,Oviedo,Colombia,26-35,Services,2,43.36978806920223,-5.840469401364378
2025,Oviedo,Colombia,26-35,Agriculture,3,43.38005929162404,-5.829845307707639
2025,Oviedo,Colombia,26-35,Construction,1,43.36968818109089,-5.866605520773904
2025,Oviedo,Colombia,26-35,Industry,1,43.374737898828556,-5.854212336425489
2025,Oviedo,Colombia,26-35,Unemployed/Seeking,1,43.37816360721377,-5.8386048149188445
2025,Oviedo,Colombia,36-50,Services,2,43.368970262481405,-5.8568355681988855
2025,Oviedo,Colombia,36-50,Agriculture,2,43.348789858124306,-5.866462569287879
2025,Oviedo,Colombia,36-50,Construction,3,43.34656210307984,-5.843690604726622
2025,Oviedo,Colombia,36-50,Industry,2,43.3559125583683,-5.850826508300664
2025,Oviedo,Colombia,36-50,Unemployed/Seeking,2,43.3549805370574,-5.840439997028805
2025,Oviedo,Colombia,51-65,Services,1,43.36088155631099,-5.82973109005859
2025,Oviedo,Colombia,51-65,Agriculture,2,43.344560975191655,-5.838032376955052
2025,Oviedo,Colombia,51-65,Construction,1,43.37064967204128,-5.850585764687551
2025,Oviedo,Colombia,51-65,Industry,1,43.3738078610815,-5.846712087935801
2025,Oviedo,Colombia,51-65,Unemployed/Seeking,1,43.35419831831667,-5.855901378651776
2025,Oviedo,Colombia,65+,Services,1,43.35426800633613,-5.849418993650693
2025,Oviedo,Colombia,65+,Agriculture,2,43.3801234781433,-5.847777785813284
2025,Oviedo,Colombia,65+,Construction,1,43.36587615605357,-5.829892419125701
2025,Oviedo,Colombia,65+,Industry,1,43.36867529573181,-5.864834693469505
2025,Oviedo,Colombia,65+,Unemployed/Seeking,1,43.34245910565661,-5.841539542683796
2025,Oviedo,Venezuela,18-25,Services,1,43.369845296527515,-5.854759305984115
2025,Oviedo,Venezuela,18-25,Agriculture,1,43.36439439365067,-5.842738251346272
2025,Oviedo,Venezuela,18-25,Construction,2,43.35181446814222,-5.836722702933306
2025,Oviedo,Venezuela,18-25,Industry,1,43.34426643121143,-5.830107395842083
2025,Oviedo,Venezuela,18-25,Unemployed/Seeking,1,43.365614988739175,-5.831099987623199
2025,Oviedo,Venezuela,26-35,Services,1,43.346275922435744,-5.834867379689061
2025,Oviedo,Venezuela,26-35,Agriculture,3,43.37714348487398,-5.8549675494708024
2025,Oviedo,Venezuela,26-35,Construction,2,43.363746687862225,-5.86334160001873
2025,Oviedo,Venezuela,26-35,Industry,2,43.35331440129859,-5.865531534219238
2025,Oviedo,Venezuela,26-35,Unemployed/Seeking,2,43.37534207136206,-5.868895230958446
2025,Oviedo,Venezuela,36-50,Services,3,43.3574557187248,-5.853376188702667
2025,Oviedo,Venezuela,36-50,Agriculture,1,43.370699175587326,-5.864527833120166
2025,Oviedo,Venezuela,36-50,Construction,2,43.36299933081878,-5.83228596819625
2025,Oviedo,Venezuela,36-50,Industry,3,43.34694656171575,-5.832295175769913
2025,Oviedo,Venezuela,36-50,Unemployed/Seeking,1,43.369408142203504,-5.837962960273636
2025,Oviedo,Venezuela,51-65,Services,2,43.37815138573248,-5.859395984491075
2025,Oviedo,Venezuela,51-65,Agriculture,2,43.34670115424697,-5.839412894557465
2025,Oviedo,Venezuela,51-65,Construction,2,43.37657278158893,-5.865577759491525
2025,Oviedo,Venezuela,51-65,Industry,1,43.34496410494957,-5.831608165537248
2025,Oviedo,Venezuela,51-65,Unemployed/Seeking,1,43.3642591439104,-5.836764461370184
2025,Oviedo,Venezuela,65+,Services,1,43.3462054678265,-5.844389236670983
2025,Oviedo,Venezuela,65+,Agriculture,1,43.376617366020525,-5.868536361229979
2025,Oviedo,Venezuela,65+,Construction,1,43.36758629211613,-5.844698284595452
2025,Oviedo,Venezuela,65+,Industry,1,43.352953462997256,-5.83762442318946
2025,Oviedo,Venezuela,65+,Unemployed/Seeking,1,43.3435209882023,-5.851566851874293
2025,Oviedo,Resto de España,18-25,Services,1,43.3772261295006,-5.8568560708786706
2025,Oviedo,Resto de España,18-25,Agriculture,1,43.35920757213866,-5.829962249849341
2025,Oviedo,Resto de España,18-25,Construction,1,43.34276293504298,-5.843156262775464
2025,Oviedo,Resto de España,18-25,Industry,2,43.35070149779857,-5.841082775789943
2025,Oviedo,Resto de España,18-25,Unemployed/Seeking,1,43.343782019107294,-5.847738548406069
2025,Oviedo,Resto de España,26-35,Services,1,43.35423690720062,-5.835356104167184
2025,Oviedo,Resto de España,26-35,Agriculture,2,43.3501703064698,-5.838634566316774
2025,Oviedo,Resto de España,26-35,Construction,3,43.375965456866275,-5.8522255359708275
2025,Oviedo,Resto de España,26-35,Industry,2,43.36932317027121,-5.8528106950490235
2025,Oviedo,Resto de España,26-35,Unemployed/Seeking,2,43.37109629763549,-5.8606008911453955
2025,Oviedo,Resto de España,36-50,Services,2,43.34259337396926,-5.8625051295982065
2025,Oviedo,Resto de España,36-50,Agriculture,1,43.34357125662483,-5.832125995568478
2025,Oviedo,Resto de España,36-50,Construction,2,43.34908028004647,-5.83344172752471
2025,Oviedo,Resto de España,36-50,Industry,1,43.355456083359485,-5.84552767410161
2025,Oviedo,Resto de España,36-50,Unemployed/Seeking,2,43.365377636172035,-5.833687874091461
2025,Oviedo,Resto de España,51-65,Services,2,43.34408376378606,-5.836281905000582
2025,Oviedo,Resto de España,51-65,Agriculture,2,43.37011872315924,-5.84517976045843
2025,Oviedo,Resto de España,51-65,Construction,2,43.37348483169489,-5.838338951268873
2025,Oviedo,Resto de España,51-65,Industry,1,43.34477219731708,-5.840781068252761
2025,Oviedo,Resto de España,51-65,Unemployed/Seeking,2,43.34651339814311,-5.841588327840732
2025,Oviedo,Resto de España,65+,Services,1,43.37306001521376,-5.831512053984826
2025,Oviedo,Resto de España,65+,Agriculture,2,43.377443540093545,-5.842008248185423
2025,Oviedo,Resto de España,65+,Construction,2,43.37209355707247,-5.860776622485154
2025,Oviedo,Resto de España,65+,Industry,1,43.341717288418245,-5.838110913545819
2025,Oviedo,Resto de España,65+,Unemployed/Seeking,1,43.354684616207706,-5.84994871704991
2025,Oviedo,Otros,18-25,Services,2,43.349660076134455,-5.866069178418543
2025,Oviedo,Otros,18-25,Agriculture,2,43.37727519291361,-5.866314874184627
2025,Oviedo,Otros,18-25,Construction,1,43.37397483866876,-5.830175798781989
2025,Oviedo,Otros,18-25,Industry,1,43.34849340237688,-5.854871634953434
2025,Oviedo,Otros,18-25,Unemployed/Seeking,1,43.37820549772101,-5.855259583679356
2025,Oviedo,Otros,26-35,Services,1,43.36815506075138,-5.857502639762614
2025,Oviedo,Otros,26-35,Agriculture,1,43.365070772746,-5.86916001788989
2025,Oviedo,Otros,26-35,Construction,1,43.37063284914315,-5.834037513059488
2025,Oviedo,Otros,26-35,Industry,1,43.36821608295344,-5.841416690080648
2025,Oviedo,Otros,26-35,Unemployed/Seeking,1,43.34482934507473,-5.846058726024199
2025,Oviedo,Otros,36-50,Services,3,43.343101260392714,-5.842341877959544
2025,Oviedo,Otros,36-50,Agriculture,3,43.35187813368718,-5.8582491391026075
2025,Oviedo,Otros,36-50,Construction,2,43.356074551841125,-5.833230042463439
2025,Oviedo,Otros,36-50,Industry,2,43.34653121624449,-5.839296807780304
2025,Oviedo,Otros,36-50,Unemployed/Seeking,1,43.36751894423357,-5.856219524879857
2025,Oviedo,Otros,51-65,Services,2,43.355224438213945,-5.86226864396968
2025,Oviedo,Otros,51-65,Agriculture,2,43.35878842553414,-5.83683429452079
2025,Oviedo,Otros,51-65,Construction,1,43.36636139986295,-5.832766487177094
2025,Oviedo,Otros,51-65,Industry,2,43.345659544967496,-5.850544125313801
2025,Oviedo,Otros,51-65,Unemployed/Seeking,2,43.343266291240795,-5.839754640381529
2025,Oviedo,Otros,65+,Services,1,43.34819597544703,-5.868642345832024
2025,Oviedo,Otros,65+,Agriculture,2,43.35452097246766,-5.836220317950865
2025,Oviedo,Otros,65+,Construction,2,43.35155820584528,-5.852555441774648
2025,Oviedo,Otros,65+,Industry,2,43.38008953229733,-5.835115858308653
2025,Oviedo,Otros,65+,Unemployed/Seeking,2,43.34208206704908,-5.848182772429415
2025,Gijón,Rumanía,18-25,Services,3,43.52571926180435,-5.644074940120201
2025,Gijón,Rumanía,18-25,Agriculture,5,43.522164600171266,-5.66790220903795
2025,Gijón,Rumanía,18-25,Construction,6,43.51867656845664,-5.661502608640791
2025,Gijón,Rumanía,18-25,Industry,4,43.53649879232313,-5.679233812277334
2025,Gijón,Rumanía,18-25,Unemployed/Seeking,3,43.520527666837786,-5.675404460341281
2025,Gijón,Rumanía,26-35,Services,3,43.54344479092074,-5.667214373842662
2025,Gijón,Rumanía,26-35,Agriculture,7,43.54662773172472,-5.674484908402275
2025,Gijón,Rumanía,26-35,Construction,3,43.54824830428923,-5.659132671329061
2025,Gijón,Rumanía,26-35,Industry,3,43.551328376608836,-5.6574228940444495
2025,Gijón,Rumanía,26-35,Unemployed/Seeking,3,43.551005162353256,-5.6798113813597375
2025,Gijón,Rumanía,36-50,Services,3,43.54133989999169,-5.6810923857371
2025,Gijón,Rumanía,36-50,Agriculture,5,43.53466431787424,-5.643497278396251
2025,Gijón,Rumanía,36-50,Construction,7,43.526695745937275,-5.677791262291872
2025,Gijón,Rumanía,36-50,Industry,2,43.53661841609927,-5.680985986916991
2025,Gijón,Rumanía,36-50,Unemployed/Seeking,4,43.55135190591739,-5.649888629313518
2025,Gijón,Rumanía,51-65,Services,4,43.54013646946971,-5.650721394958974
2025,Gijón,Rumanía,51-65,Agriculture,2,43.543467947517186,-5.66545290345115
2025,Gijón,Rumanía,51-65,Construction,6,43.51440339831237,-5.660405873502655
2025,Gijón,Rumanía,51-65,Industry,3,43.54980669251581,-5.671959339925237
2025,Gijón,Rumanía,51-65,Unemployed/Seeking,1,43.518751747471036,-5.66041516298127
2025,Gijón,Rumanía,65+,Services,4,43.54218680768849,-5.662464767516528
2025,Gijón,Rumanía,65+,Agriculture,2,43.54887084909706,-5.670765881750069
2025,Gijón,Rumanía,65+,Construction,2,43.5316533876252,-5.657317982603546
2025,Gijón,Rumanía,65+,Industry,3,43.539611783052464,-5.6647379053996225
2025,Gijón,Rumanía,65+,Unemployed/Seeking,3,43.52734885063703,-5.651730825509025
2025,Gijón,Marruecos,18-25,Services,2,43.52140386859785,-5.679185320822293
2025,Gijón,Marruecos,18-25,Agriculture,3,43.55209874094764,-5.675468207302958
2025,Gijón,Marruecos,18-25,Construction,4,43.54957016782549,-5.646593634290156
2025,Gijón,Marruecos,18-25,Industry,4,43.54621092934934,-5.658338099868817
2025,Gijón,Marruecos,18-25,Unemployed/Seeking,4,43.54269457914227,-5.654564404561142
2025,Gijón,Marruecos,26-35,Services,4,43.5383350810951,-5.676270166098677
2025,Gijón,Marruecos,26-35,Agriculture,2,43.54392968206311,-5.658277123657588
2025,Gijón,Marruecos,26-35,Construction,5,43.52919444758704,-5.6790194961201825
2025,Gijón,Marruecos,26-35,Industry,3,43.52749243290499,-5.679797059569204
2025,Gijón,Marruecos,26-35,Unemployed/Seeking,5,43.550779736083896,-5.673939862778834
2025,Gijón,Marruecos,36-50,Services,2,43.534386700605786,-5.666590172161583
2025,Gijón,Marruecos,36-50,Agriculture,5,43.54406228030874,-5.673353147624427
2025,Gijón,Marruecos,36-50,Construction,4,43.51706595649861,-5.678494556422285
2025,Gijón,Marruecos,36-50,Industry,2,43.52752768832064,-5.645375432490547
2025,Gijón,Marruecos,36-50,Unemployed/Seeking,2,43.52066901508584,-5.642129795707624
2025,Gijón,Marruecos,51-65,Services,3,43.51292348302107,-5.649925381029992
2025,Gijón,Marruecos,51-65,Agriculture,2,43.5515663039952,-5.667686356751164
2025,Gijón,Marruecos,51-65,Construction,3,43.52298595493479,-5.645852730660042
2025,Gijón,Marruecos,51-65,Industry,2,43.533448916546234,-5.646076125651736
2025,Gijón,Marruecos,51-65,Unemployed/Seeking,4,43.515480035797104,-5.654331497300959
2025,Gijón,Marruecos,65+,Services,2,43.51679747627619,-5.662423854351421
2025,Gijón,Marruecos,65+,Agriculture,4,43.55034413773157,-5.6796704559846924
2025,Gijón,Marruecos,65+,Construction,4,43.52130719113211,-5.660192498598437
2025,Gijón,Marruecos,65+,Industry,4,43.53488294927609,-5.677568589863751
2025,Gijón,Marruecos,65+,Unemployed/Seeking,4,43.512772176418174,-5.669667914914364
2025,Gijón,Colombia,18-25,Services,5,43.526293530704734,-5.671483341626211
2025,Gijón,Colombia,18-25,Agriculture,4,43.53905673935695,-5.6780447407939
2025,Gijón,Colombia,18-25,Construction,4,43.55195053174805,-5.659837630621708
2025,Gijón,Colombia,18-25,Industry,4,43.53024876918634,-5.652359117428695
2025,Gijón,Colombia,18-25,Unemployed/Seeking,4,43.53794570179499,-5.656831519479186
2025,Gijón,Colombia,26-35,Services,5,43.53755979889186,-5.6631459208532675
2025,Gijón,Colombia,26-35,Agriculture,2,43.53057112051307,-5.659863614722922
2025,Gijón,Colombia,26-35,Construction,2,43.53991649708377,-5.665434102033677
2025,Gijón,Colombia,26-35,Industry,3,43.52252879786946,-5.65398831718357
2025,Gijón,Colombia,26-35,Unemployed/Seeking,3,43.548222068019285,-5.67561642996237
2025,Gijón,Colombia,36-50,Services,6,43.52661290947199,-5.662943298523148
2025,Gijón,Colombia,36-50,Agriculture,5,43.52251996700362,-5.643096870027729
2025,Gijón,Colombia,36-50,Construction,4,43.5419600925623,-5.656220683257767
2025,Gijón,Colombia,36-50,Industry,5,43.51504622915817,-5.647024392534602
2025,Gijón,Colombia,36-50,Unemployed/Seeking,4,43.54206671937596,-5.67240307972307
2025,Gijón,Colombia,51-65,Services,5,43.53937341546836,-5.679999812318949
2025,Gijón,Colombia,51-65,Agriculture,4,43.54133780383739,-5.6701288148066356
2025,Gijón,Colombia,51-65,Construction,4,43.51871726665527,-5.654150365920953
2025,Gijón,Colombia,51-65,Industry,3,43.53637915529329,-5.656439380138656
2025,Gijón,Colombia,51-65,Unemployed/Seeking,3,43.529880458803326,-5.66514094067907
2025,Gijón,Colombia,65+,Services,3,43.5437497931933,-5.666311352404769
2025,Gijón,Colombia,65+,Agriculture,4,43.528872404658046,-5.654312690557874
2025,Gijón,Colombia,65+,Construction,3,43.537929870160994,-5.6620500073131765
2025,Gijón,Colombia,65+,Industry,3,43.52425483940841,-5.66476500568571
2025,Gijón,Colombia,65+,Unemployed/Seeking,3,43.53455027679104,-5.663130066587633
2025,Gijón,Venezuela,18-25,Services,4,43.54371135794624,-5.664555229469822
2025,Gijón,Venezuela,18-25,Agriculture,4,43.531404674975384,-5.6698365001751
2025,Gijón,Venezuela,18-25,Construction,3,43.538716778382344,-5.673109406732475
2025,Gijón,Venezuela,18-25,Industry,4,43.54929774369126,-5.65966626059093
2025,Gijón,Venezuela,18-25,Unemployed/Seeking,4,43.5201440388723,-5.650956867505282
2025,Gijón,Venezuela,26-35,Services,5,43.53456168329817,-5.650799055485439
2025,Gijón,Venezuela,26-35,Agriculture,3,43.54979434753784,-5.67436731399194
2025,Gijón,Venezuela,26-35,Construction,3,43.542817948541426,-5.653684376491338
2025,Gijón,Venezuela,26-35,Industry,2,43.53964778103696,-5.673179096255758
2025,Gijón,Venezuela,26-35,Unemployed/Seeking,2,43.54347455164776,-5.65577764091453
2025,Gijón,Venezuela,36-50,Services,6,43.55014292712676,-5.644072953876086
2025,Gijón,Venezuela,36-50,Agriculture,3,43.522620710482315,-5.67949696333513
2025,Gijón,Venezuela,36-50,Construction,5,43.521036994431604,-5.679195118089457
2025,Gijón,Venezuela,36-50,Industry,4,43.53934377063399,-5.668667052098134
2025,Gijón,Venezuela,36-50,Unemployed/Seeking,2,43.5180019772383,-5.646107727594587
2025,Gijón,Venezuela,51-65,Services,3,43.53188359008559,-5.652892315161268
2025,Gijón,Venezuela,51-65,Agriculture,2,43.5289524824052,-5.653253255223009
2025,Gijón,Venezuela,51-65,Construction,3,43.528695700147445,-5.650645870858421
2025,Gijón,Venezuela,51-65,Industry,4,43.551508607211304,-5.648561333465274
2025,Gijón,Venezuela,51-65,Unemployed/Seeking,4,43.52572308844152,-5.677946003531222
2025,Gijón,Venezuela,65+,Services,5,43.534390127972905,-5.665371275691356
2025,Gijón,Venezuela,65+,Agriculture,3,43.53836974267537,-5.67809422554597
2025,Gijón,Venezuela,65+,Construction,2,43.54496821558607,-5.679998125362353
2025,Gijón,Venezuela,65+,Industry,3,43.53563796416069,-5.671737670574952
2025,Gijón,Venezuela,65+,Unemployed/Seeking,4,43.54644548229709,-5.660940907580364
2025,Gijón,Resto de España,18-25,Services,1,43.53300949080331,-5.673066647985247
2025,Gijón,Resto de España,18-25,Agriculture,3,43.522550663333014,-5.66864586441185
2025,Gijón,Resto de España,18-25,Construction,3,43.51794038910603,-5.661544443082397
2025,Gijón,Resto de España,18-25,Industry,1,43.54964601885881,-5.673520529477536
2025,Gijón,Resto de España,18-25,Unemployed/Seeking,2,43.53857973085811,-5.657217064269573
2025,Gijón,Resto de España,26-35,Services,2,43.538889202963276,-5.657495949850355
2025,Gijón,Resto de España,26-35,Agriculture,4,43.54291834310906,-5.65418029119424
2025,Gijón,Resto de España,26-35,Construction,4,43.52134350018452,-5.677942364057582
2025,Gijón,Resto de España,26-35,Industry,3,43.51317538814651,-5.659465181176942
2025,Gijón,Resto de España,26-35,Unemployed/Seeking,4,43.526853408067794,-5.644490820373843
2025,Gijón,Resto de España,36-50,Services,4,43.5258926786459,-5.669647921734528
2025,Gijón,Resto de España,36-50,Agriculture,4,43.51958470296834,-5.678186548198577
2025,Gijón,Resto de España,36-50,Construction,5,43.52991612911612,-5.641558397049383
2025,Gijón,Resto de España,36-50,Industry,2,43.52499758657897,-5.648369228467056
2025,Gijón,Resto de España,36-50,Unemployed/Seeking,2,43.527565704382546,-5.678120385590117
2025,Gijón,Resto de España,51-65,Services,2,43.51485810198621,-5.664219831644837
2025,Gijón,Resto de España,51-65,Agriculture,2,43.5406917619185,-5.67237510933242
2025,Gijón,Resto de España,51-65,Construction,2,43.543271977744425,-5.671207190757837
2025,Gijón,Resto de España,51-65,Industry,3,43.51681728935337,-5.660922202219182
2025,Gijón,Resto de España,51-65,Unemployed/Seeking,4,43.532537700119505,-5.661696693058604
2025,Gijón,Resto de España,65+,Services,2,43.55142311028789,-5.665669594618614
2025,Gijón,Resto de España,65+,Agriculture,3,43.525143589312165,-5.6665079059878565
2025,Gijón,Resto de España,65+,Construction,1,43.54006114225618,-5.643446663577601
2025,Gijón,Resto de España,65+,Industry,2,43.54329702298909,-5.65359012732619
2025,Gijón,Resto de España,65+,Unemployed/Seeking,1,43.5458562872392,-5.676229762991996
2025,Gijón,Otros,18-25,Services,3,43.52943233887986,-5.6759566809379285
2025,Gijón,Otros,18-25,Agriculture,2,43.53246392456467,-5.673909152249247
2025,Gijón,Otros,18-25,Construction,2,43.51891393533156,-5.660723257902371
2025,Gijón,Otros,18-25,Industry,3,43.54971970637792,-5.662101900445574
2025,Gijón,Otros,18-25,Unemployed/Seeking,3,43.51721815211055,-5.659365137569398
2025,Gijón,Otros,26-35,Services,3,43.54993243208102,-5.676150463487993
2025,Gijón,Otros,26-35,Agriculture,2,43.541720824100196,-5.64276221745336
2025,Gijón,Otros,26-35,Construction,5,43.550489438721236,-5.677778744513731
2025,Gijón,Otros,26-35,Industry,5,43.5395748373761,-5.649369000259123
2025,Gijón,Otros,26-35,Unemployed/Seeking,2,43.54331582039046,-5.663605590819416
2025,Gijón,Otros,36-50,Services,5,43.54192962728413,-5.667480513295215
2025,Gijón,Otros,36-50,Agriculture,3,43.54795860030136,-5.66513775042013
2025,Gijón,Otros,36-50,Construction,5,43.53866009173907,-5.644459062193961
2025,Gijón,Otros,36-50,Industry,4,43.52775224904812,-5.6772322302951475
2025,Gijón,Otros,36-50,Unemployed/Seeking,5,43.550681573576405,-5.65436101585309
2025,Gijón,Otros,51-65,Services,2,43.52375489292401,-5.6682990971841685
2025,Gijón,Otros,51-65,Agriculture,4,43.53813492533017,-5.645864063203853
2025,Gijón,Otros,51-65,Construction,4,43.5165177659718,-5.650335785110597
2025,Gijón,Otros,51-65,Industry,2,43.51881502114861,-5.652561241221044
2025,Gijón,Otros,51-65,Unemployed/Seeking,2,43.51584718962298,-5.67420099174869
2025,Gijón,Otros,65+,Services,4,43.5451012292645,-5.6714419116681585
2025,Gijón,Otros,65+,Agriculture,3,43.54635201462199,-5.670468198291271
2025,Gijón,Otros,65+,Construction,1,43.531580790327666,-5.649420759594224
2025,Gijón,Otros,65+,Industry,3,43.51250127689001,-5.67924999015063
2025,Gijón,Otros,65+,Unemployed/Seeking,4,43.54678829916321,-5.66643643404831
